Audio_UMAP_X,Audio_UMAP_Y,Audio_UMAP_Z,Volume,Pitch
1.317467117309570312e+01,1.247789669036865234e+01,2.161093950271606445e+00,1.062081355485133827e-04,8.367473494881949136e+01
1.315962028503417969e+01,1.246116733551025391e+01,2.160895347595214844e+00,3.377984685357660055e-04,1.131933819517206814e+02
1.307906150817871094e+01,1.237871551513671875e+01,2.159596920013427734e+00,5.230538081377744675e-04,2.246790887100127634e+02
1.235210895538330078e+01,1.186268329620361328e+01,2.041926145553588867e+00,7.082207594066858292e-04,1.098888806205358009e+02
1.228077411651611328e+01,1.180980300903320312e+01,2.034338235855102539e+00,8.738620090298354626e-04,1.109036301504973920e+02
1.226735687255859375e+01,1.179393959045410156e+01,2.038092613220214844e+00,9.033284150063991547e-04,1.117473703821439273e+02
1.225487422943115234e+01,1.178157997131347656e+01,2.030529737472534180e+00,1.082257251255214214e-03,6.616213666007804761e+01
1.225642776489257812e+01,1.178663921356201172e+01,2.031746387481689453e+00,1.043644966557621956e-03,6.718359710099107929e+01
1.225074768066406250e+01,1.177336215972900391e+01,2.036380052566528320e+00,1.637624693103134632e-03,1.152531451212374378e+02
1.224342250823974609e+01,1.177204608917236328e+01,2.030316352844238281e+00,2.445825375616550446e-03,2.379493324127433311e+02
1.221413230895996094e+01,1.172346687316894531e+01,2.039280176162719727e+00,3.406395902857184410e-03,2.451748623976568240e+02
1.217446708679199219e+01,1.165791034698486328e+01,2.035453796386718750e+00,3.741610096767544746e-03,2.533783046306234894e+02
1.214587306976318359e+01,1.158539390563964844e+01,2.063463926315307617e+00,3.718839259818196297e-03,2.551126288505543016e+02
1.208955383300781250e+01,1.138602924346923828e+01,2.191186904907226562e+00,3.298676805570721626e-03,2.066807659982277698e+02
1.203965568542480469e+01,1.104362678527832031e+01,2.462161064147949219e+00,3.444311907514929771e-03,3.156205101828994657e+02
1.198960876464843750e+01,1.083009719848632812e+01,2.648502111434936523e+00,3.680137218907475471e-03,2.297558450693050531e+02
1.194967269897460938e+01,1.071264457702636719e+01,2.811485528945922852e+00,3.740322077646851540e-03,2.280156500885038611e+02
1.193420410156250000e+01,1.068727016448974609e+01,2.830912351608276367e+00,4.186336882412433624e-03,2.300873594682370253e+02
1.189169025421142578e+01,1.061580467224121094e+01,2.819957733154296875e+00,3.566260915249586105e-03,1.102758224418185904e+02
1.181264019012451172e+01,1.030363178253173828e+01,2.837467432022094727e+00,3.596346126869320869e-03,2.301572107270029051e+02
9.358598709106445312e+00,1.104020214080810547e+01,5.030148506164550781e+00,3.641968360170722008e-03,2.451267997773203433e+02
9.276812553405761719e+00,1.105601501464843750e+01,5.120595455169677734e+00,3.645203076303005219e-03,1.163615252446247297e+02
9.266333580017089844e+00,1.105137443542480469e+01,5.120008468627929688e+00,4.968430381268262863e-03,2.552536165466458442e+02
9.232937812805175781e+00,1.104470252990722656e+01,5.145401000976562500e+00,5.038115661591291428e-03,2.586500883680776610e+02
9.207264900207519531e+00,1.101919555664062500e+01,5.205565452575683594e+00,7.032974623143672943e-03,2.617503445747183264e+02
9.217503547668457031e+00,1.104048728942871094e+01,5.203827381134033203e+00,7.586819119751453400e-03,2.563807279851100702e+02
9.229493141174316406e+00,1.106612968444824219e+01,5.251298427581787109e+00,6.930501665920019150e-03,2.441081498264724701e+02
9.225722312927246094e+00,1.103562736511230469e+01,5.190698146820068359e+00,7.077688816934823990e-03,2.444342532727860657e+02
9.234510421752929688e+00,1.104021072387695312e+01,5.180202960968017578e+00,5.375463049858808517e-03,2.488766176071555378e+02
9.217423439025878906e+00,1.102033138275146484e+01,5.305065155029296875e+00,4.802068695425987244e-03,2.758155911851686710e+02
9.233533859252929688e+00,1.102009391784667969e+01,5.281651496887207031e+00,6.381836719810962677e-03,2.750974003277229940e+02
9.242963790893554688e+00,1.098003101348876953e+01,5.398092269897460938e+00,6.909387186169624329e-03,3.047602322824802172e+02
9.235570907592773438e+00,1.098365783691406250e+01,5.433645248413085938e+00,7.375986780971288681e-03,3.155154020971297086e+02
9.233570098876953125e+00,1.098205471038818359e+01,5.435935497283935547e+00,8.035946637392044067e-03,2.393496725586545608e+02
9.233195304870605469e+00,1.096116924285888672e+01,5.463980674743652344e+00,7.822551764547824860e-03,2.309235079019637737e+02
9.283796310424804688e+00,1.091727638244628906e+01,5.616291046142578125e+00,7.697279099375009537e-03,2.126729780258888240e+02
9.338992118835449219e+00,1.083779144287109375e+01,5.948446750640869141e+00,8.162123151123523712e-03,2.140689668735318207e+02
9.353470802307128906e+00,1.081799316406250000e+01,5.988604545593261719e+00,9.640723466873168945e-03,2.169668284989157314e+02
9.353327751159667969e+00,1.081626510620117188e+01,6.004803180694580078e+00,1.009060442447662354e-02,2.200412497446210978e+02
9.338269233703613281e+00,1.083593750000000000e+01,5.969570159912109375e+00,1.032164413481950760e-02,2.280364577945251199e+02
9.333414077758789062e+00,1.083587455749511719e+01,5.949148654937744141e+00,1.071771048009395599e-02,2.251789139498988845e+02
9.384966850280761719e+00,1.077540493011474609e+01,5.994286060333251953e+00,9.575457312166690826e-03,2.269477592536667601e+02
9.457977294921875000e+00,1.068427467346191406e+01,6.074961185455322266e+00,9.665042161941528320e-03,1.140859668741108379e+02
9.393638610839843750e+00,1.076238346099853516e+01,6.038861751556396484e+00,9.850077331066131592e-03,1.144500050115209291e+02
9.354748725891113281e+00,1.081763362884521484e+01,5.995250225067138672e+00,9.348550811409950256e-03,2.336240074518799759e+02
9.340922355651855469e+00,1.080274295806884766e+01,5.959239959716796875e+00,9.250408038496971130e-03,1.128717694456993428e+02
9.358801841735839844e+00,1.081394481658935547e+01,5.987879276275634766e+00,8.650966919958591461e-03,1.116183263580703056e+02
9.355321884155273438e+00,1.084713935852050781e+01,5.972623825073242188e+00,1.048020925372838974e-02,3.837888918268143925e+02
9.366473197937011719e+00,1.081128597259521484e+01,6.018542289733886719e+00,1.238443329930305481e-02,3.583293457716655439e+02
9.435128211975097656e+00,1.070236587524414062e+01,6.085525512695312500e+00,1.412888709455728531e-02,3.583409191350297647e+02
9.581464767456054688e+00,1.048652553558349609e+01,6.168510913848876953e+00,1.430957671254873276e-02,3.168128237818270350e+02
9.554805755615234375e+00,1.052057552337646484e+01,6.167111873626708984e+00,1.289412472397089005e-02,2.679866376666603287e+02
9.502736091613769531e+00,1.059785270690917969e+01,6.150246143341064453e+00,1.096264179795980453e-02,1.133186741300421119e+02
9.615447044372558594e+00,1.042728614807128906e+01,6.241536140441894531e+00,9.006564505398273468e-03,1.146243709118549106e+02
9.675836563110351562e+00,1.032018089294433594e+01,6.310973644256591797e+00,9.324438869953155518e-03,1.157030339892060766e+02
9.672898292541503906e+00,1.032530498504638672e+01,6.304754257202148438e+00,9.345940314233303070e-03,1.159750413349355398e+02
9.638002395629882812e+00,1.037777519226074219e+01,6.288439750671386719e+00,9.131941013038158417e-03,1.153157674315192196e+02
9.687835693359375000e+00,1.030335235595703125e+01,6.325412273406982422e+00,8.629144169390201569e-03,1.179278696571206950e+02
9.679186820983886719e+00,1.030920314788818359e+01,6.328842639923095703e+00,7.582944352179765701e-03,1.197690525021057510e+02
9.692153930664062500e+00,1.030143642425537109e+01,6.316735267639160156e+00,7.933509536087512970e-03,3.787588969889769714e+02
9.695408821105957031e+00,1.028968906402587891e+01,6.326624393463134766e+00,9.173369035124778748e-03,2.100350064755994026e+02
9.718310356140136719e+00,1.026161956787109375e+01,6.349406719207763672e+00,1.001826860010623932e-02,7.349164168821997123e+01
9.709781646728515625e+00,1.027407169342041016e+01,6.329643249511718750e+00,1.032072864472866058e-02,7.248446780874584761e+01
9.689844131469726562e+00,1.029648494720458984e+01,6.333349704742431641e+00,1.012132596224546432e-02,7.179040991485899781e+01
9.766349792480468750e+00,1.019368457794189453e+01,6.300203800201416016e+00,9.036725386977195740e-03,6.523668639053254026e+01
9.800197601318359375e+00,1.016305637359619141e+01,6.274934768676757812e+00,7.860695011913776398e-03,1.149766626432169119e+02
9.742329597473144531e+00,1.020123100280761719e+01,6.290330410003662109e+00,7.648713421076536179e-03,1.181496222415526631e+02
9.713998794555664062e+00,1.026588535308837891e+01,6.268134117126464844e+00,7.862912490963935852e-03,1.140924129420117339e+02
9.751397132873535156e+00,1.019710540771484375e+01,6.231469631195068359e+00,7.592453155666589737e-03,1.137963521661298927e+02
9.914890289306640625e+00,9.791166305541992188e+00,6.186506271362304688e+00,7.778618950396776199e-03,1.222861371685192324e+02
9.898592948913574219e+00,9.765937805175781250e+00,6.170513629913330078e+00,7.641300093382596970e-03,1.142484067645448960e+02
9.841511726379394531e+00,9.758389472961425781e+00,6.133675098419189453e+00,6.849328055977821350e-03,1.144692355762566791e+02
9.758371353149414062e+00,9.458955764770507812e+00,6.182537078857421875e+00,7.073098327964544296e-03,1.137442826304206704e+02
9.651448249816894531e+00,9.244442939758300781e+00,6.214579105377197266e+00,7.917646318674087524e-03,1.133030846528421449e+02
9.699175834655761719e+00,9.223483085632324219e+00,6.173772811889648438e+00,8.314933627843856812e-03,1.149841033716562180e+02
9.646025657653808594e+00,9.219328880310058594e+00,6.212491989135742188e+00,1.006714254617691040e-02,1.156434987300517463e+02
9.639570236206054688e+00,9.224447250366210938e+00,6.195186614990234375e+00,1.000417675822973251e-02,1.159523275189240366e+02
9.631851196289062500e+00,9.205992698669433594e+00,6.207639217376708984e+00,9.516243822872638702e-03,1.153013361295569439e+02
9.653938293457031250e+00,9.242503166198730469e+00,6.198770046234130859e+00,9.469770826399326324e-03,1.160324694981234330e+02
9.713504791259765625e+00,9.427196502685546875e+00,6.155046463012695312e+00,7.312951143831014633e-03,1.135625420399482124e+02
9.657600402832031250e+00,9.282745361328125000e+00,6.214831829071044922e+00,7.520006038248538971e-03,1.137802391419080692e+02
9.642765045166015625e+00,9.240864753723144531e+00,6.219143867492675781e+00,7.645080797374248505e-03,1.137253577758021379e+02
9.622503280639648438e+00,9.181386947631835938e+00,6.196651935577392578e+00,7.296242285519838333e-03,1.167969277160656958e+02
9.658696174621582031e+00,9.161977767944335938e+00,6.158640384674072266e+00,7.998432032763957977e-03,1.167831513287598995e+02
9.643951416015625000e+00,9.177577018737792969e+00,6.180786132812500000e+00,8.467773906886577606e-03,1.166138543955076727e+02
9.635850906372070312e+00,9.190054893493652344e+00,6.193108558654785156e+00,8.915264159440994263e-03,1.190636528365353399e+02
9.620458602905273438e+00,9.125967979431152344e+00,6.156660079956054688e+00,9.336019866168498993e-03,1.210863296727985272e+02
9.662775039672851562e+00,7.012699127197265625e+00,4.099696636199951172e+00,1.194555312395095825e-02,1.231613910209931220e+02
8.253124237060546875e+00,4.402245998382568359e+00,2.899303197860717773e+00,3.470145165920257568e-02,1.861517315054494702e+03
3.137533426284790039e+00,2.157751798629760742e+00,6.827590465545654297e+00,1.248092055320739746e-01,1.701765090295191385e+03
7.238824844360351562e+00,5.052115321159362793e-01,5.666412711143493652e-01,1.970507055521011353e-01,1.623805321327078218e+03
7.718142986297607422e+00,-1.402899980545043945e+00,2.741046547889709473e-01,2.043006718158721924e-01,1.613851979598272465e+03
8.798230171203613281e+00,-2.319349527359008789e+00,7.637368440628051758e-01,2.016646414995193481e-01,1.612622160790640237e+03
9.081389427185058594e+00,-2.167248725891113281e+00,9.673232436180114746e-01,1.621067225933074951e-01,1.577055381884222015e+03
9.739831924438476562e+00,6.997067451477050781e+00,3.888359308242797852e+00,5.564002320170402527e-02,9.148316101736885457e+02
-2.051472961902618408e-01,4.620048522949218750e+00,3.748785734176635742e+00,4.366466775536537170e-02,1.161138556146449901e+03
-9.850014448165893555e-01,5.302254676818847656e+00,3.228877067565917969e+00,8.569860458374023438e-02,1.850791520253138515e+03
-2.022151231765747070e+00,5.682550430297851562e+00,3.540958642959594727e+00,1.329720765352249146e-01,1.804860832859378661e+03
-1.840816020965576172e+00,5.559138774871826172e+00,3.468762159347534180e+00,1.713462322950363159e-01,8.837236435188160613e+02
-3.985184729099273682e-01,3.956719875335693359e+00,4.268072605133056641e+00,1.912926733493804932e-01,1.005276958572011040e+03
-3.301333487033843994e-01,3.915136814117431641e+00,4.319831848144531250e+00,1.990164369344711304e-01,1.002031634461349881e+03
3.132925748825073242e+00,2.189784288406372070e+00,6.920901298522949219e+00,2.259180396795272827e-01,1.163039482789942440e+03
4.275007724761962891e+00,2.003834962844848633e+00,7.637270450592041016e+00,2.268439978361129761e-01,2.205000000000000000e+03
5.767920017242431641e+00,2.154905796051025391e+00,8.230147361755371094e+00,2.236851304769515991e-01,2.205000000000000000e+03
7.047202110290527344e+00,3.154048204421997070e+00,7.668697357177734375e+00,2.057487070560455322e-01,2.205000000000000000e+03
7.666347980499267578e+00,4.060531139373779297e+00,7.466843605041503906e+00,1.434585899114608765e-01,2.062007890312862855e+03
8.138425827026367188e+00,4.403086662292480469e+00,6.977573394775390625e+00,9.178603440523147583e-02,2.016897454953660599e+03
9.318426132202148438e+00,5.817554950714111328e+00,3.840748786926269531e+00,2.897139452397823334e-02,2.004700566699657429e+03
8.680658340454101562e+00,4.923169612884521484e+00,3.382360219955444336e+00,1.713829301297664642e-02,1.728479251202181104e+03
7.549842834472656250e+00,3.931354761123657227e+00,2.490968465805053711e+00,6.332291662693023682e-02,1.447439420078458397e+03
7.362513065338134766e+00,2.437244415283203125e+00,1.665799260139465332e+00,1.757074743509292603e-01,1.778533728754017602e+03
7.099411010742187500e+00,1.379218220710754395e+00,9.260959029197692871e-01,2.590631544589996338e-01,1.699509375891732134e+03
7.550722122192382812e+00,-9.967610239982604980e-01,2.616679668426513672e-01,3.257147073745727539e-01,1.648012588750874329e+03
8.630688667297363281e+00,-2.223884582519531250e+00,5.183196067810058594e-01,3.268100321292877197e-01,1.641242982937006900e+03
8.877142906188964844e+00,-2.335170507431030273e+00,8.075250983238220215e-01,2.827096283435821533e-01,1.601863748222669074e+03
9.059481620788574219e+00,-2.244135618209838867e+00,9.144833683967590332e-01,2.090122550725936890e-01,1.572829425782557792e+03
9.301555633544921875e+00,6.104785919189453125e+00,3.801675558090209961e+00,7.074080407619476318e-02,1.152829337605355477e+03
-4.547476172447204590e-01,4.864420890808105469e+00,3.666480064392089844e+00,7.420405000448226929e-02,2.015724766379517405e+03
-1.461379528045654297e+00,5.438594818115234375e+00,3.380593776702880859e+00,1.080836206674575806e-01,1.038913819614657768e+03
-2.022522211074829102e+00,5.677565574645996094e+00,3.481149196624755859e+00,1.510602235794067383e-01,6.473523395078118483e+02
-1.496546149253845215e+00,5.383938312530517578e+00,3.437975168228149414e+00,1.847769021987915039e-01,8.855006827066499682e+02
-2.784914970397949219e-01,4.007162570953369141e+00,4.244427204132080078e+00,1.975802034139633179e-01,8.829982128409803863e+02
1.837526679039001465e+00,2.946918010711669922e+00,5.867644786834716797e+00,2.222318947315216064e-01,1.165745185529796117e+03
3.140501976013183594e+00,2.205224514007568359e+00,6.947247028350830078e+00,2.856288850307464600e-01,1.162528758339879687e+03
4.356273651123046875e+00,1.977710127830505371e+00,7.690157413482666016e+00,3.113946318626403809e-01,2.205000000000000000e+03
5.751492977142333984e+00,2.150431156158447266e+00,8.231885910034179688e+00,3.150361180305480957e-01,2.205000000000000000e+03
7.006346702575683594e+00,3.103552341461181641e+00,7.676216125488281250e+00,2.882232666015625000e-01,2.205000000000000000e+03
7.458132266998291016e+00,3.737468242645263672e+00,7.482407569885253906e+00,1.993503421545028687e-01,1.390338541495665822e+03
7.887396335601806641e+00,3.944820404052734375e+00,7.118935585021972656e+00,1.119404956698417664e-01,2.049851057969898193e+03
8.944507598876953125e+00,6.313760280609130859e+00,3.663765430450439453e+00,2.015782147645950317e-02,2.205000000000000000e+03
8.727131843566894531e+00,5.031135559082031250e+00,3.476625919342041016e+00,2.528530359268188477e-02,2.338725945519471452e+02
7.487143516540527344e+00,3.870437860488891602e+00,2.432047367095947266e+00,5.807981267571449280e-02,2.057462815027108718e+03
7.378385066986083984e+00,2.590724945068359375e+00,1.752423763275146484e+00,1.905076950788497925e-01,1.822334870330518015e+03
6.910619258880615234e+00,1.625578641891479492e+00,9.494004249572753906e-01,2.947535216808319092e-01,1.730361193506410018e+03
7.199954509735107422e+00,-6.293790787458419800e-02,2.292048037052154541e-01,3.753526210784912109e-01,1.682533676119539678e+03
7.819913387298583984e+00,-1.478689312934875488e+00,3.723534047603607178e-01,3.977207541465759277e-01,1.667648759824174931e+03
8.321431159973144531e+00,-2.020938873291015625e+00,8.682748675346374512e-01,3.539507091045379639e-01,1.226177921008596059e+03
8.524844169616699219e+00,-1.805137753486633301e+00,1.017811655998229980e+00,2.733325064182281494e-01,1.596588356743151735e+03
8.723336219787597656e+00,-1.476066589355468750e+00,1.191715955734252930e+00,1.418482363224029541e-01,1.563922700888770578e+03
8.607668876647949219e+00,6.166724681854248047e+00,3.567505121231079102e+00,3.429545089602470398e-02,1.726408083500579096e+03
-6.065496206283569336e-01,5.195178508758544922e+00,3.595019578933715820e+00,9.455465525388717651e-02,1.870477165826690225e+03
-1.750577688217163086e+00,5.634369373321533203e+00,4.012829780578613281e+00,1.421615183353424072e-01,1.821776438010658012e+03
-1.735626816749572754e+00,5.646816253662109375e+00,4.098585128784179688e+00,1.895702779293060303e-01,7.119231185167999456e+02
-2.495223283767700195e-01,4.464812278747558594e+00,4.010067939758300781e+00,2.201712876558303833e-01,7.878521615020086983e+02
1.644879460334777832e+00,3.147814989089965820e+00,5.637566089630126953e+00,2.238970547914505005e-01,8.830410117828591865e+02
2.840565443038940430e+00,2.378111600875854492e+00,6.703215599060058594e+00,2.773262858390808105e-01,7.857928723893228380e+02
3.973794698715209961e+00,2.042239665985107422e+00,7.474621772766113281e+00,3.014279305934906006e-01,2.205000000000000000e+03
5.392811298370361328e+00,2.095302581787109375e+00,8.110443115234375000e+00,3.035708069801330566e-01,2.205000000000000000e+03
6.644928932189941406e+00,2.809426307678222656e+00,7.836978435516357422e+00,2.956876754760742188e-01,2.205000000000000000e+03
7.589148044586181641e+00,3.924806594848632812e+00,7.513613224029541016e+00,2.221878021955490112e-01,2.205000000000000000e+03
7.730442047119140625e+00,4.100672245025634766e+00,7.441028118133544922e+00,1.402975469827651978e-01,1.389857922816361679e+03
9.615088462829589844e+00,6.817568778991699219e+00,4.111922264099121094e+00,6.894338130950927734e-02,1.383664169222995270e+03
9.633764266967773438e+00,6.748566150665283203e+00,3.976621389389038086e+00,6.871868856251239777e-03,6.523668639053254026e+01
9.632788658142089844e+00,6.848038196563720703e+00,4.030754566192626953e+00,6.515203043818473816e-03,1.218667254771862645e+02
9.635927200317382812e+00,6.931312561035156250e+00,4.075784206390380859e+00,7.242089137434959412e-03,1.189775984054736568e+02
9.705555915832519531e+00,6.987852573394775391e+00,4.016175270080566406e+00,7.330582942813634872e-03,1.159206451857107112e+02
9.680736541748046875e+00,7.004596710205078125e+00,4.115080356597900391e+00,6.878639571368694305e-03,1.151052570557743877e+02
9.733277320861816406e+00,6.993764877319335938e+00,4.169215202331542969e+00,6.820246577262878418e-03,1.152568113900750006e+02
1.237165546417236328e+01,7.402840137481689453e+00,5.220426082611083984e+00,6.117951590567827225e-03,1.180355562558342655e+02
1.244600105285644531e+01,7.415715694427490234e+00,5.216837406158447266e+00,6.515490822494029999e-03,1.161334130817013062e+02
8.604693412780761719e+00,8.168107986450195312e+00,3.961304187774658203e+00,6.942102219909429550e-03,2.205000000000000000e+03
8.458483695983886719e+00,8.184664726257324219e+00,3.958770275115966797e+00,7.892176508903503418e-03,2.205000000000000000e+03
8.440388679504394531e+00,8.194406509399414062e+00,3.946799039840698242e+00,8.070087991654872894e-03,2.205000000000000000e+03
8.425728797912597656e+00,8.207821846008300781e+00,3.935702323913574219e+00,7.626588456332683563e-03,2.205000000000000000e+03
8.444273948669433594e+00,8.235233306884765625e+00,3.945310354232788086e+00,7.601538673043251038e-03,2.205000000000000000e+03
8.432956695556640625e+00,8.229543685913085938e+00,3.946228265762329102e+00,7.498606108129024506e-03,2.205000000000000000e+03
8.420771598815917969e+00,8.232793807983398438e+00,3.946017980575561523e+00,7.679340429604053497e-03,2.205000000000000000e+03
8.450739860534667969e+00,8.251908302307128906e+00,3.946611404418945312e+00,7.873713970184326172e-03,2.205000000000000000e+03
8.471611022949218750e+00,8.227366447448730469e+00,3.944952726364135742e+00,7.637653499841690063e-03,1.238534855965093158e+02
8.473354339599609375e+00,8.286035537719726562e+00,3.945454359054565430e+00,7.248904090374708176e-03,1.224292341569450429e+02
8.457489013671875000e+00,8.281204223632812500e+00,3.950439453125000000e+00,7.521140854805707932e-03,2.036329561106927486e+03
8.502318382263183594e+00,8.316112518310546875e+00,3.943730354309082031e+00,7.638964336365461349e-03,2.035649343093770995e+03
8.605363845825195312e+00,8.325969696044921875e+00,3.925195455551147461e+00,7.461532950401306152e-03,2.035121073046957918e+03
8.664004325866699219e+00,8.389412879943847656e+00,3.919577121734619141e+00,7.213621400296688080e-03,2.017870820789946038e+03
8.529918670654296875e+00,8.365056991577148438e+00,3.950432300567626953e+00,8.547001518309116364e-03,2.044995608934794518e+03
8.453906059265136719e+00,8.291782379150390625e+00,3.965102434158325195e+00,9.004514664411544800e-03,2.019449348698045696e+03
8.537100791931152344e+00,8.335577964782714844e+00,3.938021421432495117e+00,9.452221915125846863e-03,2.019182240787812816e+03
8.567786216735839844e+00,8.351414680480957031e+00,3.930922269821166992e+00,9.405312128365039825e-03,2.014675176471272607e+03
8.605471611022949219e+00,8.426887512207031250e+00,3.932640075683593750e+00,7.429150398820638657e-03,1.260599577009197958e+02
9.212496757507324219e+00,1.011716651916503906e+01,3.932671546936035156e+00,7.606623228639364243e-03,6.523668639053254026e+01
9.123333930969238281e+00,1.021132755279541016e+01,4.002667427062988281e+00,7.387598045170307159e-03,6.523668639053254026e+01
9.142989158630371094e+00,1.014826011657714844e+01,3.960721015930175781e+00,7.776225451380014420e-03,6.523668639053254026e+01
9.111339569091796875e+00,1.027881145477294922e+01,4.046676158905029297e+00,8.057913742959499359e-03,6.753147196441334188e+01
8.792878150939941406e+00,8.282795906066894531e+00,3.895273208618164062e+00,7.812445517629384995e-03,7.071646419173174536e+01
9.494410514831542969e+00,5.657037258148193359e+00,3.956342458724975586e+00,7.800912950187921524e-03,6.980267899386856811e+01
9.616881370544433594e+00,5.879939556121826172e+00,4.090723991394042969e+00,7.672774139791727066e-03,7.735838771340814901e+01
1.008907318115234375e+01,6.929019927978515625e+00,4.515481948852539062e+00,8.113400079309940338e-03,1.258362369998882428e+02
1.007050228118896484e+01,9.883169174194335938e+00,6.206271171569824219e+00,7.686074823141098022e-03,7.836911893552846209e+01
1.019589233398437500e+01,9.789764404296875000e+00,6.226161479949951172e+00,8.218675851821899414e-03,1.293653501535266628e+02
1.028013706207275391e+01,9.723237037658691406e+00,6.197810649871826172e+00,8.440074510872364044e-03,1.292458983537196673e+02
1.024674892425537109e+01,9.741943359375000000e+00,6.175714492797851562e+00,8.288924582302570343e-03,1.334315106535138682e+02
1.007639789581298828e+01,9.812325477600097656e+00,6.173286914825439453e+00,8.110996335744857788e-03,1.331174679905466860e+02
1.022812938690185547e+01,9.769313812255859375e+00,6.165419101715087891e+00,8.657125756144523621e-03,1.287930392913374078e+02
1.027167892456054688e+01,9.762654304504394531e+00,6.144673347473144531e+00,7.958738133311271667e-03,1.249308940473104599e+02
9.589813232421875000e+00,1.052274513244628906e+01,5.962158203125000000e+00,7.666534744203090668e-03,1.880556606336999437e+02
9.358431816101074219e+00,1.083399581909179688e+01,5.586407184600830078e+00,8.255101740360260010e-03,7.301155694049566591e+01
1.024949932098388672e+01,9.792643547058105469e+00,6.083688259124755859e+00,6.913915276527404785e-03,1.280099701288779386e+02
1.018714046478271484e+01,9.921675682067871094e+00,5.995090484619140625e+00,6.919659674167633057e-03,7.350184523244898571e+01
9.256050109863281250e+00,1.095041942596435547e+01,5.484467983245849609e+00,8.617199026048183441e-03,1.234066016654699922e+02
9.182009696960449219e+00,1.099476623535156250e+01,5.329762458801269531e+00,8.657060563564300537e-03,1.997420386177127796e+02
8.990177154541015625e+00,1.038369464874267578e+01,4.115247726440429688e+00,9.297885932028293610e-03,1.934081305350611899e+02
8.972878456115722656e+00,1.037406730651855469e+01,4.056333065032958984e+00,1.092400960624217987e-02,1.934930300685689986e+02
8.954054832458496094e+00,1.039104557037353516e+01,4.067817211151123047e+00,1.113033853471279144e-02,2.205000000000000000e+03
8.950262069702148438e+00,1.039780235290527344e+01,4.053018093109130859e+00,1.106026303023099899e-02,2.205000000000000000e+03
8.947120666503906250e+00,1.040101051330566406e+01,4.058646678924560547e+00,1.052953302860260010e-02,2.061444564619255573e+02
8.991901397705078125e+00,1.042276859283447266e+01,4.032613754272460938e+00,9.316939860582351685e-03,1.208985974491246367e+02
8.979784011840820312e+00,1.041872882843017578e+01,4.075581073760986328e+00,7.346736732870340347e-03,1.190117918483303470e+02
8.960287094116210938e+00,1.038936042785644531e+01,4.076960563659667969e+00,6.798513699322938919e-03,1.167561960930618028e+02
8.955531120300292969e+00,1.035003185272216797e+01,4.069791316986083984e+00,7.806206122040748596e-03,2.298545694484816977e+02
8.991625785827636719e+00,1.042160606384277344e+01,4.213847160339355469e+00,8.308960124850273132e-03,2.389472554915353157e+02
9.152101516723632812e+00,1.080598354339599609e+01,4.802350521087646484e+00,8.833060041069984436e-03,2.160721967416829727e+02
9.156874656677246094e+00,1.098429489135742188e+01,5.180900096893310547e+00,9.748525917530059814e-03,2.142242534352867551e+02
9.144556999206542969e+00,1.103965282440185547e+01,5.299639701843261719e+00,1.068933214992284775e-02,2.094759478322087318e+02
9.149360656738281250e+00,1.103764533996582031e+01,5.314063072204589844e+00,9.813608601689338684e-03,1.969318938446761820e+02
9.137357711791992188e+00,1.103687000274658203e+01,5.315972805023193359e+00,9.440556168556213379e-03,3.246451905394467303e+02
9.165981292724609375e+00,1.102701950073242188e+01,5.306748867034912109e+00,9.678961709141731262e-03,7.065443906982473266e+01
9.142514228820800781e+00,1.102930736541748047e+01,5.316757202148437500e+00,8.599985390901565552e-03,1.766867769792358729e+02
9.130352973937988281e+00,1.102557563781738281e+01,5.313532829284667969e+00,9.029998444020748138e-03,1.304908761700380921e+02
9.825262069702148438e+00,8.424502372741699219e+00,3.743313789367675781e+00,1.031547598540782928e-02,2.205000000000000000e+03
8.197001457214355469e+00,4.404292583465576172e+00,2.939486265182495117e+00,2.515102550387382507e-02,1.904543784595793795e+03
7.380123138427734375e+00,2.457649946212768555e+00,1.689358115196228027e+00,8.885859698057174683e-02,1.732745783354882406e+03
7.048810482025146484e+00,1.473442554473876953e+00,9.538220763206481934e-01,1.273265480995178223e-01,1.672089137905853022e+03
7.797157764434814453e+00,-1.413216710090637207e+00,3.572770953178405762e-01,1.403000354766845703e-01,1.643841769808230083e+03
8.363912582397460938e+00,-2.194718360900878906e+00,8.347364664077758789e-01,1.383231580257415771e-01,1.642885119704791805e+03
8.770633697509765625e+00,-2.237987041473388672e+00,9.327201247215270996e-01,1.088771373033523560e-01,1.586411747217636730e+03
8.985089302062988281e+00,-1.617735266685485840e+00,1.305481433868408203e+00,5.955187976360321045e-02,1.150730143070482200e+03
8.747105598449707031e+00,6.040762424468994141e+00,3.539181947708129883e+00,1.182787958532571793e-02,1.719706320824473323e+03
-4.269503355026245117e-01,4.959658622741699219e+00,3.728032588958740234e+00,2.942315489053726196e-02,1.862730203696618673e+03
-9.227541685104370117e-01,5.124881744384765625e+00,3.736175298690795898e+00,3.965048119425773621e-02,1.837406042304321090e+03
-1.373601675033569336e+00,5.128119468688964844e+00,3.904035568237304688e+00,4.650842025876045227e-02,1.827823305656846514e+03
7.139096409082412720e-02,4.524189472198486328e+00,3.914544343948364258e+00,5.106518790125846863e-02,1.822777318055621663e+03
3.278771936893463135e-01,4.400115013122558594e+00,4.013761997222900391e+00,5.011768639087677002e-02,5.965954161510670701e+02
3.068988084793090820e+00,2.274113416671752930e+00,6.881557941436767578e+00,8.846300840377807617e-02,1.184709643929591948e+03
4.252027988433837891e+00,2.043263196945190430e+00,7.598680496215820312e+00,1.055387854576110840e-01,2.205000000000000000e+03
5.801770210266113281e+00,2.257367610931396484e+00,8.087070465087890625e+00,1.092908382415771484e-01,2.205000000000000000e+03
6.903261661529541016e+00,2.995360612869262695e+00,7.711188793182373047e+00,1.065141111612319946e-01,2.205000000000000000e+03
7.953570365905761719e+00,3.897042036056518555e+00,7.125516414642333984e+00,7.297319918870925903e-02,1.056615598663332321e+03
8.177330017089843750e+00,4.185395240783691406e+00,6.812120437622070312e+00,3.752922266721725464e-02,1.387176071873295541e+03
9.308188438415527344e+00,5.983441352844238281e+00,3.878290653228759766e+00,1.139714382588863373e-02,2.205000000000000000e+03
8.234879493713378906e+00,4.570347309112548828e+00,3.092326164245605469e+00,1.289044693112373352e-02,1.576945553288554720e+03
7.785957813262939453e+00,4.140974044799804688e+00,2.725045919418334961e+00,4.706954956054687500e-02,1.834108752096204398e+03
7.198543548583984375e+00,1.624131679534912109e+00,1.137216567993164062e+00,8.044417947530746460e-02,1.315569299922163054e+03
7.336563587188720703e+00,3.535859584808349609e-01,5.705072879791259766e-01,1.113147512078285217e-01,1.699355477209588571e+03
7.856536865234375000e+00,-1.015579581260681152e+00,4.612397551536560059e-01,1.313888132572174072e-01,1.669204164056917080e+03
8.519706726074218750e+00,-1.827957153320312500e+00,1.004511117935180664e+00,1.234442591667175293e-01,1.655428937497951665e+03
8.555849075317382812e+00,-1.789528727531433105e+00,1.058119654655456543e+00,1.048191934823989868e-01,1.217234192326788616e+03
8.907321929931640625e+00,-1.549326300621032715e+00,1.370955944061279297e+00,7.079664617776870728e-02,1.590607011879251786e+03
9.006752014160156250e+00,6.375624656677246094e+00,3.688664197921752930e+00,1.044845394790172577e-02,1.711879555750824920e+03
1.014619395136833191e-01,4.690448284149169922e+00,3.796681880950927734e+00,1.877661794424057007e-02,1.553849332124643979e+03
-5.012241005897521973e-01,5.021203041076660156e+00,3.697123765945434570e+00,2.537351660430431366e-02,1.846008902133917900e+03
-1.263171792030334473e+00,5.039470195770263672e+00,3.920954227447509766e+00,2.900742739439010620e-02,1.831557904898763354e+03
7.777482271194458008e-02,4.554314136505126953e+00,3.874017238616943359e+00,3.083044849336147308e-02,1.826363948341245759e+03
3.291053175926208496e-01,4.461422920227050781e+00,3.956790685653686523e+00,2.792817912995815277e-02,1.809698410899130749e+03
1.830134034156799316e+00,2.988268852233886719e+00,5.827560424804687500e+00,4.088450595736503601e-02,1.802081087455053421e+03
3.213837862014770508e+00,2.311842203140258789e+00,7.003379821777343750e+00,7.552650570869445801e-02,2.205000000000000000e+03
4.713418960571289062e+00,2.100545883178710938e+00,7.754232883453369141e+00,9.529367089271545410e-02,2.205000000000000000e+03
6.217142105102539062e+00,2.528955221176147461e+00,7.950558662414550781e+00,1.044244617223739624e-01,2.205000000000000000e+03
7.403414726257324219e+00,3.534354448318481445e+00,7.465218067169189453e+00,9.934124350547790527e-02,2.205000000000000000e+03
7.949599266052246094e+00,3.944850206375122070e+00,7.122553348541259766e+00,7.518222928047180176e-02,1.395175334422064680e+03
8.171515464782714844e+00,4.232702732086181641e+00,6.838713645935058594e+00,4.646113514900207520e-02,1.383319879534587017e+03
9.268311500549316406e+00,6.119132518768310547e+00,3.815619468688964844e+00,1.580846495926380157e-02,2.205000000000000000e+03
8.512500762939453125e+00,4.755214214324951172e+00,3.242978811264038086e+00,1.317630894482135773e-02,1.091547799681763536e+03
7.802471160888671875e+00,4.123389244079589844e+00,2.719871282577514648e+00,3.601034358143806458e-02,1.879458400000946995e+03
7.311184406280517578e+00,2.038383483886718750e+00,1.424319386482238770e+00,7.127739489078521729e-02,1.800254048379420738e+03
7.283188819885253906e+00,6.567347645759582520e-01,6.699852943420410156e-01,9.561570733785629272e-02,1.727431679341221525e+03
7.768603801727294922e+00,-8.725482225418090820e-01,4.264188706874847412e-01,1.127357929944992065e-01,1.690265979388253072e+03
8.489762306213378906e+00,-1.782564043998718262e+00,8.257572054862976074e-01,1.075256988406181335e-01,1.682292974328573337e+03
8.582132339477539062e+00,-1.840455055236816406e+00,1.038143873214721680e+00,8.802935481071472168e-02,1.226461655435410876e+03
8.923143386840820312e+00,-1.535911917686462402e+00,1.332822322845458984e+00,6.070244312286376953e-02,1.596415531333394483e+03
8.912783622741699219e+00,6.234115123748779297e+00,3.639075517654418945e+00,6.890268996357917786e-03,1.736480327456142277e+03
1.021647229790687561e-01,4.677366256713867188e+00,3.807315349578857422e+00,1.599920354783535004e-02,1.947324828101822277e+03
-4.442634880542755127e-01,5.002820014953613281e+00,3.674113750457763672e+00,2.154900319874286652e-02,1.852476798001809357e+03
-1.241619586944580078e+00,5.053577899932861328e+00,3.910141944885253906e+00,2.387943118810653687e-02,1.839462945901127796e+03
4.779447987675666809e-02,4.514167308807373047e+00,3.922917366027832031e+00,2.544187940657138824e-02,1.833322194862941160e+03
4.339936673641204834e-01,4.428125858306884766e+00,4.010521411895751953e+00,2.194222807884216309e-02,1.817116318574475599e+03
1.960550785064697266e+00,2.931936264038085938e+00,5.898023605346679688e+00,4.526517540216445923e-02,1.746385081701974968e+03
3.263728141784667969e+00,2.255103588104248047e+00,7.025949954986572266e+00,8.017564564943313599e-02,2.205000000000000000e+03
4.915076255798339844e+00,2.104255199432373047e+00,7.842463016510009766e+00,9.795036911964416504e-02,2.205000000000000000e+03
6.372336864471435547e+00,2.627353906631469727e+00,7.910960674285888672e+00,1.043714582920074463e-01,2.205000000000000000e+03
7.469705581665039062e+00,3.677698373794555664e+00,7.478145599365234375e+00,9.549643844366073608e-02,2.205000000000000000e+03
8.103157043457031250e+00,4.371611118316650391e+00,7.054324150085449219e+00,6.797309219837188721e-02,1.385798327421199019e+03
8.230071067810058594e+00,4.421550750732421875e+00,6.864341259002685547e+00,3.706797212362289429e-02,2.058028523411969218e+03
9.547900199890136719e+00,5.863508224487304688e+00,3.937396764755249023e+00,5.536272656172513962e-03,2.205000000000000000e+03
1.005284976959228516e+01,6.703517913818359375e+00,4.294951915740966797e+00,5.277514923363924026e-03,2.205000000000000000e+03
1.020197010040283203e+01,7.003311157226562500e+00,4.434266090393066406e+00,6.095134187489748001e-03,1.658056532619325196e+02
1.028691482543945312e+01,7.229061126708984375e+00,4.527644157409667969e+00,6.028763018548488617e-03,7.800003179102618844e+01
1.082050132751464844e+01,8.845167160034179688e+00,5.286775112152099609e+00,6.401995662599802017e-03,1.968314981648983348e+02
1.086810779571533203e+01,8.917736053466796875e+00,5.309613704681396484e+00,6.838603410869836807e-03,1.966080708289409813e+02
1.082200050354003906e+01,9.105172157287597656e+00,5.483662128448486328e+00,6.312612909823656082e-03,1.983865034652490920e+02
1.074081993103027344e+01,9.232906341552734375e+00,5.573461055755615234e+00,6.066623143851757050e-03,1.331345400409253443e+02
1.072157478332519531e+01,9.270117759704589844e+00,5.608494281768798828e+00,5.400751717388629913e-03,1.947828104206590183e+02
1.078897857666015625e+01,9.212095260620117188e+00,5.590348243713378906e+00,5.293986294418573380e-03,1.296421283091438568e+02
1.076296329498291016e+01,9.240942001342773438e+00,5.533506870269775391e+00,5.444183014333248138e-03,1.276032771009793976e+02
1.077810001373291016e+01,9.215614318847656250e+00,5.506410598754882812e+00,5.846346728503704071e-03,1.360161573110713675e+02
1.064134311676025391e+01,9.356035232543945312e+00,5.567422389984130859e+00,5.828348919749259949e-03,1.384198380032639193e+02
1.061839199066162109e+01,9.409163475036621094e+00,5.557820320129394531e+00,5.728716030716896057e-03,1.386981573073021252e+02
1.057989406585693359e+01,9.439195632934570312e+00,5.479253768920898438e+00,5.496667698025703430e-03,1.469111368902773620e+02
1.068298530578613281e+01,9.305624008178710938e+00,5.474470138549804688e+00,4.670995753258466721e-03,1.509387809640197133e+02
1.074107360839843750e+01,9.217944145202636719e+00,5.437775135040283203e+00,5.484006833285093307e-03,1.508722792053248156e+02
1.073959922790527344e+01,9.141312599182128906e+00,5.396270751953125000e+00,5.360406357795000076e-03,1.467616770051802462e+02
1.073214626312255859e+01,9.183837890625000000e+00,5.524147987365722656e+00,5.638972856104373932e-03,1.317780281778788378e+02
1.067549419403076172e+01,9.273896217346191406e+00,5.579692363739013672e+00,5.857522133737802505e-03,1.322824935210346950e+02
1.066679763793945312e+01,9.315732002258300781e+00,5.604860782623291016e+00,5.067208316177129745e-03,1.282359092011772077e+02
1.069390773773193359e+01,9.348783493041992188e+00,5.488672256469726562e+00,4.891444928944110870e-03,6.737451796992445452e+01
1.070849418640136719e+01,9.350217819213867188e+00,5.422364234924316406e+00,4.388760775327682495e-03,6.523668639053254026e+01
1.062427711486816406e+01,9.385726928710937500e+00,5.527879238128662109e+00,5.628895480185747147e-03,1.336663837934820549e+02
1.063281154632568359e+01,9.356080055236816406e+00,5.574049949645996094e+00,5.824127234518527985e-03,1.362547085997744887e+02
1.076865768432617188e+01,8.659234046936035156e+00,5.057942390441894531e+00,6.046491209417581558e-03,1.405432585711222941e+02
1.023017024993896484e+01,7.024885177612304688e+00,4.440367221832275391e+00,6.213178392499685287e-03,1.541159974971883742e+02
1.022741127014160156e+01,7.068501949310302734e+00,4.449708461761474609e+00,5.317783448845148087e-03,1.501532675636225918e+02
1.022575378417968750e+01,7.164837837219238281e+00,4.477735519409179688e+00,5.721344146877527237e-03,1.380627743472787756e+02
1.039756107330322266e+01,9.499759674072265625e+00,6.013527870178222656e+00,5.842576734721660614e-03,1.500001026938313657e+02
1.040916728973388672e+01,9.509871482849121094e+00,6.011929988861083984e+00,5.636387038975954056e-03,1.501578028413073582e+02
1.044550323486328125e+01,9.524458885192871094e+00,6.015707015991210938e+00,5.340586882084608078e-03,7.256633779013900210e+01
1.047187805175781250e+01,9.416419982910156250e+00,5.912333965301513672e+00,5.087020806968212128e-03,1.543502914767961158e+02
1.051264190673828125e+01,9.409141540527343750e+00,5.892938613891601562e+00,4.885493312031030655e-03,1.619134561679423427e+02
1.048003387451171875e+01,9.454200744628906250e+00,5.940523147583007812e+00,4.926184657961130142e-03,1.602358164579004836e+02
1.050493240356445312e+01,9.412170410156250000e+00,5.882452964782714844e+00,5.315218586474657059e-03,1.532119321274530250e+02
1.048926353454589844e+01,9.413810729980468750e+00,5.937183380126953125e+00,6.861882284283638000e-03,1.562285170932495078e+02
1.044873428344726562e+01,9.480291366577148438e+00,5.972738742828369141e+00,7.462844252586364746e-03,1.414487708374544468e+02
1.043489456176757812e+01,9.507330894470214844e+00,5.991943836212158203e+00,8.213640190660953522e-03,1.467735543224109165e+02
1.061392307281494141e+01,9.352245330810546875e+00,5.777607917785644531e+00,8.293650113046169281e-03,1.520467361041798426e+02
1.055574798583984375e+01,9.408453941345214844e+00,5.485018253326416016e+00,7.028322201222181320e-03,1.470735027518645381e+02
9.450720787048339844e+00,9.618812561035156250e+00,4.004683017730712891e+00,6.594412494450807571e-03,1.413702783761631281e+02
9.261462211608886719e+00,9.726758956909179688e+00,3.895695924758911133e+00,5.607037805020809174e-03,1.329873505491310368e+02
9.205954551696777344e+00,9.792908668518066406e+00,3.892215967178344727e+00,5.830980837345123291e-03,6.523668639053254026e+01
9.204958915710449219e+00,9.782628059387207031e+00,3.893617868423461914e+00,5.704380106180906296e-03,2.205000000000000000e+03
9.157283782958984375e+00,9.829513549804687500e+00,3.894817352294921875e+00,5.279777571558952332e-03,2.205000000000000000e+03
9.108618736267089844e+00,9.899095535278320312e+00,3.906103849411010742e+00,5.449039395898580551e-03,6.558887088165570844e+01
9.095082283020019531e+00,1.002819347381591797e+01,3.869335651397705078e+00,4.350609146058559418e-03,2.205000000000000000e+03
9.042499542236328125e+00,1.006807613372802734e+01,3.958643913269042969e+00,4.317235201597213745e-03,6.545114063353628353e+01
9.020558357238769531e+00,1.011718559265136719e+01,3.978682994842529297e+00,4.321377258747816086e-03,1.344039242620104915e+02
9.010562896728515625e+00,1.006390285491943359e+01,3.970477104187011719e+00,4.318960011005401611e-03,2.063145481405147621e+03
9.105887413024902344e+00,1.016732692718505859e+01,3.965248346328735352e+00,4.984173923730850220e-03,2.061477949130348406e+03
9.405555725097656250e+00,1.021418857574462891e+01,3.904262781143188477e+00,5.278760567307472229e-03,2.059720662395210184e+03
9.482654571533203125e+00,1.025281715393066406e+01,3.861123561859130859e+00,5.450982600450515747e-03,7.302526800883151736e+01
9.400705337524414062e+00,1.027627944946289062e+01,3.927333593368530273e+00,5.854415241628885269e-03,1.553610074754226957e+02
9.223251342773437500e+00,1.033927631378173828e+01,4.054988861083984375e+00,5.729502066969871521e-03,2.331555017840726975e+02
9.447748184204101562e+00,1.030016231536865234e+01,3.998455047607421875e+00,5.537716206163167953e-03,1.556279075651842732e+02
9.552697181701660156e+00,1.024613189697265625e+01,3.939010143280029297e+00,5.046190228313207626e-03,7.280317368262721800e+01
9.512342453002929688e+00,1.026668643951416016e+01,3.938005447387695312e+00,4.447735846042633057e-03,7.282685170355807713e+01
9.376165390014648438e+00,1.045804309844970703e+01,4.188687801361083984e+00,4.487853497266769409e-03,7.844995665683362063e+01
9.291239738464355469e+00,1.057173824310302734e+01,4.371497154235839844e+00,4.145911429077386856e-03,1.329067028961141261e+02
9.305593490600585938e+00,1.065382099151611328e+01,4.500114917755126953e+00,4.470031242817640305e-03,1.345204406965000032e+02
9.312611579895019531e+00,1.063179588317871094e+01,4.488347530364990234e+00,5.344218108803033829e-03,1.343069526307292847e+02
9.801682472229003906e+00,8.382154464721679688e+00,3.660230398178100586e+00,5.491319578140974045e-03,1.853299415005447486e+02
9.853466987609863281e+00,6.271768093109130859e+00,4.127613544464111328e+00,5.711983889341354370e-03,1.310168375326453543e+02
1.006839656829833984e+01,6.731978416442871094e+00,4.347064971923828125e+00,6.175156217068433762e-03,6.523668639053254026e+01
1.020160388946533203e+01,7.052807807922363281e+00,4.548922061920166016e+00,5.645304918289184570e-03,6.523668639053254026e+01
1.024986457824707031e+01,9.712414741516113281e+00,6.181390762329101562e+00,6.070121191442012787e-03,6.523668639053254026e+01
1.029424190521240234e+01,9.708707809448242188e+00,6.187273025512695312e+00,6.054538302123546600e-03,2.747638067723287918e+02
1.031344890594482422e+01,9.680349349975585938e+00,6.194132328033447266e+00,5.751895718276500702e-03,1.359144456415057789e+02
1.032509708404541016e+01,9.672052383422851562e+00,6.161549568176269531e+00,5.688633769750595093e-03,1.410378649717443977e+02
1.033738231658935547e+01,9.681097030639648438e+00,6.152861118316650391e+00,4.941571503877639771e-03,1.361942826388402068e+02
1.031717872619628906e+01,9.705310821533203125e+00,6.184597492218017578e+00,4.878403153270483017e-03,1.363059861075547587e+02
1.033197689056396484e+01,9.668575286865234375e+00,6.161182403564453125e+00,5.162462592124938965e-03,1.417207473395766613e+02
1.049883842468261719e+01,9.429403305053710938e+00,5.859265327453613281e+00,5.105288699269294739e-03,1.469441219352535484e+02
1.048184967041015625e+01,9.468338966369628906e+00,5.925039291381835938e+00,5.398692563176155090e-03,7.378833092017434581e+01
1.047933483123779297e+01,9.462146759033203125e+00,5.940803050994873047e+00,5.562434438616037369e-03,6.636048509579596555e+01
1.050205707550048828e+01,9.422287940979003906e+00,5.872106552124023438e+00,5.623444914817810059e-03,6.637019631355698834e+01
1.058264636993408203e+01,9.410740852355957031e+00,5.540112018585205078e+00,6.082568783313035965e-03,1.535160366434411401e+02
9.314764976501464844e+00,9.694597244262695312e+00,3.852699518203735352e+00,5.778087768703699112e-03,2.205000000000000000e+03
9.212661743164062500e+00,9.921412467956542969e+00,3.785094738006591797e+00,5.567574873566627502e-03,2.205000000000000000e+03
9.228250503540039062e+00,1.005012702941894531e+01,3.712718248367309570e+00,4.796187859028577805e-03,2.205000000000000000e+03
9.301067352294921875e+00,1.008281421661376953e+01,3.613881111145019531e+00,4.069819115102291107e-03,2.205000000000000000e+03
9.290525436401367188e+00,1.007478809356689453e+01,3.623638629913330078e+00,4.494280088692903519e-03,2.205000000000000000e+03
9.254687309265136719e+00,1.008413410186767578e+01,3.649237394332885742e+00,4.701421130448579788e-03,2.205000000000000000e+03
9.263615608215332031e+00,1.006609249114990234e+01,3.598685503005981445e+00,5.045230966061353683e-03,2.205000000000000000e+03
9.297003746032714844e+00,1.009958267211914062e+01,3.610324859619140625e+00,5.888615734875202179e-03,1.405404442945829828e+02
9.320111274719238281e+00,1.019209575653076172e+01,3.658241510391235352e+00,5.926344078034162521e-03,1.376783940993165061e+02
9.388938903808593750e+00,1.004643726348876953e+01,3.652802944183349609e+00,5.872781854122877121e-03,1.352485638578873193e+02
9.516928672790527344e+00,8.764116287231445312e+00,3.802287101745605469e+00,5.703660193830728531e-03,1.296610258575400110e+02
9.522779464721679688e+00,8.623986244201660156e+00,3.815971612930297852e+00,5.071273073554039001e-03,6.543431103287124984e+01
9.504098892211914062e+00,8.578365325927734375e+00,3.803269624710083008e+00,5.290305241942405701e-03,1.353235402290797822e+02
9.673701286315917969e+00,8.645771026611328125e+00,3.809419870376586914e+00,5.132629070430994034e-03,1.414890378222624747e+02
9.745180130004882812e+00,8.677825927734375000e+00,3.809376001358032227e+00,5.355441942811012268e-03,1.736180746143137981e+02
9.786835670471191406e+00,8.722704887390136719e+00,3.821455955505371094e+00,5.612655077129602432e-03,1.775819782822883042e+02
9.668807029724121094e+00,8.621294975280761719e+00,3.779261589050292969e+00,4.933983087539672852e-03,1.834090159258660151e+02
9.663092613220214844e+00,8.574105262756347656e+00,3.724692344665527344e+00,5.639885086566209793e-03,1.366672988212979476e+02
9.638659477233886719e+00,8.541049957275390625e+00,3.652738094329833984e+00,5.511004012078046799e-03,1.304530713909105941e+02
9.674786567687988281e+00,8.476514816284179688e+00,3.194647550582885742e+00,5.219358950853347778e-03,1.273657334419950473e+02
9.719332695007324219e+00,8.898688316345214844e+00,2.542319774627685547e+00,5.342570133507251740e-03,1.267598850784197566e+02
9.727232933044433594e+00,8.873364448547363281e+00,2.481854677200317383e+00,5.199423059821128845e-03,1.355499881754831790e+02
9.784586906433105469e+00,8.900538444519042969e+00,2.431281328201293945e+00,5.181905347853899002e-03,1.630365586757762060e+02
9.818549156188964844e+00,7.626318931579589844e+00,3.224783897399902344e+00,5.231115967035293579e-03,6.523668639053254026e+01
9.875986099243164062e+00,6.973957538604736328e+00,3.815247058868408203e+00,5.321884062141180038e-03,1.898580650165651775e+02
9.941746711730957031e+00,7.298766136169433594e+00,3.925954818725585938e+00,5.110714584589004517e-03,1.338384190371480145e+02
1.002527713775634766e+01,7.518825054168701172e+00,4.006188869476318359e+00,5.860352888703346252e-03,1.327352292965456684e+02
9.928042411804199219e+00,7.803380012512207031e+00,4.004948139190673828e+00,5.956269800662994385e-03,1.377634117402816969e+02
9.946814537048339844e+00,7.764668464660644531e+00,3.973015069961547852e+00,6.054523400962352753e-03,1.345135569477758395e+02
1.001677989959716797e+01,7.568396091461181641e+00,4.035079956054687500e+00,5.932505708187818527e-03,1.346987672963976479e+02
1.007102966308593750e+01,7.639430522918701172e+00,4.007933139801025391e+00,5.463082343339920044e-03,1.350419627590493690e+02
1.020799255371093750e+01,9.142948150634765625e+00,5.842856407165527344e+00,5.174417514353990555e-03,1.343674540575827336e+02
1.012837696075439453e+01,9.136961936950683594e+00,5.901924610137939453e+00,6.145610474050045013e-03,1.401281843792725681e+02
1.000429248809814453e+01,9.077847480773925781e+00,5.910871028900146484e+00,5.993987433612346649e-03,1.398149138411255876e+02
9.874157905578613281e+00,9.077798843383789062e+00,5.964146614074707031e+00,6.273974664509296417e-03,1.397692157085758993e+02
9.820056915283203125e+00,9.120689392089843750e+00,6.036030292510986328e+00,6.622009910643100739e-03,1.447739725930881889e+02
9.828431129455566406e+00,9.088138580322265625e+00,5.978689670562744141e+00,6.183980964124202728e-03,1.523274424254891244e+02
9.817570686340332031e+00,9.046496391296386719e+00,5.870527744293212891e+00,6.481165532022714615e-03,1.535263227751887030e+02
9.672517776489257812e+00,8.084221839904785156e+00,3.134061098098754883e+00,6.453175563365221024e-03,2.205000000000000000e+03
8.773330688476562500e+00,4.946517467498779297e+00,3.090856313705444336e+00,1.325336657464504242e-02,1.860567696098684792e+03
7.955138683319091797e+00,3.563747882843017578e+00,2.564881324768066406e+00,4.196884855628013611e-02,1.304203165984627731e+03
7.300374984741210938e+00,7.196153998374938965e-01,7.236403226852416992e-01,6.287854909896850586e-02,1.670682573524134568e+03
7.745943546295166016e+00,-8.440482616424560547e-01,4.287948608398437500e-01,6.697014719247817993e-02,1.654141120638667871e+03
8.692482948303222656e+00,-1.971449971199035645e+00,9.130377173423767090e-01,6.595363467931747437e-02,1.651017391906451394e+03
8.979275703430175781e+00,-1.770775079727172852e+00,1.118736147880554199e+00,5.254306271672248840e-02,1.596222086534239224e+03
9.026636123657226562e+00,5.865706443786621094e+00,3.583270072937011719e+00,2.377018518745899200e-02,1.549962926475007862e+03
8.972442626953125000e+00,5.811116695404052734e+00,3.527880668640136719e+00,6.558251567184925079e-03,2.205000000000000000e+03
-1.794538199901580811e-01,4.792191028594970703e+00,3.678541183471679688e+00,1.202450599521398544e-02,1.891474264602746644e+03
-5.012577772140502930e-01,4.893572807312011719e+00,3.703956604003906250e+00,1.721919700503349304e-02,1.828166304007168264e+03
-1.042501330375671387e+00,4.956656932830810547e+00,3.925030231475830078e+00,2.159687504172325134e-02,1.812678572346364263e+03
4.598791897296905518e-01,4.418796539306640625e+00,3.962791919708251953e+00,2.439551800489425659e-02,1.806241477255848395e+03
5.906251668930053711e-01,4.447029113769531250e+00,3.951132535934448242e+00,2.701324969530105591e-02,8.855936723389505687e+02
2.597458839416503906e+00,2.511514663696289062e+00,6.467693805694580078e+00,4.505104199051856995e-02,7.814117615090790423e+02
4.049054145812988281e+00,2.052559614181518555e+00,7.495169639587402344e+00,6.675072014331817627e-02,2.205000000000000000e+03
5.860764980316162109e+00,2.354114294052124023e+00,7.994198322296142578e+00,7.793782651424407959e-02,1.398408064438652673e+03
7.177257061004638672e+00,3.341307640075683594e+00,7.638520240783691406e+00,7.946611940860748291e-02,1.392229145005740747e+03
8.158365249633789062e+00,4.435998439788818359e+00,6.985923767089843750e+00,6.970671564340591431e-02,1.388998338504594358e+03
8.210731506347656250e+00,4.439740180969238281e+00,6.906944751739501953e+00,4.756653308868408203e-02,2.042670131044075106e+03
9.407828330993652344e+00,5.904649734497070312e+00,3.862580776214599609e+00,2.305144071578979492e-02,2.033771384683989936e+03
8.464942932128906250e+00,4.720287322998046875e+00,3.217453718185424805e+00,9.129369631409645081e-03,2.205000000000000000e+03
7.818122863769531250e+00,4.195518016815185547e+00,2.769714117050170898e+00,4.211198538541793823e-02,1.867831297166630293e+03
7.289585113525390625e+00,1.726713657379150391e+00,1.251839160919189453e+00,7.566224038600921631e-02,1.819599971830638424e+03
7.342779159545898438e+00,8.303226232528686523e-01,8.116226792335510254e-01,9.754715859889984131e-02,1.760829007729379782e+03
7.722498893737792969e+00,-9.262014031410217285e-01,3.891727030277252197e-01,1.085758879780769348e-01,1.725796690735114453e+03
8.375141143798828125e+00,-1.859011888504028320e+00,7.159985899925231934e-01,1.005467101931571960e-01,1.706582720498127856e+03
8.589406967163085938e+00,-1.898964285850524902e+00,1.072238564491271973e+00,7.850094884634017944e-02,1.660210363614063908e+03
8.941993713378906250e+00,-1.547562003135681152e+00,1.334607958793640137e+00,4.840938001871109009e-02,1.211173448320927491e+03
9.273928642272949219e+00,6.207603454589843750e+00,3.679377317428588867e+00,7.391087710857391357e-03,1.716447177549143134e+03
3.745457231998443604e-01,4.599871635437011719e+00,3.952456235885620117e+00,1.562651246786117554e-02,6.880397469952575875e+02
-4.512087702751159668e-01,4.883375167846679688e+00,3.756132602691650391e+00,2.098439633846282959e-02,1.852379683167773010e+03
-1.264411807060241699e+00,5.187139034271240234e+00,4.041541099548339844e+00,2.397651225328445435e-02,1.835857379583559123e+03
-1.172999665141105652e-01,4.493100166320800781e+00,4.019042968750000000e+00,2.613609842956066132e-02,1.826800464421969764e+03
4.614376425743103027e-01,4.453287124633789062e+00,4.056991577148437500e+00,2.429285086691379547e-02,1.803229078848318295e+03
1.700651645660400391e+00,3.095279455184936523e+00,5.698941707611083984e+00,4.497092962265014648e-02,1.787393432168547633e+03
3.205186128616333008e+00,2.243625402450561523e+00,6.997530937194824219e+00,8.626601099967956543e-02,2.205000000000000000e+03
4.644463539123535156e+00,2.089149713516235352e+00,7.741409301757812500e+00,1.077847629785537720e-01,2.205000000000000000e+03
6.161783218383789062e+00,2.482702970504760742e+00,7.967507362365722656e+00,1.173921972513198853e-01,2.205000000000000000e+03
7.407342910766601562e+00,3.550402879714965820e+00,7.481409549713134766e+00,1.107346937060356140e-01,2.205000000000000000e+03
8.063878059387207031e+00,4.317986965179443359e+00,7.076317787170410156e+00,8.189045637845993042e-02,1.383236274464258713e+03
8.251776695251464844e+00,4.410081863403320312e+00,6.817357540130615234e+00,4.904173687100410461e-02,1.384202054988013970e+03
9.285379409790039062e+00,5.908487796783447266e+00,3.751223564147949219e+00,1.167477387934923172e-02,2.205000000000000000e+03
8.784865379333496094e+00,4.998335838317871094e+00,3.466184616088867188e+00,1.183914579451084137e-02,1.687112356063501466e+03
7.817228317260742188e+00,4.167056083679199219e+00,2.746037483215332031e+00,2.804963104426860809e-02,1.448879599320788202e+03
7.451676368713378906e+00,2.716005086898803711e+00,1.855674624443054199e+00,7.123702764511108398e-02,1.804347133724854984e+03
7.313103199005126953e+00,1.110208153724670410e+00,9.339953660964965820e-01,9.969699382781982422e-02,1.718413855413966303e+03
7.696664333343505859e+00,-9.476092457771301270e-01,3.614915907382965088e-01,1.201890036463737488e-01,1.675820649951489941e+03
8.667782783508300781e+00,-2.158581495285034180e+00,5.362351536750793457e-01,1.201212331652641296e-01,1.668426847085535428e+03
8.998204231262207031e+00,-2.223389387130737305e+00,8.504141569137573242e-01,1.007286459207534790e-01,1.218510228490256850e+03
9.172064781188964844e+00,-1.906323909759521484e+00,1.169652938842773438e+00,7.270072400569915771e-02,1.586045860475445807e+03
9.241685867309570312e+00,5.856286525726318359e+00,3.578594446182250977e+00,2.575136534869670868e-02,1.156932341879509067e+03
8.479986190795898438e-01,4.601065158843994141e+00,3.891685009002685547e+00,1.246202178299427032e-02,2.005616222163607290e+03
-3.127125799655914307e-01,4.859582424163818359e+00,3.674157619476318359e+00,2.128976583480834961e-02,1.885199412777418274e+03
-1.141570329666137695e+00,5.022836685180664062e+00,3.925266504287719727e+00,2.469739131629467010e-02,1.855223923064144628e+03
-4.699444174766540527e-01,4.570992469787597656e+00,3.986634254455566406e+00,2.698692493140697479e-02,1.845448444678719625e+03
4.981325268745422363e-01,4.440705776214599609e+00,3.967283248901367188e+00,2.537580020725727081e-02,1.836570346036764249e+03
1.847150802612304688e+00,2.979747533798217773e+00,5.835031032562255859e+00,4.848280549049377441e-02,1.783039527632758109e+03
3.261888265609741211e+00,2.256420850753784180e+00,7.032743930816650391e+00,8.313148468732833862e-02,2.205000000000000000e+03
4.740399837493896484e+00,2.081179380416870117e+00,7.788666248321533203e+00,1.014214307069778442e-01,2.205000000000000000e+03
6.390387058258056641e+00,2.641416311264038086e+00,7.922076225280761719e+00,1.085475534200668335e-01,2.205000000000000000e+03
7.397248268127441406e+00,3.579698801040649414e+00,7.513869762420654297e+00,9.913477301597595215e-02,2.205000000000000000e+03
8.140105247497558594e+00,4.399825096130371094e+00,7.001999378204345703e+00,7.154647260904312134e-02,2.050904847891509689e+03
8.257705688476562500e+00,4.413281440734863281e+00,6.848430156707763672e+00,4.029321670532226562e-02,2.026397932387981655e+03
9.605579376220703125e+00,5.868140697479248047e+00,3.859139680862426758e+00,9.575705975294113159e-03,2.027807713591680795e+03
9.712078094482421875e+00,6.168553352355957031e+00,3.801468610763549805e+00,6.158235017210245132e-03,2.205000000000000000e+03
9.984902381896972656e+00,6.905254840850830078e+00,3.729552984237670898e+00,5.378490779548883438e-03,2.205000000000000000e+03
1.018588733673095703e+01,7.183993339538574219e+00,3.789590835571289062e+00,5.666445009410381317e-03,2.205000000000000000e+03
1.032533264160156250e+01,7.304766178131103516e+00,3.789066791534423828e+00,5.291290581226348877e-03,2.531219678068749772e+02
1.033221340179443359e+01,7.371646404266357422e+00,3.738968610763549805e+00,5.796696525067090988e-03,2.248506146090423954e+02
1.026725292205810547e+01,7.456641197204589844e+00,3.663538694381713867e+00,5.886861588805913925e-03,1.398344741228840746e+02
9.859459877014160156e+00,8.227141380310058594e+00,3.816177845001220703e+00,5.572806112468242645e-03,1.392046614926140364e+02
9.823186874389648438e+00,8.237339973449707031e+00,3.800346136093139648e+00,5.838871467858552933e-03,6.523668639053254026e+01
9.850764274597167969e+00,8.270460128784179688e+00,3.762289047241210938e+00,5.230522714555263519e-03,6.523668639053254026e+01
9.841719627380371094e+00,8.234771728515625000e+00,3.723953008651733398e+00,4.924453329294919968e-03,6.523668639053254026e+01
9.844813346862792969e+00,8.185306549072265625e+00,3.635574102401733398e+00,5.272075068205595016e-03,7.428069737597145661e+01
9.907853126525878906e+00,8.045660018920898438e+00,3.529075622558593750e+00,5.316531751304864883e-03,7.454343254685895204e+01
1.011524200439453125e+01,7.908257007598876953e+00,3.511692285537719727e+00,5.304907448589801788e-03,1.543897375846164550e+02
1.111546039581298828e+01,7.370662212371826172e+00,3.675325155258178711e+00,4.935346078127622604e-03,1.498069592975045907e+02
1.115221786499023438e+01,7.303563117980957031e+00,3.676676511764526367e+00,4.670462571084499359e-03,1.597054204838351268e+02
1.100298976898193359e+01,7.631988048553466797e+00,3.622833728790283203e+00,4.315434023737907410e-03,1.500057733845859786e+02
1.083326053619384766e+01,7.753623962402343750e+00,3.580273389816284180e+00,4.397112410515546799e-03,1.430835731491177398e+02
1.087719535827636719e+01,8.152113914489746094e+00,3.487530231475830078e+00,4.633846692740917206e-03,1.427133586784890724e+02
1.067891120910644531e+01,1.000282478332519531e+01,3.795946598052978516e+00,4.686580039560794830e-03,1.398225538746432903e+02
1.035563755035400391e+01,9.665197372436523438e+00,3.614224433898925781e+00,4.846040625125169754e-03,1.395265840064416807e+02
1.037007999420166016e+01,9.558044433593750000e+00,3.657981157302856445e+00,5.131597165018320084e-03,7.547217697856318352e+01
1.049557590484619141e+01,9.844428062438964844e+00,3.626506090164184570e+00,5.042367614805698395e-03,7.922581116342001906e+01
1.044850826263427734e+01,1.016647720336914062e+01,3.742625713348388672e+00,5.413832608610391617e-03,7.878117250393074755e+01
1.032287120819091797e+01,1.029860591888427734e+01,3.797621726989746094e+00,5.518345162272453308e-03,7.960090245206140480e+01
1.029054737091064453e+01,1.030268096923828125e+01,3.812680721282958984e+00,5.445134360343217850e-03,1.869671992342160820e+03
1.029247283935546875e+01,1.032135200500488281e+01,3.821983098983764648e+00,5.222256761044263840e-03,1.864230609834069583e+03
1.028687572479248047e+01,1.031688308715820312e+01,3.812750339508056641e+00,4.693777300417423248e-03,7.388538102930372986e+01
1.026725482940673828e+01,1.034193801879882812e+01,3.827773094177246094e+00,4.483434837311506271e-03,7.379444573183539546e+01
1.032955932617187500e+01,1.033300018310546875e+01,3.799140930175781250e+00,4.648922476917505264e-03,7.007377536390178818e+01
1.082397460937500000e+01,1.030416297912597656e+01,3.829199075698852539e+00,4.620678257197141647e-03,6.714302062667196935e+01
1.086088657379150391e+01,1.029052925109863281e+01,3.860840320587158203e+00,4.739945754408836365e-03,6.523668639053254026e+01
1.079044532775878906e+01,1.034253311157226562e+01,3.828693151473999023e+00,4.733981098979711533e-03,1.231053701921594552e+02
1.085808086395263672e+01,1.028347301483154297e+01,3.868502140045166016e+00,4.362092819064855576e-03,1.177798277645641605e+02
1.086196994781494141e+01,1.024637603759765625e+01,3.892556190490722656e+00,5.267316475510597229e-03,1.320641830692358099e+02
1.085421562194824219e+01,1.024956226348876953e+01,3.886993646621704102e+00,5.444420035928487778e-03,1.389782568494910606e+02
1.088908195495605469e+01,1.026839923858642578e+01,3.853823423385620117e+00,5.635743960738182068e-03,1.508027380624811542e+02
1.088239669799804688e+01,1.019196033477783203e+01,3.882109403610229492e+00,5.800962913781404495e-03,1.484742387388241980e+02
1.087096786499023438e+01,1.020747470855712891e+01,3.908199310302734375e+00,6.702371872961521149e-03,1.627711117023611394e+02
1.083697509765625000e+01,1.015102100372314453e+01,3.930131435394287109e+00,6.783617660403251648e-03,1.632293462691939396e+02
1.076555156707763672e+01,1.005376243591308594e+01,3.912332057952880859e+00,6.640125531703233719e-03,1.692514015860979271e+02
1.080703449249267578e+01,1.007770156860351562e+01,3.927820920944213867e+00,6.724402308464050293e-03,1.530429472252427274e+02
1.071169090270996094e+01,9.993093490600585938e+00,3.938988924026489258e+00,5.385058932006359100e-03,1.527726036720704315e+02
1.075214576721191406e+01,1.002142810821533203e+01,3.947812557220458984e+00,5.544405430555343628e-03,1.528701336742408330e+02
1.069851589202880859e+01,9.974720001220703125e+00,3.914380550384521484e+00,5.723920650780200958e-03,1.520715654580585863e+02
1.069987869262695312e+01,9.964109420776367188e+00,3.891533136367797852e+00,6.058568600565195084e-03,1.518238860242161081e+02
1.063564395904541016e+01,9.914065361022949219e+00,3.849160194396972656e+00,6.525505334138870239e-03,1.572942176217018471e+02
1.052382087707519531e+01,9.761139869689941406e+00,3.770912647247314453e+00,6.981454323977231979e-03,1.619341723986562158e+02
1.038814353942871094e+01,9.717133522033691406e+00,3.667987108230590820e+00,6.672808434814214706e-03,1.607877909626832320e+02
9.701840400695800781e+00,9.109278678894042969e+00,3.109374761581420898e+00,6.337618455290794373e-03,1.611892316851843532e+02
9.763306617736816406e+00,8.371596336364746094e+00,3.641027212142944336e+00,5.896351300179958344e-03,1.609724685185979638e+02
9.828872680664062500e+00,8.574244499206542969e+00,3.797059774398803711e+00,4.724517930299043655e-03,1.495573068997184123e+02
1.079647731781005859e+01,9.022553443908691406e+00,3.401315212249755859e+00,4.971245303750038147e-03,1.607851424510661218e+02
1.083786296844482422e+01,9.075231552124023438e+00,3.427208900451660156e+00,4.765151999890804291e-03,1.499482221441670617e+02
1.075440311431884766e+01,9.456389427185058594e+00,3.373713731765747070e+00,4.669087473303079605e-03,7.908547630901006187e+01
1.058977031707763672e+01,9.496758460998535156e+00,3.301952123641967773e+00,5.575045011937618256e-03,7.904276612917703915e+01
1.068423080444335938e+01,9.554453849792480469e+00,3.259286642074584961e+00,5.225426051765680313e-03,7.553284730947001435e+01
1.050919818878173828e+01,9.480609893798828125e+00,3.310348510742187500e+00,5.093976855278015137e-03,7.498698722166578534e+01
1.070241641998291016e+01,9.543909072875976562e+00,3.302709341049194336e+00,4.699585027992725372e-03,1.495103195235700184e+02
1.041053962707519531e+01,9.610097885131835938e+00,3.520097732543945312e+00,4.185348749160766602e-03,1.492499367728107984e+02
1.015822315216064453e+01,9.808532714843750000e+00,3.564918756484985352e+00,4.615257494151592255e-03,1.496261098156387561e+02
9.789188385009765625e+00,9.960510253906250000e+00,3.630970478057861328e+00,5.193261429667472839e-03,1.527924386782159729e+02
9.656751632690429688e+00,1.005754852294921875e+01,3.568621873855590820e+00,6.420332472771406174e-03,1.566637133047359498e+02
9.603768348693847656e+00,1.012147331237792969e+01,3.714272975921630859e+00,6.807308644056320190e-03,1.522765929008485273e+02
9.974433898925781250e+00,9.869517326354980469e+00,3.630576133728027344e+00,7.768133655190467834e-03,1.524290093711573775e+02
1.042180061340332031e+01,9.534598350524902344e+00,3.494402170181274414e+00,8.155512623488903046e-03,1.510978142714570538e+02
1.050637054443359375e+01,9.438522338867187500e+00,3.443309307098388672e+00,8.008843287825584412e-03,1.504417488224009958e+02
1.053378772735595703e+01,9.480378150939941406e+00,3.356441736221313477e+00,7.674875203520059586e-03,1.547462000581575694e+02
1.053382301330566406e+01,9.482882499694824219e+00,3.346819162368774414e+00,6.874575279653072357e-03,7.547827029950288136e+01
1.059900188446044922e+01,9.600419998168945312e+00,3.255192041397094727e+00,6.282443180680274963e-03,7.360450789647892123e+01
1.054428577423095703e+01,9.621664047241210938e+00,3.350994110107421875e+00,5.532751791179180145e-03,7.527852929745846211e+01
1.087799835205078125e+01,9.528340339660644531e+00,3.373558759689331055e+00,5.470967851579189301e-03,7.381920603048909868e+01
1.116583156585693359e+01,9.103163719177246094e+00,3.427545785903930664e+00,6.456778850406408310e-03,7.530230267184111881e+01
1.123790168762207031e+01,9.248849868774414062e+00,3.398135423660278320e+00,1.035392843186855316e-02,2.205000000000000000e+03
1.134548854827880859e+01,9.729485511779785156e+00,3.303065299987792969e+00,1.307761576026678085e-02,2.205000000000000000e+03
1.140209484100341797e+01,9.774363517761230469e+00,3.184869289398193359e+00,1.315029896795749664e-02,2.010467992535914732e+02
1.101470088958740234e+01,9.636994361877441406e+00,3.324342489242553711e+00,1.367321144789457321e-02,6.523668639053254026e+01
1.099539184570312500e+01,9.650769233703613281e+00,3.293388605117797852e+00,1.082269847393035889e-02,6.523668639053254026e+01
1.140386581420898438e+01,9.884070396423339844e+00,3.126983165740966797e+00,7.168982177972793579e-03,2.501192522135716843e+02
1.150810050964355469e+01,9.999430656433105469e+00,2.998781204223632812e+00,8.407133631408214569e-03,1.616716453592681546e+02
1.154338932037353516e+01,1.002694416046142578e+01,2.981123447418212891e+00,7.641734089702367783e-03,1.622588854719186884e+02
1.166532516479492188e+01,1.000026702880859375e+01,2.890342473983764648e+00,8.130234666168689728e-03,3.097443795607007928e+02
1.169859027862548828e+01,1.003560447692871094e+01,2.889729976654052734e+00,9.452898055315017700e-03,3.986920469613124851e+02
1.171013927459716797e+01,1.005912590026855469e+01,2.860554456710815430e+00,8.387150242924690247e-03,2.665891560753117915e+02
1.186024665832519531e+01,1.007502746582031250e+01,2.801403999328613281e+00,7.513400167226791382e-03,2.205000000000000000e+03
9.336526870727539062e+00,5.936556816101074219e+00,3.727226495742797852e+00,8.026233874261379242e-03,2.205000000000000000e+03
8.179800987243652344e+00,4.198635578155517578e+00,2.784337759017944336e+00,2.176908403635025024e-02,1.801817072801254653e+03
7.241049289703369141e+00,1.338508367538452148e+00,1.002213478088378906e+00,4.552255943417549133e-02,1.683078729366256084e+03
7.556589126586914062e+00,-1.409059613943099976e-01,5.247020125389099121e-01,5.869309604167938232e-02,1.621780451664573093e+03
8.295573234558105469e+00,-1.473800897598266602e+00,6.601183414459228516e-01,5.917755886912345886e-02,1.621072093800891253e+03
8.561892509460449219e+00,-1.676576733589172363e+00,1.088575959205627441e+00,5.611221864819526672e-02,1.605861376827599543e+03
8.900301933288574219e+00,-1.549026608467102051e+00,1.331731796264648438e+00,3.951709717512130737e-02,1.564226179714513137e+03
9.022130012512207031e+00,6.251015186309814453e+00,3.671111345291137695e+00,1.470524817705154419e-02,2.205000000000000000e+03
1.422024667263031006e-01,4.664941787719726562e+00,3.848656654357910156e+00,2.743969671428203583e-02,1.101559847751899724e+03
-5.098475813865661621e-01,4.880394458770751953e+00,3.785425901412963867e+00,4.140427708625793457e-02,1.851584154266999121e+03
-1.528498053550720215e+00,5.439739227294921875e+00,4.142207145690917969e+00,5.220245942473411560e-02,1.829465301184961390e+03
-3.493018150329589844e-01,4.588106155395507812e+00,3.968896865844726562e+00,5.858837068080902100e-02,1.816239203157512748e+03
-7.375990599393844604e-02,4.328231811523437500e+00,4.074782371520996094e+00,5.729755386710166931e-02,1.794287551670397079e+03
1.815896391868591309e+00,2.979560375213623047e+00,5.829966068267822266e+00,5.811969563364982605e-02,1.006533185413473120e+03
3.232251644134521484e+00,2.277973890304565430e+00,7.015953540802001953e+00,6.514058262109756470e-02,2.205000000000000000e+03
4.632871627807617188e+00,2.110189437866210938e+00,7.715742588043212891e+00,6.764671206474304199e-02,2.205000000000000000e+03
6.408130168914794922e+00,2.654769182205200195e+00,7.910188674926757812e+00,6.714508682489395142e-02,2.205000000000000000e+03
7.514148712158203125e+00,3.578637599945068359e+00,7.310803890228271484e+00,5.829507485032081604e-02,2.205000000000000000e+03
8.072609901428222656e+00,4.061279296875000000e+00,6.780374050140380859e+00,3.941592574119567871e-02,1.377471780670045518e+03
8.182634353637695312e+00,4.179304599761962891e+00,6.589710235595703125e+00,2.210235781967639923e-02,2.039341898821074437e+03
9.334271430969238281e+00,5.834464073181152344e+00,3.887268543243408203e+00,1.166114397346973419e-02,2.205000000000000000e+03
8.390087127685546875e+00,4.623124599456787109e+00,3.129961490631103516e+00,1.503315661102533340e-02,1.986430102889943328e+03
7.907850742340087891e+00,4.121654033660888672e+00,2.750106811523437500e+00,2.595592290163040161e-02,1.801096252262680537e+03
7.317926406860351562e+00,1.172350645065307617e+00,9.753454923629760742e-01,4.192842543125152588e-02,1.708930094711997754e+03
7.817915916442871094e+00,-9.320728778839111328e-01,4.513932466506958008e-01,5.479018390178680420e-02,1.668329376881058352e+03
8.224340438842773438e+00,-1.376708269119262695e+00,6.087746024131774902e-01,5.978509038686752319e-02,1.648131035799998472e+03
8.551851272583007812e+00,-1.472083449363708496e+00,9.833721518516540527e-01,5.572168156504631042e-02,1.220733293508208817e+03
8.700102806091308594e+00,-1.497786283493041992e+00,1.141462683677673340e+00,4.500525817275047302e-02,1.599523171515568265e+03
8.891617774963378906e+00,-1.480002403259277344e+00,1.322771072387695312e+00,2.769955620169639587e-02,1.579611023735626532e+03
8.910627365112304688e+00,6.166503906250000000e+00,3.651535987854003906e+00,1.057056430727243423e-02,1.675332957741488144e+03
6.952523253858089447e-03,4.770350933074951172e+00,3.769598007202148438e+00,1.844388805329799652e-02,1.535956404706480498e+03
-5.145117044448852539e-01,5.029497146606445312e+00,3.682556390762329102e+00,2.417838573455810547e-02,1.845042118400888512e+03
-1.294830083847045898e+00,5.040164947509765625e+00,3.892184495925903320e+00,2.763106673955917358e-02,1.834026399390764027e+03
5.331262946128845215e-02,4.577841281890869141e+00,3.840351104736328125e+00,3.301689773797988892e-02,1.823431296875450471e+03
1.457444727420806885e-01,4.467747688293457031e+00,3.896265745162963867e+00,3.101812303066253662e-02,1.807988039350397685e+03
1.870444416999816895e+00,2.950311422348022461e+00,5.872063636779785156e+00,6.032716110348701477e-02,1.740034517063589647e+03
3.300252437591552734e+00,2.313198089599609375e+00,7.081549167633056641e+00,9.427924454212188721e-02,2.205000000000000000e+03
4.772039890289306641e+00,2.095815420150756836e+00,7.791196346282958984e+00,1.152471378445625305e-01,2.205000000000000000e+03
6.025183677673339844e+00,2.438384294509887695e+00,7.962502956390380859e+00,1.214470341801643372e-01,2.205000000000000000e+03
7.539295196533203125e+00,3.758594036102294922e+00,7.318993091583251953e+00,1.087991669774055481e-01,2.205000000000000000e+03
7.860515117645263672e+00,3.931538581848144531e+00,7.139507770538330078e+00,7.995548099279403687e-02,1.060976204178476337e+03
8.169741630554199219e+00,4.219992160797119141e+00,6.768775939941406250e+00,4.079334065318107605e-02,1.390708482278197607e+03
9.282224655151367188e+00,5.460533618927001953e+00,3.780466794967651367e+00,1.448518130928277969e-02,2.205000000000000000e+03
7.675400257110595703e+00,4.038841247558593750e+00,2.596562623977661133e+00,4.166085645556449890e-02,1.153470749085223360e+03
7.492276191711425781e+00,3.027224063873291016e+00,2.035560369491577148e+00,1.275037527084350586e-01,1.799088351546549347e+03
7.057427406311035156e+00,1.429513812065124512e+00,9.203279614448547363e-01,1.892838627099990845e-01,1.725991200803905940e+03
7.256165027618408203e+00,-1.315988004207611084e-01,2.544434666633605957e-01,2.472452968358993530e-01,1.680296080882411616e+03
7.840538024902343750e+00,-1.463093161582946777e+00,3.911764323711395264e-01,2.654637396335601807e-01,1.663370503050031402e+03
8.270697593688964844e+00,-2.132596492767333984e+00,7.993654012680053711e-01,2.365762442350387573e-01,1.223926789294838045e+03
8.407987594604492188e+00,-2.139435529708862305e+00,9.100525975227355957e-01,1.907492876052856445e-01,1.599615815251229606e+03
8.888779640197753906e+00,-1.568891525268554688e+00,1.364103555679321289e+00,1.046179458498954773e-01,1.580371364472152663e+03
8.782596588134765625e+00,6.021186828613281250e+00,3.583685874938964844e+00,2.404751628637313843e-02,1.006913564271127711e+03
-3.963105678558349609e-01,5.143091201782226562e+00,3.569205284118652344e+00,8.249827474355697632e-02,1.555269110623616371e+03
-7.326758503913879395e-01,5.377250194549560547e+00,3.387398242950439453e+00,1.272514462471008301e-01,1.856747270831846208e+03
-2.110489606857299805e+00,5.796534538269042969e+00,3.926555395126342773e+00,1.594079881906509399e-01,1.842319244306468363e+03
-1.306531071662902832e+00,5.172403812408447266e+00,3.871296882629394531e+00,1.708271056413650513e-01,1.836665775753604976e+03
-3.664283454418182373e-02,3.961150169372558594e+00,4.171419620513916016e+00,1.722484380006790161e-01,1.819220411117139065e+03
1.808243870735168457e+00,2.968496799468994141e+00,5.841701507568359375e+00,1.775489151477813721e-01,1.801488476330084723e+03
3.116128921508789062e+00,2.221141815185546875e+00,6.960890293121337891e+00,2.306258082389831543e-01,1.168445401816250978e+03
4.341845035552978516e+00,2.019409894943237305e+00,7.659710407257080078e+00,2.553489506244659424e-01,2.205000000000000000e+03
5.771072387695312500e+00,2.179350614547729492e+00,8.219433784484863281e+00,2.566468417644500732e-01,2.205000000000000000e+03
6.974171638488769531e+00,3.070022821426391602e+00,7.670076847076416016e+00,2.350592613220214844e-01,2.205000000000000000e+03
7.669754505157470703e+00,3.647341728210449219e+00,7.104282855987548828e+00,1.561999768018722534e-01,1.396805824890288477e+03
7.952366828918457031e+00,3.951727867126464844e+00,6.866423130035400391e+00,8.995867520570755005e-02,2.051015813917794276e+03
9.099761009216308594e+00,5.658100128173828125e+00,3.745540142059326172e+00,2.618415281176567078e-02,1.390452911983272315e+03
8.958689689636230469e+00,5.275993824005126953e+00,3.582041025161743164e+00,2.201763913035392761e-02,1.687830327287188084e+03
7.472236156463623047e+00,3.856155872344970703e+00,2.420032978057861328e+00,5.609006434679031372e-02,1.982397848259106240e+03
7.454032421112060547e+00,3.255011081695556641e+00,2.126621007919311523e+00,1.621219068765640259e-01,1.802057189518951418e+03
7.012247562408447266e+00,1.516352891921997070e+00,9.481841921806335449e-01,2.505255639553070068e-01,1.721014614784338391e+03
7.276017665863037109e+00,-1.126446723937988281e-01,2.763096392154693604e-01,3.160359263420104980e-01,1.693231057647808711e+03
7.824151515960693359e+00,-1.450942754745483398e+00,3.224298059940338135e-01,3.393219709396362305e-01,1.678764703020258139e+03
8.526193618774414062e+00,-1.960614681243896484e+00,5.049096941947937012e-01,3.033444583415985107e-01,1.657843965510175622e+03
8.768184661865234375e+00,-2.081360578536987305e+00,7.839978337287902832e-01,2.356948554515838623e-01,1.221307046898101817e+03
9.115566253662109375e+00,-1.749069809913635254e+00,1.227585554122924805e+00,1.342028528451919556e-01,1.584822427039645163e+03
8.798087120056152344e+00,5.838458061218261719e+00,3.467954397201538086e+00,3.605381026864051819e-02,1.162888874482513074e+03
-7.656050920486450195e-01,5.210217952728271484e+00,3.313521146774291992e+00,1.211972981691360474e-01,1.962032096862750222e+03
-1.179830908775329590e+00,5.490504264831542969e+00,3.373509168624877930e+00,1.835319101810455322e-01,1.842162856251248513e+03
-2.030707359313964844e+00,5.731276988983154297e+00,3.877651929855346680e+00,2.313420921564102173e-01,1.824654403775933361e+03
-1.491230964660644531e+00,5.278342247009277344e+00,3.871117115020751953e+00,2.577592730522155762e-01,1.818893080202538385e+03
7.955912500619888306e-03,3.932139635086059570e+00,4.377734661102294922e+00,2.516346573829650879e-01,1.806838839638050104e+03
1.758404850959777832e+00,2.996401309967041016e+00,5.805438518524169922e+00,2.426998019218444824e-01,7.113639906503012753e+02
3.091950893402099609e+00,2.223890781402587891e+00,6.917002201080322266e+00,2.612825036048889160e-01,1.172001151103303982e+03
4.277822017669677734e+00,2.013642311096191406e+00,7.633991718292236328e+00,2.724079787731170654e-01,2.205000000000000000e+03
5.712246417999267578e+00,2.158957242965698242e+00,8.196603775024414062e+00,2.753776311874389648e-01,2.205000000000000000e+03
7.145453929901123047e+00,3.308274745941162109e+00,7.664782047271728516e+00,2.517695426940917969e-01,2.205000000000000000e+03
7.622635841369628906e+00,4.001461029052734375e+00,7.415641784667968750e+00,1.848797500133514404e-01,1.392509131481506756e+03
7.716893672943115234e+00,4.032101631164550781e+00,7.447200775146484375e+00,1.187125667929649353e-01,2.041212470557231882e+03
8.485261917114257812e+00,4.339021205902099609e+00,6.619107723236083984e+00,4.690793529152870178e-02,2.016964023180514005e+03
9.614360809326171875e+00,6.476805210113525391e+00,3.644537687301635742e+00,7.424252573400735855e-03,2.087585462013362303e+03
9.737247467041015625e+00,6.954354286193847656e+00,3.374431133270263672e+00,6.991291418671607971e-03,2.205000000000000000e+03
9.770866394042968750e+00,7.557667255401611328e+00,2.860763072967529297e+00,6.211905274540185928e-03,2.205000000000000000e+03
9.805428504943847656e+00,7.697198390960693359e+00,2.693399429321289062e+00,4.458265379071235657e-03,2.205000000000000000e+03
9.773662567138671875e+00,7.773839950561523438e+00,2.576018095016479492e+00,4.167211707681417465e-03,7.472499667513174870e+01
9.762069702148437500e+00,7.838387489318847656e+00,2.550683736801147461e+00,4.307270050048828125e-03,7.446202173940702096e+01
9.751518249511718750e+00,7.792026996612548828e+00,2.578648090362548828e+00,5.047315265983343124e-03,7.668668135397439301e+01
9.950319290161132812e+00,7.906658172607421875e+00,2.346850156784057617e+00,4.840995185077190399e-03,1.374878936956628763e+02
9.876434326171875000e+00,7.878731727600097656e+00,2.449633598327636719e+00,5.152485799044370651e-03,1.371715862180087129e+02
9.760653495788574219e+00,7.672502040863037109e+00,2.831728458404541016e+00,6.669716443866491318e-03,2.205000000000000000e+03
9.764925003051757812e+00,7.684760093688964844e+00,2.687271118164062500e+00,5.949310958385467529e-03,2.205000000000000000e+03
9.719513893127441406e+00,7.722169876098632812e+00,2.612711429595947266e+00,5.846356041729450226e-03,2.205000000000000000e+03
9.764452934265136719e+00,7.822127342224121094e+00,2.501738786697387695e+00,5.427886266261339188e-03,1.865399511136093906e+02
9.853299140930175781e+00,7.963620185852050781e+00,2.344717979431152344e+00,3.550485009327530861e-03,6.643669404951826607e+01
9.810867309570312500e+00,8.073794364929199219e+00,2.340525627136230469e+00,4.410605877637863159e-03,1.724655726089351617e+02
9.853138923645019531e+00,8.369036674499511719e+00,2.249732017517089844e+00,5.095690023154020309e-03,1.784515641050689965e+02
1.012217712402343750e+01,8.814979553222656250e+00,2.027351856231689453e+00,5.782830063253641129e-03,1.850872603196036437e+02
1.002147006988525391e+01,8.884204864501953125e+00,2.125068187713623047e+00,5.895374808460474014e-03,1.243914819716014506e+02
1.009819984436035156e+01,8.920190811157226562e+00,2.095084905624389648e+00,5.141539033502340317e-03,1.235598100959143864e+02
1.005129718780517578e+01,8.917684555053710938e+00,2.082535743713378906e+00,4.601982887834310532e-03,7.656975902672532186e+01
1.003785991668701172e+01,8.870532989501953125e+00,2.098066806793212891e+00,3.757136873900890350e-03,7.646032821457579587e+01
9.945297241210937500e+00,8.866146087646484375e+00,2.171201467514038086e+00,3.961972892284393311e-03,6.523668639053254026e+01
9.999182701110839844e+00,8.887474060058593750e+00,2.133809328079223633e+00,4.323601722717285156e-03,6.523668639053254026e+01
9.940901756286621094e+00,8.959214210510253906e+00,2.260180711746215820e+00,4.636622034013271332e-03,8.956760111976575445e+01
9.759201049804687500e+00,8.954826354980468750e+00,2.551255226135253906e+00,5.267172586172819138e-03,6.523668639053254026e+01
9.782744407653808594e+00,8.860844612121582031e+00,3.079592466354370117e+00,5.177060607820749283e-03,6.523668639053254026e+01
9.880105972290039062e+00,8.744264602661132812e+00,3.540834903717041016e+00,5.285007413476705551e-03,6.523668639053254026e+01
9.916954040527343750e+00,8.719718933105468750e+00,3.796663045883178711e+00,5.547038745135068893e-03,6.523668639053254026e+01
9.931508064270019531e+00,8.629594802856445312e+00,3.914894580841064453e+00,5.269059445708990097e-03,6.523668639053254026e+01
1.062923908233642578e+01,9.289000511169433594e+00,5.604451656341552734e+00,5.715920589864253998e-03,6.523668639053254026e+01
1.117360401153564453e+01,9.325532913208007812e+00,5.035859107971191406e+00,5.618152674287557602e-03,6.714129328124424489e+01
1.186270046234130859e+01,1.017654895782470703e+01,3.126112222671508789e+00,5.924609024077653885e-03,6.523668639053254026e+01
1.176656723022460938e+01,1.011864948272705078e+01,3.064238309860229492e+00,5.779470782727003098e-03,6.523668639053254026e+01
1.182833862304687500e+01,1.010320758819580078e+01,2.972743034362792969e+00,5.602764897048473358e-03,6.523668639053254026e+01
1.194954776763916016e+01,1.008967018127441406e+01,2.878944635391235352e+00,5.630802828818559647e-03,7.038437554530833040e+01
1.200884723663330078e+01,1.007838344573974609e+01,2.801021575927734375e+00,5.212184507399797440e-03,1.579640000115409748e+02
1.204251384735107422e+01,1.005245780944824219e+01,2.736204385757446289e+00,5.372963380068540573e-03,1.457697572674680941e+02
1.208229255676269531e+01,1.004811000823974609e+01,2.690934181213378906e+00,4.701675847172737122e-03,1.505280124783425890e+02
1.203517818450927734e+01,1.007213973999023438e+01,2.739183187484741211e+00,4.778467584401369095e-03,1.480842032739228671e+02
1.196074104309082031e+01,1.011614227294921875e+01,2.769780874252319336e+00,4.154135938733816147e-03,1.483792452438866007e+02
1.129092502593994141e+01,1.005655765533447266e+01,3.287030458450317383e+00,3.599882125854492188e-03,6.569677115279394286e+01
1.086642074584960938e+01,9.477554321289062500e+00,3.542738199234008789e+00,4.510009195655584335e-03,6.523668639053254026e+01
1.071546077728271484e+01,9.241608619689941406e+00,3.600593805313110352e+00,4.476838279515504837e-03,2.205000000000000000e+03
1.079707527160644531e+01,9.063302040100097656e+00,3.604585409164428711e+00,4.800215363502502441e-03,2.077949786945304368e+03
1.080923652648925781e+01,9.059712409973144531e+00,3.706379652023315430e+00,4.911699332296848297e-03,2.095107354639872938e+03
1.111587810516357422e+01,8.998824119567871094e+00,3.618092536926269531e+00,4.828684031963348389e-03,2.205000000000000000e+03
1.121280384063720703e+01,9.142525672912597656e+00,3.517071723937988281e+00,4.757015965878963470e-03,1.432325959409346865e+02
1.114302730560302734e+01,9.087358474731445312e+00,3.470964908599853516e+00,4.718997981399297714e-03,1.431886558781034751e+02
1.117134094238281250e+01,9.159371376037597656e+00,3.437841415405273438e+00,5.516654346138238907e-03,1.483865899966352231e+02
1.162651920318603516e+01,9.508602142333984375e+00,3.197453260421752930e+00,5.528215318918228149e-03,1.490199296226502099e+02
1.150080776214599609e+01,9.976696014404296875e+00,2.982960224151611328e+00,5.661634262651205063e-03,6.606818917954861092e+01
1.146565341949462891e+01,9.983753204345703125e+00,2.966439485549926758e+00,6.113772746175527573e-03,1.496231718307451501e+02
1.133690166473388672e+01,9.852414131164550781e+00,2.842440366744995117e+00,6.090634968131780624e-03,1.510457552284811413e+02
1.161092185974121094e+01,1.055024433135986328e+01,1.819837450981140137e+00,5.714443046599626541e-03,1.538078217777234045e+02
1.162284851074218750e+01,1.054832649230957031e+01,1.704694747924804688e+00,5.485252011567354202e-03,1.555814339222138187e+02
1.159762954711914062e+01,1.047378635406494141e+01,1.796546339988708496e+00,4.596434533596038818e-03,7.164605968692208648e+01
1.093633079528808594e+01,9.770503044128417969e+00,2.982664585113525391e+00,3.769912291318178177e-03,1.518949185049920345e+02
1.071581172943115234e+01,9.139178276062011719e+00,3.042409181594848633e+00,4.050862975418567657e-03,7.872305330714968363e+01
1.059529304504394531e+01,8.709222793579101562e+00,3.169325590133666992e+00,3.881887299939990044e-03,2.536188410132767785e+02
1.063571357727050781e+01,8.579156875610351562e+00,3.118001699447631836e+00,5.283281672745943069e-03,2.205000000000000000e+03
1.074608039855957031e+01,8.622283935546875000e+00,3.022424221038818359e+00,5.197972059249877930e-03,2.205000000000000000e+03
1.087675857543945312e+01,8.690814018249511719e+00,3.028386354446411133e+00,5.177814513444900513e-03,2.205000000000000000e+03
1.071190929412841797e+01,8.603927612304687500e+00,2.836011886596679688e+00,5.368055310100317001e-03,6.523668639053254026e+01
1.070660400390625000e+01,8.663685798645019531e+00,2.820449113845825195e+00,4.677696619182825089e-03,6.537455603073532018e+01
1.074458599090576172e+01,8.642207145690917969e+00,2.844124555587768555e+00,4.722235258668661118e-03,6.523668639053254026e+01
1.102241992950439453e+01,9.312397956848144531e+00,2.569357872009277344e+00,4.367416258901357651e-03,6.523668639053254026e+01
1.101696872711181641e+01,9.492485046386718750e+00,2.281425714492797852e+00,4.602050874382257462e-03,7.148914657494538005e+01
1.099895668029785156e+01,9.536886215209960938e+00,2.159776210784912109e+00,4.868422634899616241e-03,7.278913621021146696e+01
1.097274780273437500e+01,9.553424835205078125e+00,2.070939302444458008e+00,4.692125134170055389e-03,7.359097103511962246e+01
1.111785030364990234e+01,9.762953758239746094e+00,1.992847561836242676e+00,4.635082092136144638e-03,7.555585858514653808e+01
1.133849334716796875e+01,9.901993751525878906e+00,1.817429542541503906e+00,5.227886606007814407e-03,6.523668639053254026e+01
1.150062370300292969e+01,1.021112060546875000e+01,1.635516762733459473e+00,4.353060852736234665e-03,6.765126973686496115e+01
1.120421504974365234e+01,1.049414443969726562e+01,1.851343393325805664e+00,4.923899658024311066e-03,6.523668639053254026e+01
1.067996692657470703e+01,1.025580120086669922e+01,2.392566442489624023e+00,5.479185841977596283e-03,6.523668639053254026e+01
1.008802032470703125e+01,9.105022430419921875e+00,3.526520967483520508e+00,4.517487715929746628e-03,6.523668639053254026e+01
1.005786705017089844e+01,8.914416313171386719e+00,3.790464162826538086e+00,5.322963465005159378e-03,6.523668639053254026e+01
1.011731529235839844e+01,8.870703697204589844e+00,3.880765676498413086e+00,4.888041410595178604e-03,6.523668639053254026e+01
1.137275886535644531e+01,8.703022003173828125e+00,4.763106346130371094e+00,4.464022815227508545e-03,6.523668639053254026e+01
1.143509674072265625e+01,9.052474021911621094e+00,4.606512069702148438e+00,5.611113738268613815e-03,3.695431031186327573e+02
1.143601131439208984e+01,9.206455230712890625e+00,4.365815639495849609e+00,5.555169191211462021e-03,9.129144799405671051e+01
1.143665504455566406e+01,9.568648338317871094e+00,3.507345438003540039e+00,6.534221582114696503e-03,2.205000000000000000e+03
8.499992370605468750e+00,4.686009407043457031e+00,3.054315805435180664e+00,1.699331030249595642e-02,2.205000000000000000e+03
7.772833824157714844e+00,3.763912916183471680e+00,2.616945266723632812e+00,9.165980666875839233e-02,1.789302670812519864e+03
7.083335399627685547e+00,1.459611177444458008e+00,9.792662858963012695e-01,1.876667290925979614e-01,1.681855522051760545e+03
7.171507835388183594e+00,3.203867748379707336e-02,2.627609372138977051e-01,2.312315851449966431e-01,1.630482594561809492e+03
7.964657783508300781e+00,-1.897591471672058105e+00,5.435366034507751465e-01,2.307274043560028076e-01,1.630563845330124877e+03
8.369063377380371094e+00,-2.249604225158691406e+00,8.328169584274291992e-01,2.124046981334686279e-01,1.608173417126597769e+03
8.903991699218750000e+00,-1.838718414306640625e+00,1.344391942024230957e+00,1.352823525667190552e-01,1.554890820964694740e+03
9.072088241577148438e+00,6.008659362792968750e+00,3.723209142684936523e+00,1.527416799217462540e-02,1.163348458879359896e+03
-1.551310718059539795e-01,5.024982929229736328e+00,3.653092384338378906e+00,7.413782179355621338e-02,2.034444081196457319e+03
-7.081357240676879883e-01,5.389186382293701172e+00,3.348902702331542969e+00,1.226529553532600403e-01,1.856178104023824972e+03
-2.091982126235961914e+00,5.776417732238769531e+00,3.923604488372802734e+00,1.753348708152770996e-01,1.813644863314357963e+03
-1.616691827774047852e+00,5.367815494537353516e+00,3.911624431610107422e+00,2.314464002847671509e-01,7.881668455276758323e+02
-4.228983446955680847e-02,3.904954910278320312e+00,4.228378772735595703e+00,2.693019211292266846e-01,1.006213531316691160e+03
1.922145009040832520e+00,2.883673906326293945e+00,5.949952602386474609e+00,3.014175891876220703e-01,1.393554527696898049e+03
3.489508867263793945e+00,2.088303089141845703e+00,7.209627151489257812e+00,3.155626952648162842e-01,1.162563562900620582e+03
4.707181930541992188e+00,1.988752603530883789e+00,7.873197078704833984e+00,3.061420917510986328e-01,2.205000000000000000e+03
5.847857475280761719e+00,2.216237068176269531e+00,8.185235977172851562e+00,2.830089330673217773e-01,2.205000000000000000e+03
7.258466243743896484e+00,3.374907970428466797e+00,7.559744834899902344e+00,2.308816313743591309e-01,2.205000000000000000e+03
7.640497684478759766e+00,4.000961303710937500e+00,7.286934375762939453e+00,1.699327975511550903e-01,1.376262150604078670e+03
7.812351703643798828e+00,4.009404659271240234e+00,7.218177795410156250e+00,1.082639768719673157e-01,2.022273986236085875e+03
9.448722839355468750e+00,5.724447727203369141e+00,4.184278964996337891e+00,3.434868901968002319e-02,1.372482308694423637e+03
7.726017951965332031e+00,4.099176406860351562e+00,2.647817850112915039e+00,2.890369109809398651e-02,2.205000000000000000e+03
7.465438842773437500e+00,3.798441171646118164e+00,2.391548156738281250e+00,1.195471137762069702e-01,1.883769226097501360e+03
6.912382602691650391e+00,1.657884597778320312e+00,9.887531399726867676e-01,2.148310095071792603e-01,1.794332244234235759e+03
7.154552459716796875e+00,1.487758308649063110e-01,3.093772530555725098e-01,2.937191724777221680e-01,1.710130946174323981e+03
7.708333969116210938e+00,-1.222100615501403809e+00,3.309125900268554688e-01,3.466524481773376465e-01,1.671878328498248948e+03
7.890502452850341797e+00,-1.653978347778320312e+00,4.387495219707489014e-01,3.367542326450347900e-01,1.655981139307928061e+03
8.232563018798828125e+00,-2.106091260910034180e+00,7.637882828712463379e-01,2.855556905269622803e-01,1.611126548443009142e+03
8.475551605224609375e+00,-2.141562461853027344e+00,9.472199082374572754e-01,2.033810615539550781e-01,1.580770445661648182e+03
8.966942787170410156e+00,5.877460956573486328e+00,3.604531288146972656e+00,8.560831099748611450e-02,1.154363048193580426e+03
-1.213684603571891785e-01,4.969562530517578125e+00,3.655043363571166992e+00,9.481966495513916016e-02,2.002461595038416363e+03
-7.022512555122375488e-01,5.399215698242187500e+00,3.362693071365356445e+00,1.502837687730789185e-01,1.844975279011387329e+03
-2.099029779434204102e+00,5.783173084259033203e+00,3.918368816375732422e+00,2.051771283149719238e-01,8.853281460337931321e+02
-1.850652098655700684e+00,5.584118843078613281e+00,3.960227489471435547e+00,2.532010972499847412e-01,8.832919241984996006e+02
1.798708550631999969e-02,3.953825950622558594e+00,4.221417903900146484e+00,2.750446498394012451e-01,1.005635228077362513e+03
1.729219079017639160e+00,3.021698951721191406e+00,5.771717071533203125e+00,2.931209802627563477e-01,1.165040886442538522e+03
2.920326471328735352e+00,2.300012588500976562e+00,6.785242557525634766e+00,3.166311979293823242e-01,1.162980200077541213e+03
4.120467662811279297e+00,1.991667985916137695e+00,7.583475589752197266e+00,3.152028322219848633e-01,2.205000000000000000e+03
5.670746326446533203e+00,2.140251159667968750e+00,8.181384086608886719e+00,3.081017732620239258e-01,2.205000000000000000e+03
6.943725109100341797e+00,3.034975290298461914e+00,7.707789421081542969e+00,2.682582437992095947e-01,2.205000000000000000e+03
7.701137065887451172e+00,4.048941612243652344e+00,7.371415138244628906e+00,1.952372044324874878e-01,1.397215816413219500e+03
7.962135791778564453e+00,4.308189868927001953e+00,7.165063858032226562e+00,1.280793398618698120e-01,2.053686807903140561e+03
9.443472862243652344e+00,5.658801555633544922e+00,4.138750553131103516e+00,3.058129549026489258e-02,2.062907479461956882e+03
8.755325317382812500e+00,4.894898891448974609e+00,3.339097738265991211e+00,2.641152776777744293e-02,1.703702947457838491e+03
7.461909294128417969e+00,3.881147384643554688e+00,2.424839973449707031e+00,6.585279107093811035e-02,1.983401915334727846e+03
7.438346385955810547e+00,3.047237873077392578e+00,2.015203237533569336e+00,1.877155452966690063e-01,1.786224514760696138e+03
6.886458873748779297e+00,1.639464020729064941e+00,9.560988545417785645e-01,2.925129532814025879e-01,1.699429182343619459e+03
7.242459774017333984e+00,-1.513286530971527100e-01,2.352549731731414795e-01,3.652994334697723389e-01,1.654510415065458346e+03
7.854007720947265625e+00,-1.598512172698974609e+00,4.094807207584381104e-01,3.784421980381011963e-01,1.641784242488254222e+03
8.199433326721191406e+00,-2.066863536834716797e+00,7.353377342224121094e-01,3.351522386074066162e-01,1.609448973434379923e+03
8.327444076538085938e+00,-2.081507205963134766e+00,8.846477270126342773e-01,2.490070462226867676e-01,1.576062661216123843e+03
8.931516647338867188e+00,-1.534301042556762695e+00,1.404630064964294434e+00,1.160682663321495056e-01,1.547665186512487480e+03
6.167710423469543457e-01,4.624337196350097656e+00,3.893292903900146484e+00,6.142295897006988525e-02,1.707557818537139838e+03
-6.497794389724731445e-01,5.299634933471679688e+00,3.425479412078857422e+00,1.549206078052520752e-01,1.886170074429061287e+03
-1.983035564422607422e+00,5.717566490173339844e+00,3.858544588088989258e+00,2.166652083396911621e-01,1.837738278505085191e+03
-2.002263307571411133e+00,5.659963130950927734e+00,3.951397657394409180e+00,2.602204084396362305e-01,1.826014056055733136e+03
-3.199259340763092041e-01,4.041898250579833984e+00,4.218656063079833984e+00,2.942921221256256104e-01,1.818617099716688472e+03
-1.382431201636791229e-02,3.920593976974487305e+00,4.348378658294677734e+00,3.022159934043884277e-01,7.122939725859877171e+02
9.913511574268341064e-02,3.874752521514892578e+00,4.385447502136230469e+00,2.972441315650939941e-01,1.006974110478521311e+03
2.593360900878906250e+00,2.470023155212402344e+00,6.522083282470703125e+00,3.174522817134857178e-01,1.002920067635317650e+03
3.818297863006591797e+00,2.051008939743041992e+00,7.394045352935791016e+00,3.338918983936309814e-01,1.158218134065459026e+03
5.406097888946533203e+00,2.078625917434692383e+00,8.130518913269042969e+00,3.249210715293884277e-01,2.205000000000000000e+03
6.593976020812988281e+00,2.759733676910400391e+00,7.875806808471679688e+00,3.044075369834899902e-01,2.205000000000000000e+03
7.451950073242187500e+00,3.609325647354125977e+00,7.378132820129394531e+00,2.438696473836898804e-01,2.205000000000000000e+03
7.736231327056884766e+00,3.966710329055786133e+00,7.271480083465576172e+00,1.617238521575927734e-01,1.391936198716099852e+03
8.146014213562011719e+00,4.199725151062011719e+00,6.805273056030273438e+00,8.425006270408630371e-02,1.397199501366214236e+03
9.380969047546386719e+00,5.910493850708007812e+00,4.147985458374023438e+00,6.695029791444540024e-03,2.205000000000000000e+03
9.460749626159667969e+00,6.012422084808349609e+00,4.214313983917236328e+00,6.259819958359003067e-03,2.205000000000000000e+03
1.069847965240478516e+01,8.396588325500488281e+00,3.099880933761596680e+00,5.884637124836444855e-03,2.205000000000000000e+03
1.079196357727050781e+01,8.652066230773925781e+00,3.058771133422851562e+00,5.857198499143123627e-03,2.205000000000000000e+03
1.086701774597167969e+01,8.726252555847167969e+00,3.083205938339233398e+00,5.315685179084539413e-03,2.205000000000000000e+03
1.079642772674560547e+01,8.688797950744628906e+00,2.929357290267944336e+00,4.465071484446525574e-03,2.205000000000000000e+03
1.067003726959228516e+01,8.491066932678222656e+00,2.982784748077392578e+00,5.364131182432174683e-03,6.523668639053254026e+01
1.051016044616699219e+01,8.042076110839843750e+00,2.958795547485351562e+00,5.231440532952547073e-03,7.046232169528057909e+01
1.041556835174560547e+01,7.905955314636230469e+00,2.929060935974121094e+00,5.265183281153440475e-03,7.084514337665841310e+01
1.041078376770019531e+01,7.881556987762451172e+00,2.892703771591186523e+00,5.395380780100822449e-03,7.073782985648377064e+01
1.042640209197998047e+01,7.894673824310302734e+00,2.933697462081909180e+00,5.040556192398071289e-03,2.205000000000000000e+03
1.069168758392333984e+01,8.513586044311523438e+00,2.822029352188110352e+00,4.889631643891334534e-03,2.205000000000000000e+03
1.071175098419189453e+01,8.647064208984375000e+00,2.761888027191162109e+00,5.690010730177164078e-03,2.205000000000000000e+03
1.069635772705078125e+01,8.732483863830566406e+00,2.659175395965576172e+00,5.464086309075355530e-03,2.205000000000000000e+03
1.069884395599365234e+01,8.862594604492187500e+00,2.592411756515502930e+00,6.952811032533645630e-03,1.217147973711421969e+02
1.069184780120849609e+01,9.217724800109863281e+00,2.348303079605102539e+00,7.378851063549518585e-03,3.629077707202325769e+02
1.070241260528564453e+01,9.311380386352539062e+00,2.290419816970825195e+00,7.028601597994565964e-03,3.637087233678779512e+02
1.069140243530273438e+01,9.324036598205566406e+00,2.233342647552490234e+00,6.813999731093645096e-03,3.772132227603170804e+02
1.059674644470214844e+01,9.274263381958007812e+00,2.348790407180786133e+00,5.073390901088714600e-03,6.934926998831745948e+01
1.067057609558105469e+01,9.338119506835937500e+00,2.296075582504272461e+00,4.788672085851430893e-03,6.523668639053254026e+01
1.070221233367919922e+01,9.339528083801269531e+00,2.299832344055175781e+00,4.172490909695625305e-03,6.523668639053254026e+01
1.069857215881347656e+01,9.338127136230468750e+00,2.280799865722656250e+00,4.712102934718132019e-03,6.523668639053254026e+01
1.067941570281982422e+01,9.337051391601562500e+00,2.319297790527343750e+00,4.448632709681987762e-03,6.523668639053254026e+01
1.058530902862548828e+01,9.411041259765625000e+00,3.153867244720458984e+00,3.715950995683670044e-03,6.523668639053254026e+01
1.038829135894775391e+01,9.178198814392089844e+00,3.462106704711914062e+00,4.529395140707492828e-03,6.523668639053254026e+01
1.010524368286132812e+01,8.948049545288085938e+00,3.835411787033081055e+00,4.587831441313028336e-03,3.571991878823052957e+02
1.003777694702148438e+01,8.836554527282714844e+00,3.967137813568115234e+00,4.642668180167675018e-03,3.562880701431832904e+02
9.932135581970214844e+00,8.779235839843750000e+00,3.864909887313842773e+00,5.136223975569009781e-03,3.552959591678717857e+02
1.046144962310791016e+01,9.188938140869140625e+00,3.535019874572753906e+00,4.449122585356235504e-03,3.535606744437196767e+02
1.042442703247070312e+01,9.138109207153320312e+00,3.346886157989501953e+00,3.954861778765916824e-03,3.559583261606668430e+02
1.048922920227050781e+01,9.200019836425781250e+00,3.286148786544799805e+00,4.087992478162050247e-03,6.928038333345131150e+01
1.051749134063720703e+01,9.268542289733886719e+00,2.894886493682861328e+00,4.078665282577276230e-03,6.586593340029725141e+01
1.071779727935791016e+01,9.205312728881835938e+00,2.246414184570312500e+00,4.334867000579833984e-03,6.523668639053254026e+01
1.076256465911865234e+01,9.234619140625000000e+00,2.170841217041015625e+00,4.747841041535139084e-03,6.523668639053254026e+01
1.055407619476318359e+01,9.240884780883789062e+00,2.366162061691284180e+00,4.570510704070329666e-03,3.532363882757684337e+02
1.058053112030029297e+01,9.269531250000000000e+00,2.505033254623413086e+00,4.370416980236768723e-03,6.523668639053254026e+01
1.059429454803466797e+01,9.186869621276855469e+00,2.358396768569946289e+00,5.282012280076742172e-03,6.523668639053254026e+01
1.065206527709960938e+01,9.231393814086914062e+00,2.338216066360473633e+00,5.221514031291007996e-03,6.523668639053254026e+01
1.070123004913330078e+01,9.286284446716308594e+00,2.247015237808227539e+00,5.193810444325208664e-03,6.523668639053254026e+01
1.076830196380615234e+01,9.380312919616699219e+00,2.247553110122680664e+00,6.816107314079999924e-03,6.523668639053254026e+01
1.069152545928955078e+01,9.249059677124023438e+00,2.387558698654174805e+00,6.264557130634784698e-03,6.523668639053254026e+01
1.070931148529052734e+01,8.971696853637695312e+00,2.676382064819335938e+00,6.189188454300165176e-03,6.523668639053254026e+01
1.059970664978027344e+01,9.135327339172363281e+00,3.386721134185791016e+00,6.390993949025869370e-03,6.523668639053254026e+01
1.082364845275878906e+01,9.036173820495605469e+00,3.656429290771484375e+00,4.452592693269252777e-03,6.523668639053254026e+01
1.084693813323974609e+01,8.895806312561035156e+00,3.716918230056762695e+00,5.044798832386732101e-03,1.642518936501009250e+02
1.090832710266113281e+01,8.931581497192382812e+00,3.975191354751586914e+00,4.837024025619029999e-03,1.632752496265783861e+02
1.110789966583251953e+01,8.929582595825195312e+00,4.257584571838378906e+00,6.300069391727447510e-03,6.523668639053254026e+01
1.138249397277832031e+01,8.984656333923339844e+00,4.566475391387939453e+00,6.314265541732311249e-03,6.523668639053254026e+01
1.141654968261718750e+01,9.073023796081542969e+00,4.674545764923095703e+00,6.071697454899549484e-03,6.523668639053254026e+01
1.136595249176025391e+01,9.217901229858398438e+00,4.831112384796142578e+00,6.137038581073284149e-03,6.523668639053254026e+01
1.138114166259765625e+01,9.221164703369140625e+00,4.855907440185546875e+00,4.400111734867095947e-03,9.366855224566891991e+01
1.136006069183349609e+01,9.236050605773925781e+00,4.885600566864013672e+00,4.284067079424858093e-03,7.718055209457233445e+01
1.135936450958251953e+01,9.216253280639648438e+00,4.934924125671386719e+00,3.642173483967781067e-03,9.871132046986049602e+01
1.135317039489746094e+01,9.281853675842285156e+00,4.907632827758789062e+00,3.703657072037458420e-03,7.887982027954620889e+01
1.137284278869628906e+01,9.305973052978515625e+00,4.881441593170166016e+00,3.562501864507794380e-03,7.572640899330231434e+01
8.587078094482421875e+00,4.705626487731933594e+00,3.022866725921630859e+00,1.415087189525365829e-02,2.205000000000000000e+03
7.849127769470214844e+00,3.832592725753784180e+00,2.611036062240600586e+00,8.035112172365188599e-02,1.821502082503084011e+03
6.953060150146484375e+00,1.571996688842773438e+00,9.619327187538146973e-01,1.801689714193344116e-01,1.697886038115695328e+03
7.139572143554687500e+00,1.617111414670944214e-01,3.063051998615264893e-01,2.409397065639495850e-01,1.641370141072964316e+03
7.720495223999023438e+00,-1.533281683921813965e+00,2.606107890605926514e-01,2.446309328079223633e-01,1.634987153830616762e+03
8.799890518188476562e+00,-2.331353425979614258e+00,7.888258099555969238e-01,2.315044105052947998e-01,1.620276396307255027e+03
9.190345764160156250e+00,-2.108331203460693359e+00,1.029459238052368164e+00,1.661069393157958984e-01,1.574381708747244829e+03
9.186195373535156250e+00,5.633891582489013672e+00,3.529911041259765625e+00,4.520023614168167114e-02,2.205000000000000000e+03
8.446439504623413086e-01,4.552219867706298828e+00,3.836338520050048828e+00,5.445951223373413086e-02,2.205000000000000000e+03
-8.716340065002441406e-01,5.272280216217041016e+00,3.238301277160644531e+00,1.072026044130325317e-01,1.975497422859844164e+03
-1.891024827957153320e+00,5.614233016967773438e+00,3.575193405151367188e+00,1.595915406942367554e-01,3.939885491126801185e+02
-1.945966720581054688e+00,5.613909244537353516e+00,3.567690849304199219e+00,2.223726809024810791e-01,4.161229277326866054e+02
-5.938110947608947754e-01,3.956853389739990234e+00,4.272196769714355469e+00,2.626621425151824951e-01,1.005693060577713709e+03
1.913828611373901367e+00,2.881526947021484375e+00,5.949871063232421875e+00,2.945972383022308350e-01,8.801376721617784824e+02
3.371598720550537109e+00,2.120201826095581055e+00,7.127094745635986328e+00,3.145892024040222168e-01,1.164138296693984103e+03
4.639298915863037109e+00,1.995687603950500488e+00,7.822672367095947266e+00,3.075664043426513672e-01,2.205000000000000000e+03
5.831700325012207031e+00,2.166642665863037109e+00,8.239829063415527344e+00,2.916640639305114746e-01,2.205000000000000000e+03
7.303928852081298828e+00,3.465249061584472656e+00,7.619262695312500000e+00,2.447997927665710449e-01,2.205000000000000000e+03
7.739090919494628906e+00,4.152006149291992188e+00,7.346749305725097656e+00,1.837744265794754028e-01,1.397535758549113098e+03
8.007235527038574219e+00,4.337258338928222656e+00,7.146926403045654297e+00,1.188453286886215210e-01,2.057800556341599986e+03
9.354099273681640625e+00,5.413432121276855469e+00,3.740957021713256836e+00,3.606073185801506042e-02,1.381730776987267973e+03
7.645512104034423828e+00,4.088942050933837891e+00,2.609072685241699219e+00,3.702220320701599121e-02,1.580658724591627788e+03
7.433515548706054688e+00,3.562311649322509766e+00,2.267844676971435547e+00,1.554704159498214722e-01,1.833227682418935046e+03
6.948743343353271484e+00,1.618421554565429688e+00,9.907968640327453613e-01,2.595465183258056641e-01,1.729049445637104554e+03
7.152710437774658203e+00,1.183855757117271423e-01,2.985330224037170410e-01,3.361275494098663330e-01,1.683747983489289709e+03
7.651799678802490234e+00,-1.365394592285156250e+00,2.368244081735610962e-01,3.623427748680114746e-01,1.666904199760046140e+03
8.598841667175292969e+00,-2.174203634262084961e+00,4.887860119342803955e-01,3.293835222721099854e-01,1.230193371642182228e+03
8.965771675109863281e+00,-2.294330835342407227e+00,7.998746633529663086e-01,2.555465996265411377e-01,1.604220535653930483e+03
9.256596565246582031e+00,-1.958600759506225586e+00,1.136882305145263672e+00,1.400050967931747437e-01,1.575453855590140620e+03
8.940032124519348145e-01,4.570300579071044922e+00,3.795472621917724609e+00,3.992862626910209656e-02,2.205000000000000000e+03
-8.727622628211975098e-01,5.266154289245605469e+00,3.235121250152587891e+00,1.405160874128341675e-01,1.882552102686015814e+03
-1.747313022613525391e+00,5.574423789978027344e+00,3.462606191635131836e+00,1.931470185518264771e-01,1.817597550011913199e+03
-2.011031866073608398e+00,5.650150775909423828e+00,3.447501182556152344e+00,2.517436742782592773e-01,8.841259720259149617e+02
-7.053649425506591797e-01,4.003633499145507812e+00,4.241645336151123047e+00,3.019186258316040039e-01,1.005433029132189176e+03
-5.293642878532409668e-01,3.905649423599243164e+00,4.322470188140869141e+00,3.162142634391784668e-01,1.002075633813128206e+03
2.008810281753540039e+00,2.808252096176147461e+00,6.039696216583251953e+00,3.345399796962738037e-01,1.000262688006208350e+03
3.359234094619750977e+00,2.122381448745727539e+00,7.115852832794189453e+00,3.346210420131683350e-01,1.157939798627680602e+03
4.775915145874023438e+00,1.985206842422485352e+00,7.910905361175537109e+00,3.166587650775909424e-01,2.205000000000000000e+03
5.925831317901611328e+00,2.227760314941406250e+00,8.215319633483886719e+00,2.923988103866577148e-01,2.205000000000000000e+03
7.466909885406494141e+00,3.621953010559082031e+00,7.691090106964111328e+00,2.376935184001922607e-01,2.205000000000000000e+03
7.597304821014404297e+00,3.745133876800537109e+00,7.729650020599365234e+00,1.742834746837615967e-01,2.062111080274156393e+03
7.738622188568115234e+00,3.870104074478149414e+00,7.754029750823974609e+00,1.128434538841247559e-01,2.049196357597242695e+03
9.394062042236328125e+00,5.514187335968017578e+00,3.781435489654541016e+00,2.279062010347843170e-02,2.205000000000000000e+03
8.397041320800781250e+00,4.607285022735595703e+00,3.098359346389770508e+00,2.594093792140483856e-02,1.173374060813929646e+03
7.440517902374267578e+00,3.903530359268188477e+00,2.442407608032226562e+00,8.250439167022705078e-02,1.994968618825333806e+03
7.424212455749511719e+00,2.930984258651733398e+00,1.950726509094238281e+00,1.923488974571228027e-01,1.829140719551575785e+03
7.020364284515380859e+00,1.511136651039123535e+00,9.450243711471557617e-01,2.639852464199066162e-01,1.749495749887996453e+03
7.278948783874511719e+00,-8.375597000122070312e-02,2.968432307243347168e-01,3.246837258338928223e-01,1.691716228456173212e+03
7.706456184387207031e+00,-1.419272422790527344e+00,2.546538710594177246e-01,3.257749676704406738e-01,1.683310713485680935e+03
8.575415611267089844e+00,-2.139888286590576172e+00,4.365520775318145752e-01,2.755782008171081543e-01,1.228171567370826779e+03
8.891824722290039062e+00,-2.167239904403686523e+00,8.278666734695434570e-01,2.079800814390182495e-01,1.593276334560667920e+03
9.043511390686035156e+00,5.811766624450683594e+00,3.599686861038208008e+00,8.513130247592926025e-02,1.149875805194263421e+03
-2.140655517578125000e-01,4.849133968353271484e+00,3.640472173690795898e+00,9.513939172029495239e-02,1.685388627495102583e+03
-8.982721567153930664e-01,5.277649402618408203e+00,3.216961145401000977e+00,1.392113715410232544e-01,4.497688948490816756e+02
-2.030608177185058594e+00,5.683340549468994141e+00,3.472214460372924805e+00,1.869229525327682495e-01,1.008199178943045354e+03
-1.959127068519592285e+00,5.636289119720458984e+00,3.485471963882446289e+00,2.358824312686920166e-01,1.166877120572797821e+03
-5.316298604011535645e-01,3.969310522079467773e+00,4.251754283905029297e+00,2.653970718383789062e-01,1.000903867028801528e+03
-3.960874676704406738e-01,3.893592596054077148e+00,4.337226390838623047e+00,2.940620779991149902e-01,1.389631969926835609e+03
2.206545114517211914e+00,2.684674263000488281e+00,6.205413341522216797e+00,3.154479563236236572e-01,1.383536801492831046e+03
3.434194803237915039e+00,2.102588653564453125e+00,7.168745040893554688e+00,3.146675527095794678e-01,1.157188997711826005e+03
4.800511837005615234e+00,1.982439994812011719e+00,7.929886817932128906e+00,3.017645478248596191e-01,2.205000000000000000e+03
5.926098346710205078e+00,2.243222713470458984e+00,8.184867858886718750e+00,2.825504243373870850e-01,2.205000000000000000e+03
7.306389331817626953e+00,3.454416275024414062e+00,7.557755947113037109e+00,2.310706526041030884e-01,2.205000000000000000e+03
7.764551162719726562e+00,4.190394878387451172e+00,7.319676876068115234e+00,1.811744123697280884e-01,2.071404831173295861e+03
8.021211624145507812e+00,4.347489356994628906e+00,7.129965305328369141e+00,1.316553801298141479e-01,2.072676861708062916e+03
9.456344604492187500e+00,5.620802879333496094e+00,3.883153438568115234e+00,4.681083187460899353e-02,2.042550893336806894e+03
9.611430168151855469e+00,5.703578948974609375e+00,3.830463171005249023e+00,5.608004052191972733e-03,1.387571870265992857e+03
1.022296905517578125e+01,6.182810306549072266e+00,3.901862859725952148e+00,4.391098394989967346e-03,2.205000000000000000e+03
1.063647365570068359e+01,6.333573818206787109e+00,3.857409238815307617e+00,4.197963047772645950e-03,2.205000000000000000e+03
1.085031032562255859e+01,6.367921829223632812e+00,3.801979780197143555e+00,4.101689439266920090e-03,2.205000000000000000e+03
1.092420196533203125e+01,6.406584739685058594e+00,3.760479211807250977e+00,4.499334841966629028e-03,1.935472312918501075e+03
1.094188213348388672e+01,6.422770023345947266e+00,3.772157430648803711e+00,4.935775417834520340e-03,1.833237852465457308e+03
1.080036735534667969e+01,6.443542957305908203e+00,3.860691308975219727e+00,4.747049417346715927e-03,1.839023475197365997e+03
1.048766231536865234e+01,6.681333541870117188e+00,3.987723827362060547e+00,4.456483758985996246e-03,1.842916395363741231e+03
1.064088916778564453e+01,7.207940578460693359e+00,3.974589347839355469e+00,4.021741915494203568e-03,6.856228548850995708e+01
1.071981525421142578e+01,7.270609855651855469e+00,4.024825096130371094e+00,3.693158505484461784e-03,6.977279091673395328e+01
1.069855594635009766e+01,7.357161045074462891e+00,4.065781593322753906e+00,3.813614835962653160e-03,7.000205265795511878e+01
1.070306777954101562e+01,7.515453338623046875e+00,3.988267183303833008e+00,4.520216491073369980e-03,6.523668639053254026e+01
1.072037601470947266e+01,7.658249378204345703e+00,4.109081268310546875e+00,4.969792440533638000e-03,6.523668639053254026e+01
1.093086528778076172e+01,8.627837181091308594e+00,4.982940673828125000e+00,5.105928983539342880e-03,1.001930106200456976e+02
9.900041580200195312e+00,8.477007865905761719e+00,3.719860792160034180e+00,4.992878995835781097e-03,8.719808253153971123e+01
9.826821327209472656e+00,8.623539924621582031e+00,3.780539751052856445e+00,4.651950672268867493e-03,6.523668639053254026e+01
9.831440925598144531e+00,8.645838737487792969e+00,3.811265468597412109e+00,4.555957391858100891e-03,6.523668639053254026e+01
9.887218475341796875e+00,8.695370674133300781e+00,3.898468971252441406e+00,4.360736347734928131e-03,7.303287254000613871e+01
9.868114471435546875e+00,8.721195220947265625e+00,3.909504175186157227e+00,5.061455070972442627e-03,7.297417307750842497e+01
9.922229766845703125e+00,8.749461174011230469e+00,3.932756662368774414e+00,5.776746198534965515e-03,2.205000000000000000e+03
1.011178493499755859e+01,8.930022239685058594e+00,3.929752588272094727e+00,5.460387561470270157e-03,6.523668639053254026e+01
1.033671665191650391e+01,9.124305725097656250e+00,3.878091812133789062e+00,5.447288509458303452e-03,2.205000000000000000e+03
1.036310005187988281e+01,9.164177894592285156e+00,3.860682249069213867e+00,4.765791352838277817e-03,6.555288592728346941e+01
1.038369846343994141e+01,9.187166213989257812e+00,3.882509231567382812e+00,3.699253080412745476e-03,8.992832718398679503e+01
1.042628479003906250e+01,9.147521972656250000e+00,3.876502513885498047e+00,3.905245102941989899e-03,6.995974313823742818e+01
1.050459575653076172e+01,9.081793785095214844e+00,3.889487504959106445e+00,3.758197184652090073e-03,7.017539547715354331e+01
1.053913402557373047e+01,9.015492439270019531e+00,3.959469318389892578e+00,3.881327575072646141e-03,6.937313532476647993e+01
1.057986736297607422e+01,8.996984481811523438e+00,3.955599784851074219e+00,3.814856056123971939e-03,6.945723467720026179e+01
1.056741142272949219e+01,8.984115600585937500e+00,3.963580608367919922e+00,4.510330036282539368e-03,2.205000000000000000e+03
1.060365772247314453e+01,9.018161773681640625e+00,3.938661813735961914e+00,4.418053664267063141e-03,3.984702797634257649e+02
1.060308647155761719e+01,9.045208930969238281e+00,3.919433116912841797e+00,4.858291242271661758e-03,6.623631846495644027e+01
1.057599544525146484e+01,9.103146553039550781e+00,3.905135154724121094e+00,5.814608652144670486e-03,3.775148167891454136e+02
1.046343040466308594e+01,9.090187072753906250e+00,3.842825174331665039e+00,5.472386721521615982e-03,3.579865737971846897e+02
1.000428390502929688e+01,8.456583023071289062e+00,3.653085708618164062e+00,5.612848326563835144e-03,1.794868474976644563e+02
9.823481559753417969e+00,8.174032211303710938e+00,3.597631931304931641e+00,5.371243692934513092e-03,1.767486367471207984e+02
9.806613922119140625e+00,8.204589843750000000e+00,3.591546297073364258e+00,4.105939529836177826e-03,7.369916580162812636e+01
9.862984657287597656e+00,8.172701835632324219e+00,3.605040788650512695e+00,5.408994853496551514e-03,6.953377930726492195e+01
9.955138206481933594e+00,8.074869155883789062e+00,3.519974470138549805e+00,5.898313131183385849e-03,1.658845059481980684e+02
1.000000190734863281e+01,7.810687541961669922e+00,3.371054410934448242e+00,5.745610687881708145e-03,1.403150714612053775e+02
9.803182601928710938e+00,7.623512268066406250e+00,3.037804365158081055e+00,6.109801586717367172e-03,1.499452963490045647e+02
9.775321006774902344e+00,7.600632667541503906e+00,2.955926418304443359e+00,5.166428163647651672e-03,1.723591416419657207e+02
9.797545433044433594e+00,7.587052345275878906e+00,3.010100126266479492e+00,5.131806246936321259e-03,2.205000000000000000e+03
9.800973892211914062e+00,7.599638462066650391e+00,3.012085199356079102e+00,5.767908878624439240e-03,6.621210617055197645e+01
9.758306503295898438e+00,7.694748878479003906e+00,2.990200519561767578e+00,6.571982055902481079e-03,7.415169728456513099e+01
9.714708328247070312e+00,7.963101863861083984e+00,3.149943828582763672e+00,6.492570973932743073e-03,9.993508293432743983e+01
9.708181381225585938e+00,8.028474807739257812e+00,3.174540758132934570e+00,6.445552688091993332e-03,9.600085238176424696e+01
9.675062179565429688e+00,8.055589675903320312e+00,3.176308631896972656e+00,5.884116515517234802e-03,8.274682304780026243e+01
9.700076103210449219e+00,8.084485054016113281e+00,3.160012245178222656e+00,4.616033751517534256e-03,8.472846448658981444e+01
9.679163932800292969e+00,8.097297668457031250e+00,3.142039299011230469e+00,4.303828347474336624e-03,8.265676304944605590e+01
9.683146476745605469e+00,8.109173774719238281e+00,3.151975870132446289e+00,4.659702070057392120e-03,1.872308343622324855e+02
9.686103820800781250e+00,8.076822280883789062e+00,3.122026443481445312e+00,4.797655623406171799e-03,6.523668639053254026e+01
9.672577857971191406e+00,8.192927360534667969e+00,3.226810932159423828e+00,5.949273239821195602e-03,1.886004531917743407e+03
9.678720474243164062e+00,8.217764854431152344e+00,3.230389118194580078e+00,6.261358968913555145e-03,1.882214061452921669e+03
9.906470298767089844e+00,7.976634502410888672e+00,3.518233299255371094e+00,5.886219907552003860e-03,1.883264709330655251e+03
1.014369297027587891e+01,7.837353229522705078e+00,3.582296133041381836e+00,6.185592617839574814e-03,1.890529913026865415e+03
1.005142498016357422e+01,7.824671745300292969e+00,3.413032293319702148e+00,5.108665674924850464e-03,9.563822345313421636e+01
1.008330726623535156e+01,7.749442577362060547e+00,3.327255725860595703e+00,4.947490990161895752e-03,7.825203664570064177e+01
9.970060348510742188e+00,7.856423377990722656e+00,3.446648597717285156e+00,5.650341045111417770e-03,1.643623292118130053e+02
9.900923728942871094e+00,7.981084346771240234e+00,3.629983425140380859e+00,5.353212356567382812e-03,1.545818517672926475e+02
1.007126617431640625e+01,7.774364948272705078e+00,3.831490516662597656e+00,6.700186990201473236e-03,1.682497018889203844e+02
1.025038528442382812e+01,7.670123100280761719e+00,3.918782234191894531e+00,7.147368509322404861e-03,2.076514775373147131e+03
1.037529850006103516e+01,7.744750499725341797e+00,3.946449041366577148e+00,6.603483576327562332e-03,2.088406046812614022e+03
1.048190307617187500e+01,7.634621620178222656e+00,3.821394681930541992e+00,6.513173691928386688e-03,2.205000000000000000e+03
1.051121616363525391e+01,7.428863525390625000e+00,3.806846141815185547e+00,5.259851459413766861e-03,3.646800117164507924e+02
1.113067340850830078e+01,7.089200496673583984e+00,3.848555088043212891e+00,4.623443353921175003e-03,1.940283894230364297e+02
1.132178878784179688e+01,6.873552322387695312e+00,3.912927865982055664e+00,6.172863300889730453e-03,2.205000000000000000e+03
8.363927841186523438e+00,4.566225528717041016e+00,3.053728580474853516e+00,1.278289873152971268e-02,1.563782557122705839e+03
7.810821533203125000e+00,3.924063444137573242e+00,2.638757228851318359e+00,8.205474168062210083e-02,1.762159048921828344e+03
7.099439620971679688e+00,1.446533083915710449e+00,9.712167382240295410e-01,1.671926975250244141e-01,1.225911818753912485e+03
7.229723930358886719e+00,-1.339049339294433594e-01,2.471672594547271729e-01,2.030056416988372803e-01,1.598835773633640883e+03
8.630523681640625000e+00,-2.240154743194580078e+00,5.220142006874084473e-01,2.027276307344436646e-01,1.599065560876431618e+03
9.012499809265136719e+00,-2.266566038131713867e+00,8.768721818923950195e-01,1.858356446027755737e-01,1.586319950648636905e+03
9.190534591674804688e+00,-2.123443365097045898e+00,1.024692893028259277e+00,1.154460757970809937e-01,1.154452668275502447e+03
9.370750427246093750e+00,5.451321601867675781e+00,3.754055023193359375e+00,1.914452947676181793e-02,1.705892674288006447e+03
-3.726935088634490967e-01,4.762683868408203125e+00,3.583934307098388672e+00,6.736813485622406006e-02,1.986184324384996216e+03
-1.042728543281555176e+00,5.312581539154052734e+00,3.251470565795898438e+00,1.280376017093658447e-01,1.847812705294933494e+03
-2.088018655776977539e+00,5.713076114654541016e+00,3.413926124572753906e+00,1.789735108613967896e-01,1.823870227167106350e+03
-8.424375057220458984e-01,4.117609500885009766e+00,4.176022529602050781e+00,2.126310318708419800e-01,1.811102502550776762e+03
-5.097933411598205566e-01,3.895570039749145508e+00,4.330614566802978516e+00,2.248504608869552612e-01,1.799891103951524428e+03
1.959482431411743164e+00,2.845443010330200195e+00,5.995489120483398438e+00,2.401022017002105713e-01,8.839776027788414012e+02
3.233449459075927734e+00,2.160206317901611328e+00,7.011442184448242188e+00,2.599307596683502197e-01,1.166331880801940315e+03
4.668022632598876953e+00,1.995412588119506836e+00,7.844834327697753906e+00,2.675506770610809326e-01,2.205000000000000000e+03
5.888197422027587891e+00,2.208511590957641602e+00,8.219192504882812500e+00,2.647711336612701416e-01,2.205000000000000000e+03
7.572285175323486328e+00,3.714127063751220703e+00,7.777855873107910156e+00,2.264069914817810059e-01,2.205000000000000000e+03
7.705793857574462891e+00,3.844559431076049805e+00,7.805241107940673828e+00,1.603371649980545044e-01,1.057056808312821659e+03
7.851216316223144531e+00,3.955629348754882812e+00,7.682950496673583984e+00,9.052857011556625366e-02,1.053536914664010737e+03
9.196359634399414062e+00,5.360913276672363281e+00,3.555543184280395508e+00,1.972634345293045044e-02,2.205000000000000000e+03
7.684683322906494141e+00,4.089375495910644531e+00,2.621801376342773438e+00,3.162917867302894592e-02,1.554164665222338726e+03
7.462928771972656250e+00,3.463777780532836914e+00,2.232950210571289062e+00,1.074222400784492493e-01,1.808404114154847321e+03
7.075542449951171875e+00,1.553213000297546387e+00,1.030968666076660156e+00,1.826770454645156860e-01,1.730827930467521128e+03
7.283702850341796875e+00,1.022179797291755676e-01,4.079306721687316895e-01,2.456478476524353027e-01,1.690034684271072138e+03
7.654890060424804688e+00,-1.312749743461608887e+00,2.055789083242416382e-01,2.815133631229400635e-01,1.663023201519966278e+03
8.691880226135253906e+00,-2.141093492507934570e+00,4.431703090667724609e-01,2.622265517711639404e-01,1.228639655785020523e+03
9.107654571533203125e+00,-2.202994108200073242e+00,8.376060128211975098e-01,2.166514098644256592e-01,1.605859581201693800e+03
9.277460098266601562e+00,-2.008647203445434570e+00,1.053028464317321777e+00,1.404447257518768311e-01,1.573609222783544737e+03
8.998039245605468750e+00,5.611993312835693359e+00,3.376887321472167969e+00,2.544998750090599060e-02,1.160139039412995317e+03
-4.896568953990936279e-01,4.895307064056396484e+00,3.468485593795776367e+00,7.523493468761444092e-02,1.542311892040418115e+03
-1.036974191665649414e+00,5.343301773071289062e+00,3.280573844909667969e+00,1.187222152948379517e-01,1.837791584229111322e+03
-2.060602426528930664e+00,5.694511890411376953e+00,3.412854671478271484e+00,1.420077681541442871e-01,1.825225108113701936e+03
-7.297959923744201660e-01,4.027249336242675781e+00,4.238713741302490234e+00,1.726165860891342163e-01,1.809457132071563365e+03
-5.097844600677490234e-01,3.927469730377197266e+00,4.302861213684082031e+00,1.804377436637878418e-01,8.855414583939893873e+02
1.870949029922485352e+00,2.910965681076049805e+00,5.913442611694335938e+00,1.819591224193572998e-01,8.822215596108582076e+02
3.155323982238769531e+00,2.239166021347045898e+00,6.946664333343505859e+00,2.251115441322326660e-01,1.164199610972168102e+03
4.537353515625000000e+00,2.046390771865844727e+00,7.722859382629394531e+00,2.343082726001739502e-01,2.205000000000000000e+03
5.771420478820800781e+00,2.245743036270141602e+00,8.080093383789062500e+00,2.320971935987472534e-01,2.205000000000000000e+03
7.327151298522949219e+00,3.468744993209838867e+00,7.555899620056152344e+00,2.125055342912673950e-01,2.205000000000000000e+03
7.794675350189208984e+00,4.148928642272949219e+00,7.350484371185302734e+00,1.467052698135375977e-01,1.398639223453128579e+03
8.129909515380859375e+00,4.352690219879150391e+00,6.969906806945800781e+00,8.439788967370986938e-02,1.396806112858608458e+03
9.523095130920410156e+00,5.633772373199462891e+00,3.949388027191162109e+00,1.777390949428081512e-02,2.205000000000000000e+03
8.012035369873046875e+00,4.364200115203857422e+00,2.888324499130249023e+00,2.155172452330589294e-02,2.205000000000000000e+03
7.490741252899169922e+00,3.907896757125854492e+00,2.444606781005859375e+00,6.875617802143096924e-02,1.457742536590041709e+03
7.277384757995605469e+00,2.067089080810546875e+00,1.422262668609619141e+00,1.488782018423080444e-01,1.815797577847469711e+03
7.137041091918945312e+00,1.341633677482604980e+00,9.438464045524597168e-01,2.060965597629547119e-01,1.741985248145174410e+03
7.300277233123779297e+00,-7.327824831008911133e-02,3.283223211765289307e-01,2.485757619142532349e-01,1.700684512284052971e+03
7.680623054504394531e+00,-1.373286008834838867e+00,2.293009757995605469e-01,2.573216855525970459e-01,1.682963243233284402e+03
8.617488861083984375e+00,-2.180042982101440430e+00,4.797824323177337646e-01,2.208637446165084839e-01,1.230305550913952857e+03
8.955773353576660156e+00,-2.245343685150146484e+00,8.241265416145324707e-01,1.687317639589309692e-01,1.604038863493605049e+03
9.529438018798828125e+00,-1.636704802513122559e+00,1.263512372970581055e+00,9.384715557098388672e-02,1.572104272844931756e+03
8.870482444763183594e-01,4.537361145019531250e+00,3.809549808502197266e+00,3.961355611681938171e-02,1.707140710539386873e+03
-9.142765998840332031e-01,5.252207756042480469e+00,3.216019392013549805e+00,1.161050722002983093e-01,1.862028703029531925e+03
-2.059470891952514648e+00,5.696496009826660156e+00,3.419392108917236328e+00,1.570673137903213501e-01,1.822431694162123449e+03
-2.020659208297729492e+00,5.659532546997070312e+00,3.454801082611083984e+00,1.890524178743362427e-01,1.811039886592514904e+03
-5.638232827186584473e-01,3.908950090408325195e+00,4.314517498016357422e+00,2.065567225217819214e-01,7.886672075997846605e+02
-4.882332980632781982e-01,3.887685060501098633e+00,4.326367378234863281e+00,1.887413263320922852e-01,8.844078262857731261e+02
1.858289003372192383e+00,2.916877031326293945e+00,5.903962135314941406e+00,1.812763065099716187e-01,8.827361708250466563e+02
3.084275007247924805e+00,2.206696987152099609e+00,6.884243011474609375e+00,1.985649019479751587e-01,1.167964848927302000e+03
4.485856533050537109e+00,1.995226144790649414e+00,7.751028537750244141e+00,2.071382701396942139e-01,2.205000000000000000e+03
5.847633361816406250e+00,2.200781106948852539e+00,8.207678794860839844e+00,2.152044773101806641e-01,2.205000000000000000e+03
7.068135261535644531e+00,3.212116718292236328e+00,7.733701229095458984e+00,2.030477523803710938e-01,2.205000000000000000e+03
7.725756168365478516e+00,3.868402004241943359e+00,7.762930393218994141e+00,1.533451825380325317e-01,1.397261699480725156e+03
7.769786357879638672e+00,3.903357505798339844e+00,7.729465484619140625e+00,1.080006808042526245e-01,1.386539035801566570e+03
9.289034843444824219e+00,5.901991844177246094e+00,4.207190513610839844e+00,5.826139077544212341e-02,1.389019978682630153e+03
9.618702888488769531e+00,6.672789096832275391e+00,3.576602458953857422e+00,9.396915324032306671e-03,2.205000000000000000e+03
9.685733795166015625e+00,7.427784442901611328e+00,2.917957782745361328e+00,9.336429648101329803e-03,2.205000000000000000e+03
9.674347877502441406e+00,7.579796791076660156e+00,2.733565807342529297e+00,9.447827935218811035e-03,2.205000000000000000e+03
9.677535057067871094e+00,7.621751308441162109e+00,2.686527967453002930e+00,9.242096915841102600e-03,2.205000000000000000e+03
9.666220664978027344e+00,7.641508579254150391e+00,2.650697231292724609e+00,7.063959725201129913e-03,2.205000000000000000e+03
9.666188240051269531e+00,7.706937789916992188e+00,2.605357646942138672e+00,6.954957731068134308e-03,7.692352395370605223e+01
9.721299171447753906e+00,7.870199680328369141e+00,2.506919860839843750e+00,7.340219803154468536e-03,1.979085181923827008e+02
9.731259346008300781e+00,8.245967864990234375e+00,2.398963928222656250e+00,6.702569313347339630e-03,2.076636076815234730e+02
9.856137275695800781e+00,8.772634506225585938e+00,2.278377771377563477e+00,6.051882635802030563e-03,3.721037573375618877e+02
9.874107360839843750e+00,8.906867027282714844e+00,2.315402746200561523e+00,5.909521598368883133e-03,1.970587058818694004e+02
9.797775268554687500e+00,8.945368766784667969e+00,2.399615764617919922e+00,4.753069952130317688e-03,7.566695248872592572e+01
9.765012741088867188e+00,8.961042404174804688e+00,2.446764945983886719e+00,4.437109455466270447e-03,7.423095928293845702e+01
9.734540939331054688e+00,8.957283973693847656e+00,2.436661243438720703e+00,4.912118427455425262e-03,7.552129332395966799e+01
9.720417976379394531e+00,8.961321830749511719e+00,2.488387107849121094e+00,4.504094365984201431e-03,7.797821871180646269e+01
9.707867622375488281e+00,8.888528823852539062e+00,2.553675651550292969e+00,4.274408333003520966e-03,9.080468236209283361e+01
9.745452880859375000e+00,8.941296577453613281e+00,2.482765436172485352e+00,4.396350122988224030e-03,1.135460781026343682e+02
9.795653343200683594e+00,8.967499732971191406e+00,2.442363739013671875e+00,4.826441872864961624e-03,7.917011626038254235e+01
9.667811393737792969e+00,9.013423919677734375e+00,2.783516168594360352e+00,4.662864375859498978e-03,6.523668639053254026e+01
9.697492599487304688e+00,9.089936256408691406e+00,3.078563451766967773e+00,5.108847282826900482e-03,7.646056246869498807e+01
9.811524391174316406e+00,9.122077941894531250e+00,3.318411588668823242e+00,5.648704245686531067e-03,6.523668639053254026e+01
9.767393112182617188e+00,9.149494171142578125e+00,3.176494121551513672e+00,6.194781977683305740e-03,6.523668639053254026e+01
9.690783500671386719e+00,9.007999420166015625e+00,2.979607105255126953e+00,6.538348738104104996e-03,6.523668639053254026e+01
9.658321380615234375e+00,8.954490661621093750e+00,2.744241714477539062e+00,6.416910793632268906e-03,6.523668639053254026e+01
9.650963783264160156e+00,8.956096649169921875e+00,2.754592418670654297e+00,5.753651261329650879e-03,6.523668639053254026e+01
9.632471084594726562e+00,8.997640609741210938e+00,2.809631109237670898e+00,4.561390727758407593e-03,6.523668639053254026e+01
9.647567749023437500e+00,8.957793235778808594e+00,2.797886371612548828e+00,4.529135301709175110e-03,6.523668639053254026e+01
9.663184165954589844e+00,8.919298171997070312e+00,2.803681135177612305e+00,4.421235062181949615e-03,7.824303763060538586e+01
1.002428245544433594e+01,8.615269660949707031e+00,3.347776412963867188e+00,4.932505544275045395e-03,7.768101245604441374e+01
1.024105358123779297e+01,8.807604789733886719e+00,3.543848276138305664e+00,5.012905225157737732e-03,7.871816600814794640e+01
1.142453670501708984e+01,9.205636024475097656e+00,4.658053398132324219e+00,5.583557765930891037e-03,7.712278503189189394e+01
1.274362373352050781e+01,9.016600608825683594e+00,4.280874729156494141e+00,5.419431719928979874e-03,6.523668639053254026e+01
1.280036830902099609e+01,9.023427963256835938e+00,4.246277809143066406e+00,5.116842221468687057e-03,6.523668639053254026e+01
1.282509613037109375e+01,9.012412071228027344e+00,4.237410068511962891e+00,5.161460023373365402e-03,6.523668639053254026e+01
1.283469867706298828e+01,8.999477386474609375e+00,4.198623180389404297e+00,4.713978152722120285e-03,1.009536470501991090e+02
1.283954429626464844e+01,9.008583068847656250e+00,4.212759017944335938e+00,4.761942662298679352e-03,7.526627166894131449e+01
1.283820915222167969e+01,9.033411979675292969e+00,4.241436004638671875e+00,4.736890550702810287e-03,8.066965635851740046e+01
1.283233547210693359e+01,9.009574890136718750e+00,4.230709552764892578e+00,4.387320019304752350e-03,7.866064467664070037e+01
1.283334922790527344e+01,9.019913673400878906e+00,4.226377487182617188e+00,3.843054873868823051e-03,7.840312678627657306e+01
1.283194160461425781e+01,9.027717590332031250e+00,4.220277786254882812e+00,3.817195305600762367e-03,7.644186657354586600e+01
1.282861137390136719e+01,8.929801940917968750e+00,4.105806350708007812e+00,3.699589753523468971e-03,7.825352765709035907e+01
1.260127067565917969e+01,8.669615745544433594e+00,3.336769104003906250e+00,3.620611736550927162e-03,9.228904556304554774e+01
1.260280513763427734e+01,8.655556678771972656e+00,3.522158384323120117e+00,4.521208349615335464e-03,1.967561045556138311e+02
9.195124626159667969e+00,9.903171539306640625e+00,3.931465864181518555e+00,5.991499405354261398e-03,2.021771228664892703e+02
9.086815834045410156e+00,9.979575157165527344e+00,3.921163082122802734e+00,5.838164594024419785e-03,2.205000000000000000e+03
9.073105812072753906e+00,1.001189804077148438e+01,3.912325620651245117e+00,6.052406970411539078e-03,2.205000000000000000e+03
9.037219047546386719e+00,1.001663017272949219e+01,3.936650037765502930e+00,5.794928409159183502e-03,2.205000000000000000e+03
9.073108673095703125e+00,9.953365325927734375e+00,3.913918018341064453e+00,4.281050525605678558e-03,2.205000000000000000e+03
9.105626106262207031e+00,9.987939834594726562e+00,3.867964267730712891e+00,4.644191358238458633e-03,2.205000000000000000e+03
9.403408050537109375e+00,1.000943565368652344e+01,3.619247674942016602e+00,4.662503022700548172e-03,2.205000000000000000e+03
1.021832561492919922e+01,8.392323493957519531e+00,3.464482307434082031e+00,4.673821851611137390e-03,2.205000000000000000e+03
1.022856426239013672e+01,8.296278953552246094e+00,3.481263160705566406e+00,4.423011094331741333e-03,1.832758076760492258e+02
1.012126159667968750e+01,8.206738471984863281e+00,3.525626420974731445e+00,4.117993172258138657e-03,1.827783611336546699e+02
1.023662376403808594e+01,8.234632492065429688e+00,3.451979398727416992e+00,3.927950747311115265e-03,7.960233428868927774e+01
1.032378196716308594e+01,8.193034172058105469e+00,3.439540147781372070e+00,4.247029777616262436e-03,2.205000000000000000e+03
1.061962985992431641e+01,8.609945297241210938e+00,3.401640415191650391e+00,4.506438039243221283e-03,2.205000000000000000e+03
1.065001869201660156e+01,8.680270195007324219e+00,3.385635852813720703e+00,4.587761592119932175e-03,7.050885895416320182e+01
1.051336288452148438e+01,8.815448760986328125e+00,3.402859210968017578e+00,4.952616058290004730e-03,6.888754511360644983e+01
1.033626270294189453e+01,9.011652946472167969e+00,3.421849966049194336e+00,4.051963798701763153e-03,7.661197513283400440e+01
1.037433815002441406e+01,9.080231666564941406e+00,3.530555009841918945e+00,3.771231276914477348e-03,7.781237898935772535e+01
1.045143032073974609e+01,9.180808067321777344e+00,3.574489593505859375e+00,4.202942829579114914e-03,1.823072963528228172e+02
1.154803657531738281e+01,9.064912796020507812e+00,4.409034252166748047e+00,3.977536223828792572e-03,6.523668639053254026e+01
1.164634418487548828e+01,9.076345443725585938e+00,4.432163238525390625e+00,4.112198483198881149e-03,6.523668639053254026e+01
1.164397430419921875e+01,9.141268730163574219e+00,4.461749553680419922e+00,4.147508647292852402e-03,6.523668639053254026e+01
1.159644699096679688e+01,9.231381416320800781e+00,4.415185928344726562e+00,3.673435421660542488e-03,6.523668639053254026e+01
1.158488273620605469e+01,9.174982070922851562e+00,4.365655422210693359e+00,3.738114377483725548e-03,1.992286742910418980e+02
1.139650917053222656e+01,8.663153648376464844e+00,4.801763057708740234e+00,3.841206198558211327e-03,1.987890539117693436e+02
1.140330314636230469e+01,8.485716819763183594e+00,4.956456184387207031e+00,4.213511478155851364e-03,6.523668639053254026e+01
1.139883613586425781e+01,8.332684516906738281e+00,4.974710464477539062e+00,4.360975697636604309e-03,6.523668639053254026e+01
1.137182807922363281e+01,8.538928985595703125e+00,5.084439277648925781e+00,4.288588184863328934e-03,6.523668639053254026e+01
1.116326808929443359e+01,8.751685142517089844e+00,5.115684032440185547e+00,4.340287297964096069e-03,8.155832041336006455e+01
1.113815784454345703e+01,8.833709716796875000e+00,5.085475921630859375e+00,4.111585672944784164e-03,8.306223513111639534e+01
1.093247985839843750e+01,9.026723861694335938e+00,5.352653026580810547e+00,4.251266829669475555e-03,2.125000400278437098e+02
1.093283462524414062e+01,9.073083877563476562e+00,5.375002384185791016e+00,4.264924209564924240e-03,6.523668639053254026e+01
1.086281585693359375e+01,9.195769309997558594e+00,5.477915763854980469e+00,4.669538699090480804e-03,1.662340619428561922e+03
8.784228324890136719e+00,4.937930107116699219e+00,3.118657112121582031e+00,1.433304790407419205e-02,1.568078058897955543e+03
7.912353992462158203e+00,3.729051589965820312e+00,2.621604919433593750e+00,8.655041456222534180e-02,1.797920176218448887e+03
7.087298393249511719e+00,1.434521198272705078e+00,9.569588303565979004e-01,1.599185168743133545e-01,1.709063573008240155e+03
7.152191638946533203e+00,5.159350112080574036e-02,2.630055248737335205e-01,2.042124718427658081e-01,1.671097213477602963e+03
7.851160049438476562e+00,-1.559908270835876465e+00,3.889680504798889160e-01,2.092634886503219604e-01,1.665964821408624402e+03
8.325326919555664062e+00,-1.964666604995727539e+00,7.675104141235351562e-01,1.910862028598785400e-01,1.228444284148017232e+03
8.877591133117675781e+00,-1.764286518096923828e+00,1.293385863304138184e+00,1.357656866312026978e-01,1.596660270346919106e+03
9.028582572937011719e+00,5.928059577941894531e+00,3.649234294891357422e+00,5.093411356210708618e-02,1.582336573354902839e+03
-9.201652556657791138e-02,4.972141742706298828e+00,3.647451162338256836e+00,8.678261190652847290e-02,2.029013510447504359e+03
-7.239874005317687988e-01,5.403822898864746094e+00,3.386680126190185547e+00,1.316980272531509399e-01,1.226468801226457117e+03
-2.083513975143432617e+00,5.767499923706054688e+00,3.907379627227783203e+00,1.972819715738296509e-01,1.815429903271585317e+03
-1.602524876594543457e+00,5.354870796203613281e+00,3.910959959030151367e+00,2.338322401046752930e-01,7.131027388492867658e+02
-6.725475937128067017e-02,3.928447961807250977e+00,4.221755504608154297e+00,2.466276139020919800e-01,1.804654034544239266e+03
2.161981344223022461e+00,2.715107917785644531e+00,6.164983272552490234e+00,2.747618257999420166e-01,7.120863901152714561e+02
3.663209676742553711e+00,2.046597719192504883e+00,7.314524173736572266e+00,2.809556424617767334e-01,8.874287751167076976e+02
4.959369659423828125e+00,2.038758754730224609e+00,7.936759471893310547e+00,2.744801342487335205e-01,2.205000000000000000e+03
5.963618278503417969e+00,2.295118570327758789e+00,8.133872985839843750e+00,2.566925883293151855e-01,2.205000000000000000e+03
7.535955905914306641e+00,3.664016246795654297e+00,7.337580204010009766e+00,2.034765034914016724e-01,2.205000000000000000e+03
7.851788043975830078e+00,3.863910913467407227e+00,7.211446285247802734e+00,1.280044019222259521e-01,1.059595363769366486e+03
8.170158386230468750e+00,4.125361919403076172e+00,6.832071304321289062e+00,6.273948401212692261e-02,1.397637071136883151e+03
9.400840759277343750e+00,5.547530651092529297e+00,3.875741481781005859e+00,1.891991868615150452e-02,2.205000000000000000e+03
7.527451515197753906e+00,3.988076448440551758e+00,2.497757673263549805e+00,4.394474253058433533e-02,2.044135256737884447e+03
7.460130214691162109e+00,3.235287666320800781e+00,2.119985103607177734e+00,1.499550938606262207e-01,1.828439684332924344e+03
6.882301807403564453e+00,1.642640352249145508e+00,9.774409532546997070e-01,2.219718247652053833e-01,1.314917517390119428e+03
7.224083423614501953e+00,-6.166156381368637085e-02,2.545771598815917969e-01,2.817411720752716064e-01,1.709853220228911141e+03
7.801797389984130859e+00,-1.459572672843933105e+00,3.621546030044555664e-01,3.034004867076873779e-01,1.691918674682583287e+03
8.175099372863769531e+00,-2.043965101242065430e+00,7.045054435729980469e-01,2.673987150192260742e-01,1.664257522349141709e+03
8.368589401245117188e+00,-2.230764627456665039e+00,8.820269703865051270e-01,2.114539146423339844e-01,1.217928415156478422e+03
8.935409545898437500e+00,-1.736481904983520508e+00,1.391286373138427734e+00,1.194929182529449463e-01,1.566904843095469914e+03
8.850165367126464844e+00,5.875040054321289062e+00,3.600720405578613281e+00,3.020414151251316071e-02,1.382845292499367588e+03
-4.243299663066864014e-01,5.181613445281982422e+00,3.533612251281738281e+00,1.119111776351928711e-01,1.990351521448231324e+03
-7.434317469596862793e-01,5.444356918334960938e+00,3.383716106414794922e+00,1.784806549549102783e-01,1.846682955641556646e+03
-2.089880466461181641e+00,5.778509140014648438e+00,3.918574571609497070e+00,2.322170287370681763e-01,1.818556679631418092e+03
-1.548485398292541504e+00,5.318017959594726562e+00,3.884572744369506836e+00,2.613562345504760742e-01,7.123944965089053767e+02
-3.684370592236518860e-02,3.946869134902954102e+00,4.181345462799072266e+00,2.597002387046813965e-01,7.896598268741396396e+02
3.626153105869889259e-03,3.908400058746337891e+00,4.195376873016357422e+00,2.478669434785842896e-01,8.831585666045881453e+02
2.786993980407714844e+00,2.360837221145629883e+00,6.684398174285888672e+00,2.623286843299865723e-01,1.171461776219343847e+03
3.911062479019165039e+00,2.016985654830932617e+00,7.463572978973388672e+00,2.738415300846099854e-01,2.205000000000000000e+03
5.495624542236328125e+00,2.098110914230346680e+00,8.164752006530761719e+00,2.816301584243774414e-01,2.205000000000000000e+03
6.691385269165039062e+00,2.829667806625366211e+00,7.824841976165771484e+00,2.703101634979248047e-01,2.205000000000000000e+03
7.563962936401367188e+00,3.824604272842407227e+00,7.334204196929931641e+00,2.088856399059295654e-01,2.205000000000000000e+03
7.736130237579345703e+00,3.973451852798461914e+00,7.271056652069091797e+00,1.489943563938140869e-01,1.388658913038612809e+03
8.213874816894531250e+00,4.321693897247314453e+00,6.811890602111816406e+00,8.435977995395660400e-02,1.053061653548992808e+03
9.532339096069335938e+00,5.767629146575927734e+00,4.012254714965820312e+00,6.186074577271938324e-03,2.205000000000000000e+03
9.982781410217285156e+00,6.568566799163818359e+00,4.195101737976074219e+00,5.122500471770763397e-03,2.205000000000000000e+03
1.080994415283203125e+01,8.769657135009765625e+00,3.800631761550903320e+00,5.641395226120948792e-03,2.205000000000000000e+03
1.117805480957031250e+01,8.876955032348632812e+00,3.581396579742431641e+00,5.994839593768119812e-03,2.205000000000000000e+03
1.119053363800048828e+01,9.030645370483398438e+00,3.542083501815795898e+00,6.183953490108251572e-03,2.205000000000000000e+03
1.114216041564941406e+01,9.192996978759765625e+00,3.445304632186889648e+00,5.718973465263843536e-03,2.205000000000000000e+03
1.117720699310302734e+01,9.363101005554199219e+00,3.265550613403320312e+00,4.913297481834888458e-03,1.973701206532668380e+02
1.144854736328125000e+01,9.489771842956542969e+00,2.925416231155395508e+00,6.071854848414659500e-03,2.205000000000000000e+03
1.142994499206542969e+01,9.822508811950683594e+00,2.968976020812988281e+00,5.645432509481906891e-03,2.164153909467385404e+02
1.144571685791015625e+01,9.977350234985351562e+00,2.976941108703613281e+00,5.699567496776580811e-03,2.270446417932396628e+02
1.148834228515625000e+01,9.995588302612304688e+00,2.968455076217651367e+00,5.313036497682332993e-03,7.802854606459816011e+01
1.146546554565429688e+01,1.005640029907226562e+01,2.930022239685058594e+00,3.269159467890858650e-03,2.168103647740723829e+02
1.146266078948974609e+01,9.964043617248535156e+00,2.972241163253784180e+00,3.792416770011186600e-03,6.523668639053254026e+01
1.145580482482910156e+01,9.786005020141601562e+00,3.017499685287475586e+00,4.326797556132078171e-03,6.523668639053254026e+01
1.130861377716064453e+01,9.208305358886718750e+00,3.356064558029174805e+00,4.775366745889186859e-03,6.523668639053254026e+01
1.112753200531005859e+01,9.118750572204589844e+00,3.454025268554687500e+00,4.857756197452545166e-03,2.205000000000000000e+03
1.098802757263183594e+01,9.020111083984375000e+00,3.523674726486206055e+00,4.667359869927167892e-03,2.205000000000000000e+03
1.097851181030273438e+01,9.071940422058105469e+00,3.495055675506591797e+00,5.226804874837398529e-03,2.205000000000000000e+03
1.116656017303466797e+01,9.113613128662109375e+00,3.400063276290893555e+00,4.809327889233827591e-03,2.111047535440919205e+02
1.122813606262207031e+01,9.201543807983398438e+00,3.402059555053710938e+00,4.908399656414985657e-03,2.116517379425679906e+02
1.127571964263916016e+01,9.237051963806152344e+00,3.381274223327636719e+00,5.234771873801946640e-03,6.523668639053254026e+01
1.143019294738769531e+01,9.364279747009277344e+00,3.429422616958618164e+00,5.396266467869281769e-03,6.523668639053254026e+01
1.163178062438964844e+01,9.545059204101562500e+00,3.367067098617553711e+00,5.981597583740949631e-03,6.523668639053254026e+01
1.164128303527832031e+01,9.596611022949218750e+00,3.371814727783203125e+00,5.869057495146989822e-03,6.523668639053254026e+01
1.170335292816162109e+01,9.472211837768554688e+00,3.329759597778320312e+00,5.601368378847837448e-03,6.523668639053254026e+01
1.194631195068359375e+01,9.029741287231445312e+00,2.863085508346557617e+00,5.572710651904344559e-03,1.184842365619172710e+02
1.095937347412109375e+01,9.066952705383300781e+00,2.006773233413696289e+00,5.089084617793560028e-03,1.374749214187464474e+02
1.062484264373779297e+01,8.706868171691894531e+00,1.923648118972778320e+00,5.475298035889863968e-03,1.369821357352690256e+02
1.051583671569824219e+01,8.673359870910644531e+00,1.963746428489685059e+00,5.161610897630453110e-03,8.099036090876914784e+01
1.069885635375976562e+01,8.751316070556640625e+00,1.860649347305297852e+00,4.293404985219240189e-03,2.205000000000000000e+03
1.023277091979980469e+01,8.220001220703125000e+00,2.020234107971191406e+00,4.275636747479438782e-03,2.205000000000000000e+03
1.011941146850585938e+01,8.075554847717285156e+00,2.099855661392211914e+00,3.393031423911452293e-03,2.205000000000000000e+03
1.008310222625732422e+01,8.004774093627929688e+00,2.135540008544921875e+00,3.515836084261536598e-03,2.205000000000000000e+03
1.012098979949951172e+01,8.004095077514648438e+00,2.118227720260620117e+00,3.879799973219633102e-03,2.205000000000000000e+03
1.008415699005126953e+01,8.057109832763671875e+00,2.072781085968017578e+00,4.101437050849199295e-03,2.205000000000000000e+03
1.008018112182617188e+01,8.050827980041503906e+00,2.069792509078979492e+00,4.759088624268770218e-03,2.205000000000000000e+03
1.006865406036376953e+01,8.079878807067871094e+00,2.067536830902099609e+00,5.878790747374296188e-03,2.205000000000000000e+03
1.009503269195556641e+01,8.103589057922363281e+00,2.051106214523315430e+00,5.910167470574378967e-03,2.205000000000000000e+03
1.008875083923339844e+01,8.109959602355957031e+00,2.036949872970581055e+00,5.859559401869773865e-03,2.205000000000000000e+03
1.004266834259033203e+01,8.122495651245117188e+00,2.079524517059326172e+00,5.958895664662122726e-03,2.205000000000000000e+03
1.006168270111083984e+01,8.134346008300781250e+00,2.066161155700683594e+00,5.182779394090175629e-03,2.205000000000000000e+03
1.011127376556396484e+01,8.159354209899902344e+00,2.027561902999877930e+00,5.423379596322774887e-03,2.205000000000000000e+03
1.024121665954589844e+01,8.290266036987304688e+00,1.960592031478881836e+00,5.833550821989774704e-03,6.523668639053254026e+01
1.244635677337646484e+01,7.503778457641601562e+00,3.947902917861938477e+00,6.262869108468294144e-03,6.523668639053254026e+01
1.251760101318359375e+01,7.473357677459716797e+00,3.910175085067749023e+00,6.207661703228950500e-03,6.523668639053254026e+01
1.260039806365966797e+01,7.511987209320068359e+00,4.012383460998535156e+00,6.283079273998737335e-03,6.523668639053254026e+01
1.265990734100341797e+01,7.529697418212890625e+00,4.163007259368896484e+00,6.008663214743137360e-03,6.591784806835111965e+01
1.265014553070068359e+01,7.684025287628173828e+00,4.129172325134277344e+00,5.946586839854717255e-03,2.008887358775130224e+03
1.260040855407714844e+01,7.724155426025390625e+00,4.182292938232421875e+00,5.632445216178894043e-03,1.936940154751665659e+03
1.261520862579345703e+01,7.692699909210205078e+00,4.200407981872558594e+00,4.658319987356662750e-03,1.869621343170323598e+03
1.260301589965820312e+01,7.682763576507568359e+00,4.194692611694335938e+00,4.328781738877296448e-03,1.867183347915397917e+03
1.260011577606201172e+01,7.713513851165771484e+00,4.167193412780761719e+00,2.896492136642336845e-03,7.881743614984317503e+01
1.265295124053955078e+01,7.654501914978027344e+00,4.188078403472900391e+00,3.403162583708763123e-03,1.868869271747934590e+03
1.266537761688232422e+01,7.668983459472656250e+00,4.231301307678222656e+00,3.317435504868626595e-03,1.895834656203481245e+03
1.270380592346191406e+01,7.561190128326416016e+00,4.286637783050537109e+00,4.288269672542810440e-03,6.523668639053254026e+01
1.269038105010986328e+01,7.443338871002197266e+00,4.314725875854492188e+00,5.078542511910200119e-03,1.993012975778808368e+03
1.268617153167724609e+01,7.380503177642822266e+00,4.275998115539550781e+00,4.962028469890356064e-03,6.523668639053254026e+01
1.267918109893798828e+01,7.288217544555664062e+00,4.315569877624511719e+00,4.970760084688663483e-03,6.523668639053254026e+01
1.268274402618408203e+01,7.338220119476318359e+00,4.353800773620605469e+00,4.015912301838397980e-03,6.523668639053254026e+01
1.269988155364990234e+01,7.343145847320556641e+00,4.300720214843750000e+00,2.927155699580907822e-03,6.523668639053254026e+01
1.271018981933593750e+01,7.333146572113037109e+00,4.309917926788330078e+00,2.683160593733191490e-03,9.559528098773772342e+01
1.269642162322998047e+01,7.335305213928222656e+00,4.288529396057128906e+00,3.719592234119772911e-03,6.523668639053254026e+01
1.266098594665527344e+01,7.310845851898193359e+00,4.315369606018066406e+00,4.180723335593938828e-03,6.523668639053254026e+01
8.727392196655273438e+00,4.862626552581787109e+00,3.073194980621337891e+00,1.153132598847150803e-02,2.205000000000000000e+03
7.873770236968994141e+00,3.868282794952392578e+00,2.613436937332153320e+00,6.572637706995010376e-02,1.827182009096949059e+03
7.179413795471191406e+00,1.525804281234741211e+00,1.073406338691711426e+00,1.540295630693435669e-01,1.709947881008941295e+03
7.167811393737792969e+00,1.461304426193237305e-01,3.256937563419342041e-01,2.191055566072463989e-01,1.645586102057696053e+03
7.741420745849609375e+00,-1.493284940719604492e+00,2.342499941587448120e-01,2.300932854413986206e-01,1.629420684981184877e+03
8.772659301757812500e+00,-2.250578165054321289e+00,7.540401816368103027e-01,2.208346724510192871e-01,1.618886917086320409e+03
9.169466972351074219e+00,-2.072398662567138672e+00,1.000628471374511719e+00,1.713539659976959229e-01,1.579045641877629578e+03
9.438072204589843750e+00,-1.666563987731933594e+00,1.228610515594482422e+00,7.141703367233276367e-02,1.152863028802480585e+03
8.622232675552368164e-01,4.536686897277832031e+00,3.807076215744018555e+00,3.143778070807456970e-02,2.205000000000000000e+03
-8.353253602981567383e-01,5.259233951568603516e+00,3.286719083786010742e+00,1.131001338362693787e-01,1.550284683083410982e+03
-1.945852875709533691e+00,5.666696071624755859e+00,3.682497978210449219e+00,1.612422466278076172e-01,1.850790069462125530e+03
-1.951294660568237305e+00,5.588967323303222656e+00,3.515980005264282227e+00,1.852591633796691895e-01,1.841805490307805258e+03
-6.740694642066955566e-01,4.044606685638427734e+00,4.244179248809814453e+00,1.971680223941802979e-01,1.837454611046343643e+03
-5.484846830368041992e-01,3.944902896881103516e+00,4.300167560577392578e+00,1.788615733385086060e-01,1.820082459598658033e+03
2.028504610061645508e+00,2.782022953033447266e+00,6.089308738708496094e+00,1.767884492874145508e-01,1.205041595736012368e+03
3.563883066177368164e+00,2.105959653854370117e+00,7.242774963378906250e+00,1.866195052862167358e-01,2.205000000000000000e+03
5.061893939971923828e+00,2.055958271026611328e+00,7.972314357757568359e+00,1.969793289899826050e-01,2.205000000000000000e+03
6.169409751892089844e+00,2.416663885116577148e+00,8.091043472290039062e+00,1.930349916219711304e-01,2.205000000000000000e+03
7.599584102630615234e+00,3.730911493301391602e+00,7.566228389739990234e+00,1.574665755033493042e-01,2.205000000000000000e+03
7.847364425659179688e+00,4.019993305206298828e+00,7.394815921783447266e+00,1.135183796286582947e-01,2.070763116135174641e+03
8.438621520996093750e+00,4.371376514434814453e+00,6.644362449645996094e+00,5.848490074276924133e-02,1.391840124528966044e+03
8.444359779357910156e+00,4.630722045898437500e+00,3.190260410308837891e+00,2.016051113605499268e-02,1.687905002212449290e+03
7.518264770507812500e+00,3.877672433853149414e+00,2.426973342895507812e+00,6.611999124288558960e-02,8.121447691239482083e+02
7.488501548767089844e+00,3.115643978118896484e+00,2.078106164932250977e+00,1.486724466085433960e-01,1.818610855662952872e+03
7.048138141632080078e+00,1.463371038436889648e+00,9.451822042465209961e-01,2.176466286182403564e-01,1.747209409191623990e+03
7.337788581848144531e+00,-2.083961665630340576e-01,3.002274930477142334e-01,2.725636065006256104e-01,1.703264806577592708e+03
7.733386993408203125e+00,-1.304967522621154785e+00,2.700513005256652832e-01,2.872364819049835205e-01,1.686510260278672376e+03
8.592488288879394531e+00,-2.102951526641845703e+00,4.732253253459930420e-01,2.545086145401000977e-01,1.662672617546048741e+03
8.875084877014160156e+00,-2.193825006484985352e+00,6.950871348381042480e-01,1.987767964601516724e-01,1.220594866394968903e+03
9.345602035522460938e+00,-1.822552204132080078e+00,1.193366646766662598e+00,1.105407848954200745e-01,1.601479461557990135e+03
8.805349469184875488e-01,4.549849033355712891e+00,3.810667037963867188e+00,4.750360548496246338e-02,1.712710991726176644e+03
-8.816980719566345215e-01,5.236362457275390625e+00,3.222956180572509766e+00,8.749938756227493286e-02,1.222404900403982083e+03
-1.930114388465881348e+00,5.612637996673583984e+00,3.457243680953979492e+00,1.169455498456954956e-01,1.806212747636991935e+03
-1.940223455429077148e+00,5.595182895660400391e+00,3.508431196212768555e+00,1.552128642797470093e-01,6.496185684472322919e+02
-5.969751477241516113e-01,4.001310348510742188e+00,4.251577854156494141e+00,1.707129627466201782e-01,6.487217759913753525e+02
-4.874057769775390625e-01,3.942948818206787109e+00,4.312074661254882812e+00,1.607334017753601074e-01,7.120879378612652317e+02
1.913905858993530273e+00,2.880699634552001953e+00,5.951881885528564453e+00,1.686180830001831055e-01,8.855764359903870400e+02
3.368970870971679688e+00,2.158925056457519531e+00,7.115656375885009766e+00,1.875186413526535034e-01,2.205000000000000000e+03
4.662693977355957031e+00,2.035689353942871094e+00,7.815176486968994141e+00,1.900773793458938599e-01,2.205000000000000000e+03
5.967219829559326172e+00,2.270817041397094727e+00,8.176485061645507812e+00,1.990412622690200806e-01,2.205000000000000000e+03
7.401257038116455078e+00,3.539783000946044922e+00,7.560680866241455078e+00,1.761661171913146973e-01,2.205000000000000000e+03
7.816872119903564453e+00,4.214258670806884766e+00,7.312144756317138672e+00,1.178406998515129089e-01,2.040699440122367150e+03
8.154535293579101562e+00,4.332441329956054688e+00,7.010747909545898438e+00,7.519406080245971680e-02,2.016513064582991092e+03
9.408152580261230469e+00,5.542032241821289062e+00,3.900759220123291016e+00,1.869503781199455261e-02,2.205000000000000000e+03
7.697909832000732422e+00,4.110785007476806641e+00,2.640923261642456055e+00,2.891281619668006897e-02,1.552919314189104398e+03
7.468801498413085938e+00,3.805940389633178711e+00,2.391124248504638672e+00,9.816052764654159546e-02,1.839343245753168503e+03
7.004279613494873047e+00,1.612071633338928223e+00,1.011085033416748047e+00,1.623470187187194824e-01,1.311065961454690978e+03
7.335469722747802734e+00,1.125491261482238770e-01,4.504998326301574707e-01,2.199481874704360962e-01,1.697799485830556932e+03
7.687658309936523438e+00,-1.310112595558166504e+00,2.336348295211791992e-01,2.459183484315872192e-01,1.674357952230056299e+03
8.636976242065429688e+00,-2.146079778671264648e+00,4.092455506324768066e-01,2.273970246315002441e-01,1.657421155312196333e+03
9.003252029418945312e+00,-2.219298124313354492e+00,8.380616903305053711e-01,1.870547384023666382e-01,1.216141878404059526e+03
9.274042129516601562e+00,-1.899340748786926270e+00,1.150337100028991699e+00,1.126417294144630432e-01,1.576796404410401465e+03
9.185371398925781250e+00,5.652101516723632812e+00,3.515931129455566406e+00,1.805799454450607300e-02,1.701144516330577972e+03
-2.580175101757049561e-01,4.812690258026123047e+00,3.604653358459472656e+00,6.276956945657730103e-02,1.570579483282100000e+03
-9.810721874237060547e-01,5.289667606353759766e+00,3.271418809890747070e+00,1.112261116504669189e-01,1.854688591743161169e+03
-1.985995650291442871e+00,5.631818294525146484e+00,3.484120130538940430e+00,1.863004565238952637e-01,1.830264175426470956e+03
-8.655886054039001465e-01,4.177734375000000000e+00,4.161530971527099609e+00,2.256311327219009399e-01,1.823263627461655688e+03
-5.568752884864807129e-01,3.964004278182983398e+00,4.275002002716064453e+00,2.295113801956176758e-01,1.817731236453189240e+03
-3.691233396530151367e-01,3.885645866394042969e+00,4.365357875823974609e+00,2.274337857961654663e-01,1.805118915397456703e+03
2.536766767501831055e+00,2.518185138702392578e+00,6.467116355895996094e+00,2.279692590236663818e-01,7.904074169215367647e+02
3.685261964797973633e+00,2.064731359481811523e+00,7.319143772125244141e+00,2.198982238769531250e-01,2.205000000000000000e+03
5.369976520538330078e+00,2.101451873779296875e+00,8.075063705444335938e+00,2.148934751749038696e-01,2.205000000000000000e+03
6.727253913879394531e+00,2.867277860641479492e+00,7.798491001129150391e+00,1.989713758230209351e-01,2.205000000000000000e+03
7.690166950225830078e+00,3.798145055770874023e+00,7.754977703094482422e+00,1.304160058498382568e-01,2.205000000000000000e+03
7.790336132049560547e+00,3.819421052932739258e+00,7.700468540191650391e+00,6.450113654136657715e-02,1.386907468655263983e+03
9.166280746459960938e+00,5.784201622009277344e+00,3.927624702453613281e+00,3.045710362493991852e-02,2.205000000000000000e+03
9.599117279052734375e+00,6.270574092864990234e+00,3.511511325836181641e+00,5.257357843220233917e-03,1.398879476205892843e+03
9.739311218261718750e+00,6.422109603881835938e+00,3.412497520446777344e+00,5.216731689870357513e-03,1.397105613758987602e+03
1.002232551574707031e+01,6.694988250732421875e+00,3.290052652359008789e+00,5.310962907969951630e-03,1.393203515189022937e+03
1.055794811248779297e+01,7.525858879089355469e+00,3.134754657745361328e+00,4.403753671795129776e-03,1.389916696660056232e+03
1.074332332611083984e+01,7.577995777130126953e+00,3.252818346023559570e+00,3.910432104021310806e-03,1.908919619875674698e+03
1.080835914611816406e+01,7.592568397521972656e+00,3.243263244628906250e+00,4.018692765384912491e-03,6.523668639053254026e+01
1.077087211608886719e+01,7.632517337799072266e+00,3.211623668670654297e+00,4.372767172753810883e-03,2.205000000000000000e+03
1.091459369659423828e+01,7.556867599487304688e+00,3.569123029708862305e+00,4.303702618926763535e-03,2.205000000000000000e+03
1.092074108123779297e+01,7.570720672607421875e+00,3.584765672683715820e+00,4.956656601279973984e-03,2.205000000000000000e+03
1.126256370544433594e+01,7.499883174896240234e+00,3.974851131439208984e+00,4.614599514752626419e-03,2.205000000000000000e+03
1.121464729309082031e+01,7.428055286407470703e+00,4.019931793212890625e+00,4.681957419961690903e-03,2.205000000000000000e+03
1.130220794677734375e+01,7.531084537506103516e+00,3.962664842605590820e+00,4.881808534264564514e-03,2.205000000000000000e+03
1.112761688232421875e+01,7.518183708190917969e+00,4.016851425170898438e+00,5.108061246573925018e-03,2.205000000000000000e+03
1.103888320922851562e+01,7.630644798278808594e+00,3.996037960052490234e+00,5.641996860504150391e-03,2.205000000000000000e+03
1.110435009002685547e+01,8.049089431762695312e+00,3.810537099838256836e+00,5.442715715616941452e-03,2.205000000000000000e+03
1.108724308013916016e+01,7.941505432128906250e+00,3.767132043838500977e+00,5.295002833008766174e-03,2.205000000000000000e+03
1.114928436279296875e+01,7.795423507690429688e+00,3.879328250885009766e+00,4.841505549848079681e-03,2.205000000000000000e+03
1.121239280700683594e+01,7.699555873870849609e+00,3.874977350234985352e+00,4.739282652735710144e-03,2.205000000000000000e+03
1.125685501098632812e+01,7.584290027618408203e+00,3.958325862884521484e+00,4.512433428317308426e-03,2.205000000000000000e+03
1.134161853790283203e+01,7.610135078430175781e+00,3.885570526123046875e+00,4.564395174384117126e-03,2.205000000000000000e+03
1.135133647918701172e+01,7.655194282531738281e+00,3.809930086135864258e+00,4.468634724617004395e-03,2.205000000000000000e+03
1.236707687377929688e+01,8.573928833007812500e+00,3.063049793243408203e+00,4.301346372812986374e-03,2.205000000000000000e+03
1.242513751983642578e+01,8.660417556762695312e+00,3.070003509521484375e+00,4.122044425457715988e-03,2.205000000000000000e+03
1.075008964538574219e+01,9.323946952819824219e+00,3.241944074630737305e+00,4.713256843388080597e-03,2.205000000000000000e+03
1.055801486968994141e+01,9.302941322326660156e+00,3.211357355117797852e+00,4.695268813520669937e-03,2.205000000000000000e+03
1.054356288909912109e+01,9.200811386108398438e+00,3.409003734588623047e+00,4.279827699065208435e-03,2.205000000000000000e+03
1.055474185943603516e+01,9.133081436157226562e+00,3.520200967788696289e+00,4.471925552934408188e-03,2.205000000000000000e+03
1.058236694335937500e+01,9.246657371520996094e+00,3.354499340057373047e+00,3.948822151869535446e-03,6.523668639053254026e+01
1.073233127593994141e+01,9.308666229248046875e+00,3.163608551025390625e+00,3.570309141650795937e-03,2.550833418481927879e+02
1.064336967468261719e+01,9.433397293090820312e+00,3.088908672332763672e+00,3.408668097108602524e-03,2.552990509774969041e+02
1.081212043762207031e+01,9.944064140319824219e+00,2.572536230087280273e+00,4.109553992748260498e-03,7.660420053061903900e+01
1.092594909667968750e+01,1.019218444824218750e+01,2.478136777877807617e+00,4.192745313048362732e-03,7.816447133323588048e+01
1.083091926574707031e+01,1.032970905303955078e+01,2.410377502441406250e+00,5.331835243850946426e-03,6.523668639053254026e+01
1.063417816162109375e+01,1.034879207611083984e+01,2.431113481521606445e+00,5.786450579762458801e-03,6.523668639053254026e+01
1.059356594085693359e+01,1.039337825775146484e+01,2.417247056961059570e+00,5.653388332575559616e-03,6.523668639053254026e+01
1.038814926147460938e+01,1.048942947387695312e+01,2.467214345932006836e+00,5.991953425109386444e-03,6.523668639053254026e+01
1.033217144012451172e+01,1.050409984588623047e+01,2.492373466491699219e+00,5.509723909199237823e-03,2.205000000000000000e+03
1.029060173034667969e+01,1.049224567413330078e+01,2.533781051635742188e+00,5.618098657578229904e-03,4.370832387892926363e+02
1.024550533294677734e+01,1.048171901702880859e+01,2.567487955093383789e+00,5.422813352197408676e-03,2.205000000000000000e+03
1.029235744476318359e+01,1.050893306732177734e+01,2.514736175537109375e+00,4.965180996805429459e-03,8.322159301522238195e+01
1.026521301269531250e+01,1.050683403015136719e+01,2.541142463684082031e+00,4.734844435006380081e-03,6.523668639053254026e+01
1.036222553253173828e+01,1.047470951080322266e+01,2.502488851547241211e+00,4.669801332056522369e-03,6.523668639053254026e+01
1.042012977600097656e+01,1.049207401275634766e+01,2.445376157760620117e+00,5.045460537075996399e-03,6.523668639053254026e+01
1.053743362426757812e+01,1.046875858306884766e+01,2.395059585571289062e+00,5.799186881631612778e-03,6.523668639053254026e+01
1.065554523468017578e+01,1.044626712799072266e+01,2.326220989227294922e+00,6.121585611253976822e-03,6.523668639053254026e+01
1.059106254577636719e+01,1.045052337646484375e+01,2.349454402923583984e+00,5.832597147673368454e-03,7.397675497121181820e+01
1.080205821990966797e+01,1.038916587829589844e+01,2.257295370101928711e+00,5.455105099827051163e-03,3.143304448741469628e+02
9.684227943420410156e+00,8.708365440368652344e+00,2.916402578353881836e+00,4.496316425502300262e-03,3.146435229027796368e+02
9.690405845642089844e+00,8.742257118225097656e+00,2.841115713119506836e+00,3.729240037500858307e-03,6.581149315705057745e+01
1.168064594268798828e+01,9.158093452453613281e+00,4.316386222839355469e+00,4.468052648007869720e-03,6.523668639053254026e+01
1.165711021423339844e+01,8.949987411499023438e+00,4.565332889556884766e+00,4.481317009776830673e-03,2.069889717551463946e+03
1.174775981903076172e+01,8.762463569641113281e+00,4.548279285430908203e+00,4.910507705062627792e-03,2.068775017688805292e+03
1.192381381988525391e+01,8.097154617309570312e+00,4.457130908966064453e+00,5.257881712168455124e-03,2.071125760240762702e+03
1.174970531463623047e+01,8.240373611450195312e+00,4.733685970306396484e+00,4.857411608099937439e-03,2.054280943035426844e+03
1.159505939483642578e+01,8.443516731262207031e+00,5.031148910522460938e+00,5.060009192675352097e-03,2.061177434001823713e+03
1.153322505950927734e+01,8.443183898925781250e+00,5.055732250213623047e+00,5.297109950333833694e-03,2.063901023390037608e+03
1.162135124206542969e+01,8.383292198181152344e+00,4.925265789031982422e+00,4.863357171416282654e-03,2.270876755031281959e+02
1.157305622100830078e+01,8.444293975830078125e+00,5.038733959197998047e+00,4.897135775536298752e-03,2.419436467373896278e+02
1.156218910217285156e+01,8.469214439392089844e+00,5.085909366607666016e+00,4.356175195425748825e-03,7.390760753457429644e+01
1.152257442474365234e+01,8.504398345947265625e+00,5.105563640594482422e+00,4.010688513517379761e-03,2.285066005531629116e+02
1.156009578704833984e+01,8.439950942993164062e+00,5.031741142272949219e+00,4.274501465260982513e-03,2.173688246109413456e+02
1.155899429321289062e+01,8.456450462341308594e+00,5.094635486602783203e+00,3.924526739865541458e-03,2.173115584591475340e+02
1.154531764984130859e+01,8.414251327514648438e+00,5.104491710662841797e+00,4.691123031079769135e-03,2.086435619461375154e+03
1.154150676727294922e+01,8.398848533630371094e+00,5.110076427459716797e+00,4.711568355560302734e-03,2.075708486544377593e+03
1.159724903106689453e+01,8.376073837280273438e+00,5.103980541229248047e+00,4.827447235584259033e-03,2.081615512860379113e+03
1.165441226959228516e+01,8.311601638793945312e+00,5.037559986114501953e+00,6.503926124423742294e-03,2.068033206636460363e+03
1.182569789886474609e+01,8.175265312194824219e+00,4.889986515045166016e+00,6.281846202909946442e-03,2.047048605977110583e+03
1.191787624359130859e+01,8.206345558166503906e+00,4.822029113769531250e+00,6.722821854054927826e-03,2.062909933242746320e+03
1.212526226043701172e+01,7.988005638122558594e+00,4.676210403442382812e+00,6.817729678004980087e-03,2.061963474273884913e+03
1.232964420318603516e+01,7.798126697540283203e+00,4.450507640838623047e+00,5.402410868555307388e-03,6.523668639053254026e+01
1.236369228363037109e+01,7.539883613586425781e+00,4.468173503875732422e+00,5.017676390707492828e-03,6.523668639053254026e+01
1.235199069976806641e+01,7.516220092773437500e+00,4.408308506011962891e+00,4.163619130849838257e-03,6.523668639053254026e+01
1.151270866394042969e+01,7.045802593231201172e+00,3.863513469696044922e+00,4.425423685461282730e-03,2.494507359347438467e+02
1.134498310089111328e+01,7.079480171203613281e+00,3.796670436859130859e+00,4.694520495831966400e-03,2.351783941003627092e+02
1.152293491363525391e+01,6.973511695861816406e+00,3.840493679046630859e+00,5.111394915729761124e-03,2.276605701175336094e+02
1.180247211456298828e+01,6.901762962341308594e+00,3.947453975677490234e+00,5.164559930562973022e-03,2.275788570325485978e+02
1.233640384674072266e+01,7.168681621551513672e+00,4.228797435760498047e+00,4.597730934619903564e-03,1.877664763510814225e+02
1.238767051696777344e+01,7.132148742675781250e+00,4.260379791259765625e+00,4.073658958077430725e-03,7.461425012882664021e+01
1.193609333038330078e+01,6.965627670288085938e+00,4.047828197479248047e+00,3.731815610080957413e-03,1.976813409162747917e+02
1.181996154785156250e+01,6.885695457458496094e+00,3.959200382232666016e+00,3.578243078663945198e-03,4.921042727903111995e+02
1.176111507415771484e+01,6.819843769073486328e+00,3.843929529190063477e+00,3.466064576059579849e-03,1.970520151766080232e+02
1.165400409698486328e+01,6.845411300659179688e+00,3.849164962768554688e+00,4.005636088550090790e-03,1.970968388487285097e+02
1.134376811981201172e+01,7.106462478637695312e+00,3.850251674652099609e+00,4.433871246874332428e-03,1.971748587193607136e+02
1.128180599212646484e+01,7.104701042175292969e+00,3.862934350967407227e+00,4.854719154536724091e-03,6.523668639053254026e+01
8.740651130676269531e+00,4.829144477844238281e+00,3.037974596023559570e+00,1.511292345821857452e-02,2.205000000000000000e+03
7.889028072357177734e+00,3.708703756332397461e+00,2.600562095642089844e+00,8.712128549814224243e-02,1.824385705703186659e+03
7.242877006530761719e+00,1.317290782928466797e+00,1.011816978454589844e+00,1.851779967546463013e-01,1.703452508469118129e+03
7.142911911010742188e+00,1.525886654853820801e-01,3.052732646465301514e-01,2.240309268236160278e-01,1.662852554109190351e+03
7.814756870269775391e+00,-1.607843279838562012e+00,3.698715567588806152e-01,2.250018566846847534e-01,1.661058677346420609e+03
8.452290534973144531e+00,-2.234965562820434570e+00,8.322620391845703125e-01,2.079975306987762451e-01,1.640422939232814770e+03
8.923121452331542969e+00,-1.882641792297363281e+00,1.353798747062683105e+00,1.286924928426742554e-01,1.568272326876111720e+03
9.008218765258789062e+00,5.923693180084228516e+00,3.598120212554931641e+00,2.937205508351325989e-02,2.205000000000000000e+03
3.379790484905242920e-02,4.866971492767333984e+00,3.792867660522460938e+00,6.061880290508270264e-02,2.000159935386874622e+03
-6.728538274765014648e-01,5.341805458068847656e+00,3.439289808273315430e+00,1.024457663297653198e-01,1.839017270341947324e+03
-2.035505771636962891e+00,5.737410068511962891e+00,3.922436475753784180e+00,1.523976773023605347e-01,7.122221080669818321e+02
-1.553179264068603516e+00,5.322646617889404297e+00,3.891026258468627930e+00,1.937709748744964600e-01,7.878833130445520965e+02
-5.806296132504940033e-03,3.934689998626708984e+00,4.237605094909667969e+00,2.004274576902389526e-01,8.838524678777486088e+02
1.905792355537414551e+00,2.900915622711181641e+00,5.934352874755859375e+00,2.157380133867263794e-01,1.007282324187838526e+03
3.527963161468505859e+00,2.120061635971069336e+00,7.217109680175781250e+00,2.424044609069824219e-01,1.161387092960655764e+03
4.680135250091552734e+00,1.993464946746826172e+00,7.862676143646240234e+00,2.482580840587615967e-01,2.205000000000000000e+03
5.900011539459228516e+00,2.240836858749389648e+00,8.178346633911132812e+00,2.461686879396438599e-01,2.205000000000000000e+03
7.362940311431884766e+00,3.502136707305908203e+00,7.541473388671875000e+00,2.177580296993255615e-01,2.205000000000000000e+03
7.808934211730957031e+00,4.224334239959716797e+00,7.306365966796875000e+00,1.499205082654953003e-01,1.388232400751299565e+03
8.196498870849609375e+00,4.336595535278320312e+00,6.807182788848876953e+00,7.126043736934661865e-02,2.052265466512679723e+03
8.802823066711425781e+00,4.974730968475341797e+00,3.446613311767578125e+00,1.929587498307228088e-02,2.205000000000000000e+03
7.522816658020019531e+00,3.950412273406982422e+00,2.481528043746948242e+00,5.167503282427787781e-02,2.002996887481330987e+03
7.459369182586669922e+00,3.236140966415405273e+00,2.113651752471923828e+00,1.452380567789077759e-01,1.826001328351450638e+03
7.021103382110595703e+00,1.461831927299499512e+00,9.105025529861450195e-01,2.129253596067428589e-01,1.746237515783345543e+03
7.263279438018798828e+00,-1.262612789869308472e-01,2.560126483440399170e-01,2.798487246036529541e-01,1.691301176331523266e+03
7.769878864288330078e+00,-1.395164132118225098e+00,3.315043449401855469e-01,3.023743927478790283e-01,1.672132666299225093e+03
8.170038223266601562e+00,-2.047590017318725586e+00,6.784750223159790039e-01,2.702025175094604492e-01,1.229838256734195511e+03
8.399718284606933594e+00,-2.224584102630615234e+00,9.173942208290100098e-01,2.208566367626190186e-01,1.607254586491164673e+03
8.908339500427246094e+00,-1.793245792388916016e+00,1.357364177703857422e+00,1.244152039289474487e-01,1.569399077599668999e+03
8.007082939147949219e-01,4.576072692871093750e+00,3.855256080627441406e+00,3.898875042796134949e-02,1.714303564205126577e+03
-5.998992919921875000e-01,5.258126735687255859e+00,3.381706237792968750e+00,1.283831149339675903e-01,1.861952270850713148e+03
-1.968150138854980469e+00,5.691954135894775391e+00,3.833635091781616211e+00,1.817258745431900024e-01,1.834278200432950825e+03
-1.888703465461730957e+00,5.571160316467285156e+00,3.917926311492919922e+00,2.068119645118713379e-01,1.826476378074766217e+03
-6.830162554979324341e-02,3.889391183853149414e+00,4.231637477874755859e+00,2.327319830656051636e-01,1.817566062957651638e+03
1.342308055609464645e-02,3.907596588134765625e+00,4.273345470428466797e+00,2.162335813045501709e-01,7.897032225990552661e+02
2.271033048629760742e+00,2.652491092681884766e+00,6.254199504852294922e+00,2.036377787590026855e-01,7.871962949780813688e+02
3.615095615386962891e+00,2.108108997344970703e+00,7.274201393127441406e+00,2.125015407800674438e-01,1.162315904923490962e+03
5.266662120819091797e+00,2.140974760055541992e+00,7.927206516265869141e+00,1.924860477447509766e-01,2.205000000000000000e+03
6.623246192932128906e+00,2.781174898147583008e+00,7.812839508056640625e+00,1.780321747064590454e-01,2.205000000000000000e+03
7.578961372375488281e+00,3.761102914810180664e+00,7.538537025451660156e+00,1.429588645696640015e-01,2.205000000000000000e+03
7.852703094482421875e+00,4.149818897247314453e+00,7.289898395538330078e+00,8.358610421419143677e-02,1.393550068878704906e+03
8.205834388732910156e+00,4.087566375732421875e+00,6.848049163818359375e+00,4.729313775897026062e-02,1.383274232498659558e+03
9.450681686401367188e+00,5.954162597656250000e+00,4.152435302734375000e+00,1.875149644911289215e-02,1.686515526450888956e+03
7.557583332061767578e+00,3.941446304321289062e+00,2.488108873367309570e+00,4.669288545846939087e-02,2.034003304544545927e+03
7.460761070251464844e+00,3.318189859390258789e+00,2.161067724227905273e+00,1.390099525451660156e-01,1.841579894659764250e+03
6.920845508575439453e+00,1.622791409492492676e+00,9.674640297889709473e-01,2.139946669340133667e-01,1.747065648742504209e+03
7.251328468322753906e+00,-1.029579937458038330e-01,2.444156855344772339e-01,2.619059979915618896e-01,1.701800291706193093e+03
7.759765148162841797e+00,-1.260269880294799805e+00,3.427398502826690674e-01,2.897332012653350830e-01,1.676827086511013022e+03
8.039964675903320312e+00,-1.692023277282714844e+00,5.147404074668884277e-01,2.584780752658843994e-01,1.652274887949413369e+03
8.244044303894042969e+00,-1.860824108123779297e+00,7.111710309982299805e-01,2.008514106273651123e-01,1.605602721480857326e+03
8.908880233764648438e+00,-1.485361814498901367e+00,1.331164717674255371e+00,1.312666535377502441e-01,1.580429877910283722e+03
8.316350579261779785e-01,4.579695701599121094e+00,3.853522777557373047e+00,3.697024658322334290e-02,1.715056243823962859e+03
-6.216738224029541016e-01,5.262620449066162109e+00,3.441262722015380859e+00,1.311397403478622437e-01,1.862007910703887319e+03
-1.943157315254211426e+00,5.688407897949218750e+00,3.910042524337768555e+00,1.774329692125320435e-01,1.838279050447670215e+03
-1.934316754341125488e+00,5.656204223632812500e+00,3.935263395309448242e+00,2.055151313543319702e-01,1.829226341276548283e+03
-6.275811046361923218e-02,3.945759534835815430e+00,4.183554649353027344e+00,2.340661138296127319e-01,1.820459906512514635e+03
-3.021467244252562523e-03,3.931884288787841797e+00,4.201623916625976562e+00,2.227911651134490967e-01,7.125174800020664634e+02
2.632864713668823242e+00,2.447762250900268555e+00,6.554688930511474609e+00,2.383230179548263550e-01,7.885626644129347369e+02
3.827101469039916992e+00,2.030144929885864258e+00,7.410728454589843750e+00,2.435251772403717041e-01,3.928004520332967218e+02
5.435652732849121094e+00,2.103933334350585938e+00,8.109284400939941406e+00,2.259204536676406860e-01,2.205000000000000000e+03
6.696942806243896484e+00,2.841703176498413086e+00,7.812887191772460938e+00,2.062609940767288208e-01,2.205000000000000000e+03
7.602204322814941406e+00,3.998133420944213867e+00,7.354317665100097656e+00,1.452756524085998535e-01,2.205000000000000000e+03
7.708937168121337891e+00,4.094724655151367188e+00,7.331770420074462891e+00,8.850369602441787720e-02,2.065836303835491890e+03
8.199324607849121094e+00,4.225114822387695312e+00,6.812171936035156250e+00,4.718258604407310486e-02,2.043035834549556284e+03
9.512969970703125000e+00,5.847249507904052734e+00,4.185473442077636719e+00,5.891477689146995544e-03,2.205000000000000000e+03
8.378708839416503906e+00,4.575088500976562500e+00,3.082843303680419922e+00,2.205179072916507721e-02,1.696813731322543390e+03
7.483454227447509766e+00,3.896149158477783203e+00,2.440884351730346680e+00,6.537687778472900391e-02,1.975852640570374206e+03
7.306999683380126953e+00,2.108321905136108398e+00,1.456173062324523926e+00,1.432838737964630127e-01,1.821263344663040016e+03
7.062485694885253906e+00,1.432276487350463867e+00,9.184917807579040527e-01,2.084586620330810547e-01,1.729811118150206312e+03
7.251905918121337891e+00,-1.260633766651153564e-01,2.355182468891143799e-01,2.375748753547668457e-01,1.700709644435760765e+03
7.773333549499511719e+00,-1.348702788352966309e+00,3.280449211597442627e-01,2.667274773120880127e-01,1.666950453935937276e+03
8.144459724426269531e+00,-2.067678213119506836e+00,7.192598581314086914e-01,2.343033701181411743e-01,1.223797668082372638e+03
8.409407615661621094e+00,-2.166579246520996094e+00,8.870934844017028809e-01,1.788189411163330078e-01,1.590667706145579587e+03
8.898370742797851562e+00,-1.674925923347473145e+00,1.312471151351928711e+00,1.361140608787536621e-01,1.575769482085607706e+03
8.887451171875000000e+00,5.911458969116210938e+00,3.590794801712036133e+00,3.378084301948547363e-02,1.156433151921911531e+03
-4.239541292190551758e-01,5.143385887145996094e+00,3.569521903991699219e+00,1.070805117487907410e-01,1.294081817253789950e+03
-7.348251342773437500e-01,5.425482749938964844e+00,3.380921125411987305e+00,1.711052656173706055e-01,1.846445799570269628e+03
-2.108781099319458008e+00,5.785820484161376953e+00,3.909947872161865234e+00,2.007678449153900146e-01,1.832624803730619305e+03
-1.503158450126647949e+00,5.285982131958007812e+00,3.907017230987548828e+00,2.278702557086944580e-01,1.822247039055501091e+03
-3.891710564494132996e-02,3.844838619232177734e+00,4.288708686828613281e+00,2.320557683706283569e-01,1.804192431106559752e+03
1.074336767196655273e-01,3.833236217498779297e+00,4.364774227142333984e+00,2.139828354120254517e-01,8.830457486649440852e+02
2.804157495498657227e+00,2.344373464584350586e+00,6.702809810638427734e+00,2.427061200141906738e-01,1.173273513515077639e+03
3.923122644424438477e+00,2.023690462112426758e+00,7.465297698974609375e+00,2.425984740257263184e-01,2.205000000000000000e+03
5.577308654785156250e+00,2.134362220764160156e+00,8.143953323364257812e+00,2.269589751958847046e-01,2.205000000000000000e+03
6.788976192474365234e+00,2.905842304229736328e+00,7.766795635223388672e+00,2.073175609111785889e-01,2.205000000000000000e+03
7.586664676666259766e+00,3.719273328781127930e+00,7.389494419097900391e+00,1.372464001178741455e-01,2.205000000000000000e+03
8.008857727050781250e+00,3.862277030944824219e+00,7.252083301544189453e+00,7.850944250822067261e-02,2.060988085832432262e+03
9.333344459533691406e+00,5.876739978790283203e+00,4.222105979919433594e+00,3.531986474990844727e-02,2.063741952600313653e+03
9.465047836303710938e+00,6.035284996032714844e+00,4.041321754455566406e+00,4.632990807294845581e-03,2.205000000000000000e+03
9.756342887878417969e+00,6.228880882263183594e+00,4.057220935821533203e+00,4.854004830121994019e-03,2.205000000000000000e+03
1.014437770843505859e+01,6.803681850433349609e+00,4.105700969696044922e+00,5.331181455403566360e-03,2.205000000000000000e+03
1.029490470886230469e+01,6.972537517547607422e+00,4.188889980316162109e+00,5.646158009767532349e-03,2.205000000000000000e+03
1.045377254486083984e+01,7.235826492309570312e+00,4.228315353393554688e+00,5.693047307431697845e-03,2.205000000000000000e+03
1.085502147674560547e+01,7.740212917327880859e+00,4.075639724731445312e+00,4.901092499494552612e-03,2.205000000000000000e+03
1.090203475952148438e+01,7.788216114044189453e+00,4.064145565032958984e+00,5.949618760496377945e-03,2.205000000000000000e+03
1.091307640075683594e+01,7.834078788757324219e+00,4.105195045471191406e+00,5.776301492005586624e-03,2.205000000000000000e+03
1.164731121063232422e+01,8.982422828674316406e+00,4.467151641845703125e+00,5.875668022781610489e-03,2.205000000000000000e+03
1.173953819274902344e+01,8.970696449279785156e+00,4.478816986083984375e+00,6.142767611891031265e-03,2.205000000000000000e+03
1.175421333312988281e+01,8.927892684936523438e+00,4.555732727050781250e+00,5.281769670546054840e-03,6.523668639053254026e+01
1.174923706054687500e+01,8.936071395874023438e+00,4.564723491668701172e+00,6.033711135387420654e-03,2.205000000000000000e+03
1.178200626373291016e+01,8.926694869995117188e+00,4.478843688964843750e+00,5.796157754957675934e-03,2.205000000000000000e+03
1.167434024810791016e+01,9.109725952148437500e+00,4.375055789947509766e+00,5.791476927697658539e-03,2.205000000000000000e+03
1.172186851501464844e+01,9.085950851440429688e+00,4.399491786956787109e+00,5.202973261475563049e-03,4.790482839095305394e+02
1.173536014556884766e+01,9.008037567138671875e+00,4.536458969116210938e+00,3.978597931563854218e-03,6.523668639053254026e+01
1.176349067687988281e+01,8.928532600402832031e+00,4.656445026397705078e+00,4.267541691660881042e-03,7.364429054952643128e+01
1.166818904876708984e+01,8.843521118164062500e+00,4.877816200256347656e+00,3.667538519948720932e-03,7.628169629633157456e+01
1.157240104675292969e+01,8.376786231994628906e+00,4.992465972900390625e+00,4.712046124041080475e-03,2.205000000000000000e+03
1.138483524322509766e+01,8.300953865051269531e+00,4.814497947692871094e+00,5.834136158227920532e-03,2.205000000000000000e+03
1.194437408447265625e+01,7.950518608093261719e+00,5.058956623077392578e+00,6.516790017485618591e-03,2.081117378481014839e+03
1.237714481353759766e+01,7.589468002319335938e+00,5.290708065032958984e+00,6.552243605256080627e-03,2.079779700486668844e+03
1.241528987884521484e+01,7.486178398132324219e+00,5.299867153167724609e+00,5.697616375982761383e-03,2.092145251894879038e+03
1.245177268981933594e+01,7.476999759674072266e+00,5.285757064819335938e+00,5.660306196659803391e-03,2.205000000000000000e+03
1.243991756439208984e+01,7.519171237945556641e+00,5.300282001495361328e+00,5.969485267996788025e-03,2.205000000000000000e+03
1.241417121887207031e+01,7.558589935302734375e+00,5.338663578033447266e+00,5.932213738560676575e-03,2.205000000000000000e+03
1.246051216125488281e+01,7.505908966064453125e+00,5.323339462280273438e+00,6.221531424671411514e-03,2.205000000000000000e+03
1.241868209838867188e+01,7.544723033905029297e+00,5.339103221893310547e+00,5.063307471573352814e-03,2.205000000000000000e+03
1.195711803436279297e+01,7.856532096862792969e+00,5.097629547119140625e+00,6.140890531241893768e-03,2.205000000000000000e+03
1.159552478790283203e+01,8.501255035400390625e+00,5.041738033294677734e+00,6.306932307779788971e-03,2.205000000000000000e+03
1.169463443756103516e+01,8.541955947875976562e+00,4.987553596496582031e+00,6.187386810779571533e-03,2.205000000000000000e+03
1.193743705749511719e+01,8.073064804077148438e+00,4.809583187103271484e+00,7.196965627372264862e-03,2.085866154891597944e+03
1.236248302459716797e+01,7.599244117736816406e+00,5.263314247131347656e+00,5.689566954970359802e-03,2.205000000000000000e+03
1.219965934753417969e+01,7.677067279815673828e+00,5.186959743499755859e+00,6.083038635551929474e-03,2.205000000000000000e+03
1.169710063934326172e+01,7.875398159027099609e+00,4.843500614166259766e+00,6.352321244776248932e-03,2.205000000000000000e+03
1.187294673919677734e+01,8.138002395629882812e+00,4.954518318176269531e+00,6.299698259681463242e-03,2.205000000000000000e+03
1.193746185302734375e+01,8.042607307434082031e+00,5.004701137542724609e+00,6.688987836241722107e-03,6.523668639053254026e+01
1.181155204772949219e+01,8.032799720764160156e+00,4.934023380279541016e+00,7.087215315550565720e-03,2.049607976273206532e+03
1.165664863586425781e+01,7.897301197052001953e+00,4.859369277954101562e+00,6.945785135030746460e-03,2.057476254427710046e+03
1.100754547119140625e+01,7.399463176727294922e+00,4.043156147003173828e+00,6.232383660972118378e-03,2.067046245204423485e+03
1.115639972686767578e+01,7.422776699066162109e+00,4.064697742462158203e+00,5.678925663232803345e-03,2.205000000000000000e+03
1.215475749969482422e+01,6.680945396423339844e+00,4.149320125579833984e+00,6.703056860715150833e-03,2.205000000000000000e+03
1.221859169006347656e+01,6.689332008361816406e+00,4.149620532989501953e+00,7.100380025804042816e-03,2.205000000000000000e+03
1.243327236175537109e+01,6.873432159423828125e+00,4.314523696899414062e+00,6.904036737978458405e-03,2.205000000000000000e+03
1.258970642089843750e+01,7.046068191528320312e+00,4.355279922485351562e+00,6.686539389193058014e-03,2.205000000000000000e+03
1.257501506805419922e+01,6.946277141571044922e+00,4.384697914123535156e+00,4.412124864757061005e-03,1.884707927403198937e+03
1.256640243530273438e+01,6.961024284362792969e+00,4.390892028808593750e+00,3.653502091765403748e-03,1.916808417933595820e+03
1.257427787780761719e+01,6.993025779724121094e+00,4.377290725708007812e+00,3.344636876136064529e-03,1.927922981436148802e+03
1.252560710906982422e+01,6.937631130218505859e+00,4.381969928741455078e+00,6.777935195714235306e-03,2.205000000000000000e+03
8.123338699340820312e+00,4.237616539001464844e+00,2.832665920257568359e+00,2.654130756855010986e-02,2.048019400232475164e+03
7.735232830047607422e+00,3.429592132568359375e+00,2.372030019760131836e+00,1.243163272738456726e-01,1.806071107223980334e+03
7.023317337036132812e+00,1.490516304969787598e+00,9.325586557388305664e-01,2.065878063440322876e-01,1.694371546836795005e+03
7.258610248565673828e+00,5.079049244523048401e-02,3.826420605182647705e-01,2.448853701353073120e-01,1.650919463042828284e+03
8.608677864074707031e+00,-2.122241497039794922e+00,3.716779053211212158e-01,2.435812354087829590e-01,1.652207135748411929e+03
9.057662963867187500e+00,-2.256257057189941406e+00,8.433102965354919434e-01,2.111791372299194336e-01,1.611256476522767798e+03
9.378626823425292969e+00,-1.936690330505371094e+00,1.122282743453979492e+00,1.318428367376327515e-01,1.563871628863138085e+03
8.548359870910644531e+00,4.753677845001220703e+00,3.112951993942260742e+00,2.663965895771980286e-02,1.156084155019893842e+03
-5.400305390357971191e-01,4.903484821319580078e+00,3.421278953552246094e+00,8.835819363594055176e-02,1.555751010377567809e+03
-1.063806056976318359e+00,5.298914909362792969e+00,3.208035945892333984e+00,1.500204652547836304e-01,1.834821855139150784e+03
-2.095980405807495117e+00,5.697866439819335938e+00,3.393323183059692383e+00,1.968962550163269043e-01,1.818475338481044901e+03
-7.491227984428405762e-01,4.041339397430419922e+00,4.218391895294189453e+00,2.226974219083786011e-01,1.813955924808458803e+03
-4.841508865356445312e-01,3.891738414764404297e+00,4.335785388946533203e+00,2.280255407094955444e-01,6.491319151769703240e+02
2.130333423614501953e+00,2.730792522430419922e+00,6.145452499389648438e+00,2.577462494373321533e-01,7.117686093607485418e+02
3.344485044479370117e+00,2.134362459182739258e+00,7.099875450134277344e+00,2.837921380996704102e-01,8.865137754147968963e+02
4.899312019348144531e+00,1.958575963973999023e+00,8.009588241577148438e+00,2.935359776020050049e-01,2.205000000000000000e+03
6.032937526702880859e+00,2.289837121963500977e+00,8.202709197998046875e+00,2.891669869422912598e-01,2.205000000000000000e+03
7.622843742370605469e+00,3.750195264816284180e+00,7.758330821990966797e+00,2.333955466747283936e-01,2.205000000000000000e+03
7.752161026000976562e+00,3.872857332229614258e+00,7.779046058654785156e+00,1.552597433328628540e-01,1.397614456808304340e+03
7.978461742401123047e+00,4.071000576019287109e+00,7.578657627105712891e+00,8.371406793594360352e-02,1.398267312322890575e+03
8.524491310119628906e+00,4.720898628234863281e+00,3.141075611114501953e+00,2.525796368718147278e-02,1.677918676120430518e+03
7.474097728729248047e+00,3.904316663742065430e+00,2.439675807952880859e+00,6.206345930695533752e-02,2.031659352212700242e+03
7.481529712677001953e+00,3.193700790405273438e+00,2.098393917083740234e+00,1.734209805727005005e-01,1.838323990764037944e+03
7.028429508209228516e+00,1.515823960304260254e+00,9.547033905982971191e-01,2.639693915843963623e-01,1.753974670881479142e+03
7.298385143280029297e+00,8.715276606380939484e-03,3.699362277984619141e-01,3.389649391174316406e-01,1.694507683425728828e+03
7.692515373229980469e+00,-1.405621051788330078e+00,2.230727374553680420e-01,3.529394268989562988e-01,1.682897252850383211e+03
8.635261535644531250e+00,-2.069481611251831055e+00,3.529095053672790527e-01,3.136107623577117920e-01,1.657996853509008361e+03
9.090548515319824219e+00,-2.215576171875000000e+00,8.560332655906677246e-01,2.423758655786514282e-01,1.607460036112142006e+03
9.390765190124511719e+00,-1.883827328681945801e+00,1.156217098236083984e+00,1.146586164832115173e-01,1.564311700414362349e+03
-1.633959561586380005e-01,4.799935817718505859e+00,3.569515705108642578e+00,9.268483519554138184e-02,1.700281854726220217e+03
-9.055457115173339844e-01,5.210500240325927734e+00,3.195895671844482422e+00,1.547762453556060791e-01,1.229283919563287327e+03
-2.062264204025268555e+00,5.714803695678710938e+00,3.477399587631225586e+00,2.119535356760025024e-01,1.452488156583722912e+03
-2.028214216232299805e+00,5.678309917449951172e+00,3.462197542190551758e+00,2.563536167144775391e-01,1.805700902586270558e+03
-5.944412350654602051e-01,3.948165416717529297e+00,4.280172348022460938e+00,2.725164890289306641e-01,7.122329171495737228e+02
-5.070883035659790039e-01,3.905424833297729492e+00,4.327075481414794922e+00,2.675414979457855225e-01,7.889272839167769007e+02
2.468719244003295898e+00,2.546161174774169922e+00,6.417151451110839844e+00,2.882206439971923828e-01,7.875743025129833086e+02
3.583027124404907227e+00,2.075205087661743164e+00,7.266754150390625000e+00,2.860307693481445312e-01,8.817609008001974189e+02
5.170779228210449219e+00,2.053501367568969727e+00,8.032477378845214844e+00,2.789047658443450928e-01,2.205000000000000000e+03
6.744597911834716797e+00,2.883571147918701172e+00,7.792405128479003906e+00,2.637583911418914795e-01,2.205000000000000000e+03
7.601398468017578125e+00,3.713075399398803711e+00,7.726671695709228516e+00,1.926355808973312378e-01,2.205000000000000000e+03
7.701265811920166016e+00,3.831524133682250977e+00,7.649296283721923828e+00,1.317315995693206787e-01,1.389388777904841845e+03
8.368504524230957031e+00,4.405086517333984375e+00,6.838242530822753906e+00,6.707028299570083618e-02,1.389467581052663718e+03
1.017378139495849609e+01,5.970497608184814453e+00,3.939944982528686523e+00,6.824816111475229263e-03,2.205000000000000000e+03
1.050367641448974609e+01,6.242435932159423828e+00,4.021133422851562500e+00,6.144603248685598373e-03,2.205000000000000000e+03
1.074123573303222656e+01,6.512564659118652344e+00,4.101112842559814453e+00,6.404220592230558395e-03,2.205000000000000000e+03
1.225917625427246094e+01,6.719556808471679688e+00,4.302105903625488281e+00,7.458339910954236984e-03,2.205000000000000000e+03
1.226537132263183594e+01,6.731346130371093750e+00,4.300870895385742188e+00,5.783842410892248154e-03,2.205000000000000000e+03
1.226821708679199219e+01,6.766942501068115234e+00,4.276259422302246094e+00,5.865329876542091370e-03,2.205000000000000000e+03
1.220759868621826172e+01,6.700067043304443359e+00,4.200919151306152344e+00,6.137948483228683472e-03,2.078214055962409020e+03
1.225823020935058594e+01,6.764149188995361328e+00,4.294653892517089844e+00,4.969035740941762924e-03,2.045753660582792691e+03
1.233413887023925781e+01,6.792490482330322266e+00,4.341744899749755859e+00,6.612017285078763962e-03,1.978456714875386979e+03
1.245181560516357422e+01,6.819956779479980469e+00,4.382199764251708984e+00,7.459369953721761703e-03,1.971319198625068566e+03
1.242387390136718750e+01,6.796031475067138672e+00,4.383426189422607422e+00,7.096561137586832047e-03,2.012397702027235027e+03
1.232993316650390625e+01,6.727654457092285156e+00,4.346184253692626953e+00,7.311984896659851074e-03,2.092721828298514538e+03
1.238289546966552734e+01,6.783618927001953125e+00,4.391501903533935547e+00,6.745814811438322067e-03,2.205000000000000000e+03
1.246528339385986328e+01,7.139990329742431641e+00,4.876049041748046875e+00,7.104822900146245956e-03,2.205000000000000000e+03
1.252763652801513672e+01,7.368146419525146484e+00,5.189284324645996094e+00,7.193339988589286804e-03,2.205000000000000000e+03
1.253222560882568359e+01,7.399397850036621094e+00,5.240095138549804688e+00,7.740289904177188873e-03,2.205000000000000000e+03
1.252461814880371094e+01,7.418405055999755859e+00,5.271523475646972656e+00,7.433063350617885590e-03,2.205000000000000000e+03
1.253406238555908203e+01,7.432435035705566406e+00,5.276392936706542969e+00,6.281460635364055634e-03,2.205000000000000000e+03
1.253060150146484375e+01,7.427222728729248047e+00,5.256115913391113281e+00,6.176475901156663895e-03,2.205000000000000000e+03
1.254302024841308594e+01,7.439959526062011719e+00,5.275025367736816406e+00,4.635297693312168121e-03,2.205000000000000000e+03
1.256310749053955078e+01,7.410792350769042969e+00,5.241182804107666016e+00,5.570832639932632446e-03,2.205000000000000000e+03
1.254044628143310547e+01,7.501454353332519531e+00,5.164477825164794922e+00,6.266160402446985245e-03,2.205000000000000000e+03
1.249869155883789062e+01,8.096807479858398438e+00,2.820062875747680664e+00,6.341231986880302429e-03,2.205000000000000000e+03
1.248285198211669922e+01,8.197062492370605469e+00,2.791033267974853516e+00,6.466401740908622742e-03,2.205000000000000000e+03
1.244064617156982422e+01,8.079936981201171875e+00,2.707572221755981445e+00,5.545252002775669098e-03,6.523668639053254026e+01
1.260963535308837891e+01,7.228335380554199219e+00,2.389015674591064453e+00,4.581868648529052734e-03,6.523668639053254026e+01
1.260664939880371094e+01,7.178084850311279297e+00,2.386563301086425781e+00,4.100603982806205750e-03,6.523668639053254026e+01
1.258567047119140625e+01,7.184307575225830078e+00,2.401098012924194336e+00,4.814256913959980011e-03,8.470272959627793341e+01
1.299378490447998047e+01,7.267978191375732422e+00,2.168413877487182617e+00,4.219036549329757690e-03,8.777196311968515374e+01
1.308103656768798828e+01,7.395701885223388672e+00,2.268715381622314453e+00,4.880495369434356689e-03,2.205000000000000000e+03
1.270931911468505859e+01,7.434732913970947266e+00,2.405670642852783203e+00,5.339095368981361389e-03,6.523668639053254026e+01
1.255275154113769531e+01,8.240666389465332031e+00,2.832577705383300781e+00,4.694369621574878693e-03,6.523668639053254026e+01
1.245064830780029297e+01,8.464508056640625000e+00,2.875923871994018555e+00,5.646273959428071976e-03,6.523668639053254026e+01
1.242968940734863281e+01,8.634224891662597656e+00,3.009613990783691406e+00,5.719242151826620102e-03,6.523668639053254026e+01
1.244738101959228516e+01,8.576647758483886719e+00,3.081618070602416992e+00,5.953159648925065994e-03,2.205000000000000000e+03
1.242539596557617188e+01,8.578023910522460938e+00,3.111638069152832031e+00,6.060096435248851776e-03,6.523668639053254026e+01
1.163139152526855469e+01,8.803634643554687500e+00,3.286094665527343750e+00,6.196779198944568634e-03,6.523668639053254026e+01
1.148463249206542969e+01,8.798442840576171875e+00,3.362957000732421875e+00,5.789839662611484528e-03,8.080053814593189543e+01
1.159230041503906250e+01,8.709057807922363281e+00,3.282389640808105469e+00,5.347572267055511475e-03,8.203768197202032297e+01
1.152246761322021484e+01,8.417301177978515625e+00,3.354649543762207031e+00,5.219742190092802048e-03,7.954940060625304454e+01
1.157297229766845703e+01,8.393233299255371094e+00,3.310237407684326172e+00,4.677057266235351562e-03,7.002645231611791132e+01
1.161005687713623047e+01,8.552490234375000000e+00,3.297749280929565430e+00,6.026335060596466064e-03,2.205000000000000000e+03
1.148954486846923828e+01,9.028697967529296875e+00,3.391730785369873047e+00,6.572348996996879578e-03,2.205000000000000000e+03
1.130996322631835938e+01,8.889912605285644531e+00,3.432102918624877930e+00,6.644018925726413727e-03,2.205000000000000000e+03
1.121192932128906250e+01,8.662034988403320312e+00,3.364344358444213867e+00,7.095197681337594986e-03,2.205000000000000000e+03
1.109352111816406250e+01,8.622852325439453125e+00,3.390382051467895508e+00,6.214486435055732727e-03,6.523668639053254026e+01
1.092266941070556641e+01,8.547929763793945312e+00,3.369349718093872070e+00,5.554943345487117767e-03,6.523668639053254026e+01
1.118807411193847656e+01,7.202545166015625000e+00,2.984451055526733398e+00,5.934267304837703705e-03,9.269742763479231940e+01
1.123900127410888672e+01,7.179664611816406250e+00,2.973711490631103516e+00,4.955881275236606598e-03,9.203184281148315904e+01
1.124108695983886719e+01,7.200930595397949219e+00,2.967217683792114258e+00,4.623774439096450806e-03,9.042335917855398009e+01
1.022617340087890625e+01,9.203527450561523438e+00,3.404596805572509766e+00,5.150796379894018173e-03,9.894401356207784204e+01
1.159333038330078125e+01,8.982069015502929688e+00,4.423412322998046875e+00,4.834520630538463593e-03,7.424554703969180025e+01
1.169652175903320312e+01,9.036732673645019531e+00,4.382900238037109375e+00,4.733014851808547974e-03,6.523668639053254026e+01
1.177622604370117188e+01,9.096789360046386719e+00,4.308988094329833984e+00,4.538295790553092957e-03,6.563392705282208794e+01
1.183023548126220703e+01,8.997440338134765625e+00,3.776769638061523438e+00,4.342080093920230865e-03,7.415643195080978956e+01
1.135167407989501953e+01,8.951312065124511719e+00,3.251331806182861328e+00,4.603895358741283417e-03,8.742447932419642598e+01
1.119260883331298828e+01,8.537112236022949219e+00,3.269692659378051758e+00,5.226195789873600006e-03,8.546709170588657400e+01
1.137842845916748047e+01,8.276728630065917969e+00,3.489899158477783203e+00,5.719543900340795517e-03,2.205000000000000000e+03
1.156068897247314453e+01,7.832005023956298828e+00,4.744097232818603516e+00,5.903807003051042557e-03,2.205000000000000000e+03
8.778883934020996094e+00,4.738109111785888672e+00,3.038670778274536133e+00,2.530016377568244934e-02,1.825147139514391711e+03
8.012373924255371094e+00,3.332491874694824219e+00,2.433422803878784180e+00,5.795582756400108337e-02,1.713418061697325811e+03
7.544644355773925781e+00,-1.177573576569557190e-01,5.296654701232910156e-01,8.236658573150634766e-02,1.647632711001708458e+03
8.274074554443359375e+00,-1.937458276748657227e+00,6.652623414993286133e-01,8.386155217885971069e-02,1.641185580946082837e+03
8.455521583557128906e+00,-2.188592910766601562e+00,9.575140476226806641e-01,8.015449345111846924e-02,1.626806715164554362e+03
8.932016372680664062e+00,-1.856219053268432617e+00,1.389453411102294922e+00,6.089004874229431152e-02,1.577958474845607952e+03
8.787516593933105469e+00,5.946506023406982422e+00,3.468797206878662109e+00,2.053255960345268250e-02,2.205000000000000000e+03
-8.113326504826545715e-03,4.895068645477294922e+00,3.800576210021972656e+00,2.964983321726322174e-02,1.112393568717399830e+03
-8.787148594856262207e-01,5.239623546600341797e+00,3.664335489273071289e+00,5.019877478480339050e-02,1.834996943081637028e+03
-1.635719776153564453e+00,5.386569499969482422e+00,3.920608758926391602e+00,6.636882573366165161e-02,1.817416333610273114e+03
-1.280342698097229004e+00,5.185821056365966797e+00,3.947074890136718750e+00,8.113038539886474609e-02,6.485072205569583730e+02
3.853217661380767822e-01,4.323137760162353516e+00,4.263998985290527344e+00,8.985469490289688110e-02,7.120740850082692077e+02
7.480598688125610352e-01,3.745475530624389648e+00,4.890150547027587891e+00,9.836488962173461914e-02,7.887124857698325968e+02
2.950604915618896484e+00,2.310615777969360352e+00,6.796790122985839844e+00,1.268586069345474243e-01,1.171814796780616234e+03
4.214754104614257812e+00,2.025141239166259766e+00,7.600766658782958984e+00,1.382253021001815796e-01,2.205000000000000000e+03
5.700717926025390625e+00,2.262302875518798828e+00,8.020380020141601562e+00,1.373488754034042358e-01,2.205000000000000000e+03
7.056698322296142578e+00,3.085990905761718750e+00,7.626792907714843750e+00,1.252954006195068359e-01,2.205000000000000000e+03
7.859216213226318359e+00,3.693372011184692383e+00,7.263127803802490234e+00,8.598802983760833740e-02,1.398645470716290902e+03
8.251981735229492188e+00,4.055041313171386719e+00,6.979154109954833984e+00,4.544246569275856018e-02,1.384977915099839947e+03
9.474035263061523438e+00,5.971052646636962891e+00,4.079477310180664062e+00,1.389849279075860977e-02,1.572750887021762992e+03
8.058090209960937500e+00,4.330167293548583984e+00,2.873641014099121094e+00,1.363506820052862167e-02,1.584397894324188655e+03
7.740605831146240234e+00,3.983547449111938477e+00,2.612286806106567383e+00,4.990414157509803772e-02,1.863454102690620630e+03
7.178892135620117188e+00,1.593833088874816895e+00,1.103115439414978027e+00,8.889200538396835327e-02,1.775468063360972110e+03
7.348338603973388672e+00,3.988862633705139160e-01,5.984129309654235840e-01,1.161236539483070374e-01,1.717868575302099316e+03
7.770027637481689453e+00,-7.013654112815856934e-01,4.690607786178588867e-01,1.376455277204513550e-01,1.685982207137204341e+03
8.548443794250488281e+00,-1.576047182083129883e+00,6.448587775230407715e-01,1.290973871946334839e-01,1.675709498243615144e+03
8.771691322326660156e+00,-1.722415566444396973e+00,8.769845366477966309e-01,1.063801199197769165e-01,1.227224076998889359e+03
9.000530242919921875e+00,-1.513248324394226074e+00,1.281817436218261719e+00,7.533965259790420532e-02,1.600866539039660893e+03
9.412573814392089844e+00,6.167047977447509766e+00,3.677436590194702148e+00,1.387828495353460312e-02,1.176577386603490822e+03
5.011463761329650879e-01,4.668152809143066406e+00,4.021306991577148438e+00,2.152951620519161224e-02,1.988721379641436670e+03
-6.301414966583251953e-01,5.096245765686035156e+00,3.741170644760131836e+00,3.139310330152511597e-02,1.867112271256359008e+03
-1.428992390632629395e+00,5.233077049255371094e+00,3.970702648162841797e+00,3.897412121295928955e-02,1.836399606107003592e+03
-1.164062142372131348e+00,5.107052326202392578e+00,4.003872871398925781e+00,4.691667854785919189e-02,1.821859650015582702e+03
4.098741710186004639e-01,4.369944095611572266e+00,4.277571201324462891e+00,4.758340120315551758e-02,1.812372952636262426e+03
6.878368258476257324e-01,3.776478767395019531e+00,4.858119964599609375e+00,5.137563869357109070e-02,7.118381030702599901e+02
2.931564569473266602e+00,2.348569154739379883e+00,6.769101619720458984e+00,8.417386561632156372e-02,1.172734538519715215e+03
4.205069541931152344e+00,2.069211483001708984e+00,7.551997661590576172e+00,9.781689196825027466e-02,2.205000000000000000e+03
5.785284042358398438e+00,2.308168649673461914e+00,7.970858097076416016e+00,1.031358540058135986e-01,2.205000000000000000e+03
7.290667057037353516e+00,3.281841039657592773e+00,7.486156463623046875e+00,9.963183850049972534e-02,2.205000000000000000e+03
8.047399520874023438e+00,4.235817432403564453e+00,7.097011566162109375e+00,7.019463181495666504e-02,2.205000000000000000e+03
8.217881202697753906e+00,4.269070148468017578e+00,6.877357482910156250e+00,4.139002412557601929e-02,2.065386968655014698e+03
9.471756935119628906e+00,5.989440917968750000e+00,4.150128841400146484e+00,1.683032326400279999e-02,2.040830876993956281e+03
8.936262130737304688e+00,5.126669883728027344e+00,3.469291925430297852e+00,1.191947516053915024e-02,1.684351936504242531e+03
7.752097129821777344e+00,4.088002681732177734e+00,2.639348268508911133e+00,2.542579546570777893e-02,1.989186703978073638e+03
7.576589584350585938e+00,3.142243623733520508e+00,2.138985157012939453e+00,6.676842272281646729e-02,1.822037842893283141e+03
7.219048023223876953e+00,1.266533613204956055e+00,9.434456229209899902e-01,9.511954337358474731e-02,1.741558812629952627e+03
7.458520412445068359e+00,-2.860076725482940674e-01,3.793077766895294189e-01,1.185417324304580688e-01,1.690529909187673638e+03
8.177539825439453125e+00,-1.673266530036926270e+00,5.795844197273254395e-01,1.215652376413345337e-01,1.680240834901753033e+03
8.623965263366699219e+00,-1.936610817909240723e+00,9.768227934837341309e-01,1.047799438238143921e-01,1.229017075863646369e+03
9.001339912414550781e+00,-1.776664972305297852e+00,1.277851939201354980e+00,7.991416007280349731e-02,1.601437824552103393e+03
9.449559211730957031e+00,5.966685295104980469e+00,4.095950126647949219e+00,3.598865121603012085e-02,1.569355366984676948e+03
7.138602733612060547e-01,4.566982746124267578e+00,3.919106483459472656e+00,1.717778481543064117e-02,1.717901841588690559e+03
-5.087092518806457520e-01,5.120874881744384766e+00,3.631101369857788086e+00,4.081769287586212158e-02,1.864956244643554328e+03
-1.514085173606872559e+00,5.310308933258056641e+00,3.906624794006347656e+00,5.423161759972572327e-02,1.836212964962985552e+03
-1.473834156990051270e+00,5.264536380767822266e+00,3.947867870330810547e+00,6.146984174847602844e-02,1.828630308952484711e+03
1.145266816020011902e-01,4.158709526062011719e+00,4.324181556701660156e+00,6.422641873359680176e-02,1.825426163210544246e+03
3.777299821376800537e-01,4.095674037933349609e+00,4.479574203491210938e+00,5.639149621129035950e-02,5.969754077333932401e+02
2.301924467086791992e+00,2.646212577819824219e+00,6.270604610443115234e+00,7.213854044675827026e-02,1.007493046009050659e+03
3.330856084823608398e+00,2.223891019821166992e+00,7.075332641601562500e+00,8.241111040115356445e-02,2.205000000000000000e+03
5.133764743804931641e+00,2.132826566696166992e+00,7.923442840576171875e+00,8.748336881399154663e-02,2.205000000000000000e+03
6.681991577148437500e+00,2.824480533599853516e+00,7.794300556182861328e+00,8.740150928497314453e-02,2.205000000000000000e+03
7.922147750854492188e+00,3.720547199249267578e+00,7.245925426483154297e+00,6.596216559410095215e-02,2.205000000000000000e+03
8.259687423706054688e+00,3.961533308029174805e+00,6.973520278930664062e+00,4.376158863306045532e-02,1.399591516214251669e+03
9.470397949218750000e+00,5.999089241027832031e+00,4.220695972442626953e+00,2.164201997220516205e-02,1.388847107219769669e+03
9.730008125305175781e+00,6.678664207458496094e+00,3.459977865219116211e+00,6.465866696089506149e-03,2.205000000000000000e+03
9.906762123107910156e+00,7.329810619354248047e+00,3.090171575546264648e+00,5.759511608630418777e-03,2.205000000000000000e+03
9.953710556030273438e+00,7.546575546264648438e+00,3.032171726226806641e+00,5.453762598335742950e-03,2.205000000000000000e+03
1.107441520690917969e+01,9.370371818542480469e+00,2.352613210678100586e+00,4.854980856180191040e-03,2.205000000000000000e+03
1.125335407257080078e+01,9.631555557250976562e+00,2.099794149398803711e+00,5.154847633093595505e-03,5.093168244361145298e+02
1.130334281921386719e+01,9.732731819152832031e+00,1.984691381454467773e+00,5.364549346268177032e-03,6.523668639053254026e+01
1.134649944305419922e+01,9.763955116271972656e+00,1.857888340950012207e+00,4.547571763396263123e-03,6.523668639053254026e+01
1.136709213256835938e+01,1.021159839630126953e+01,1.609280109405517578e+00,4.683995153754949570e-03,6.523668639053254026e+01
1.135276126861572266e+01,1.047931957244873047e+01,1.500927090644836426e+00,4.327839240431785583e-03,6.523668639053254026e+01
1.135367870330810547e+01,1.048372268676757812e+01,1.485247492790222168e+00,3.944429568946361542e-03,6.523668639053254026e+01
1.137958908081054688e+01,1.058820438385009766e+01,1.421149253845214844e+00,4.089671187102794647e-03,6.523668639053254026e+01
1.140514564514160156e+01,1.057546806335449219e+01,1.491652250289916992e+00,4.737405572086572647e-03,8.127235258075182855e+01
1.137289524078369141e+01,1.055252361297607422e+01,1.497007966041564941e+00,5.156941711902618408e-03,7.965384053147143106e+01
1.138389968872070312e+01,1.061102485656738281e+01,1.568766593933105469e+00,5.333565175533294678e-03,6.523668639053254026e+01
1.151275157928466797e+01,1.062225437164306641e+01,1.651834964752197266e+00,5.605858284980058670e-03,6.523668639053254026e+01
1.153065776824951172e+01,1.059096527099609375e+01,1.691073060035705566e+00,6.496361456811428070e-03,6.523668639053254026e+01
1.138694667816162109e+01,1.056543731689453125e+01,1.666306614875793457e+00,6.585122551769018173e-03,6.523668639053254026e+01
1.125792598724365234e+01,1.051554203033447266e+01,1.783856868743896484e+00,7.069461513310670853e-03,6.523668639053254026e+01
1.123856639862060547e+01,1.047641658782958984e+01,1.806868076324462891e+00,6.405279040336608887e-03,4.886525903787279503e+02
1.137221050262451172e+01,1.047372341156005859e+01,1.697209715843200684e+00,4.801741335541009903e-03,2.473927401833826707e+02
1.138664627075195312e+01,1.040654754638671875e+01,1.567722558975219727e+00,4.556456115096807480e-03,6.523668639053254026e+01
1.149722385406494141e+01,1.043925762176513672e+01,1.650068521499633789e+00,3.498232690617442131e-03,6.523668639053254026e+01
1.160248470306396484e+01,1.060746860504150391e+01,1.644774794578552246e+00,3.574997419491410255e-03,6.523668639053254026e+01
1.162721633911132812e+01,1.068080902099609375e+01,1.641218185424804688e+00,3.612275701016187668e-03,4.901235764066899492e+02
1.161025238037109375e+01,1.063027000427246094e+01,1.670156240463256836e+00,4.245520569384098053e-03,5.117851118110392008e+02
1.168201351165771484e+01,1.054891109466552734e+01,1.647469639778137207e+00,4.162590950727462769e-03,4.922678072745109148e+02
1.175333690643310547e+01,1.059659004211425781e+01,1.590207934379577637e+00,4.405322950333356857e-03,5.091057935899519862e+02
1.171373748779296875e+01,1.073673057556152344e+01,1.624972701072692871e+00,4.599953535944223404e-03,4.854147046917222497e+02
1.172643661499023438e+01,1.068954181671142578e+01,1.670906901359558105e+00,5.658911541104316711e-03,4.788531774070753499e+02
1.171509075164794922e+01,1.076414108276367188e+01,1.573020935058593750e+00,5.794153083115816116e-03,6.523668639053254026e+01
1.192652320861816406e+01,1.061854076385498047e+01,1.564509391784667969e+00,6.513061933219432831e-03,6.523668639053254026e+01
1.246050643920898438e+01,1.036956405639648438e+01,1.430691480636596680e+00,7.711339741945266724e-03,6.523668639053254026e+01
1.255964374542236328e+01,1.032556533813476562e+01,1.373895049095153809e+00,9.819746948778629303e-03,6.523668639053254026e+01
1.259977245330810547e+01,1.027804851531982422e+01,1.336248159408569336e+00,1.058327220380306244e-02,6.523668639053254026e+01
1.264688014984130859e+01,1.027321243286132812e+01,1.331537604331970215e+00,1.013902761042118073e-02,2.205000000000000000e+03
1.268300628662109375e+01,1.029017448425292969e+01,1.342697381973266602e+00,9.307437576353549957e-03,2.205000000000000000e+03
1.263126659393310547e+01,1.033381462097167969e+01,1.409592509269714355e+00,5.635555367916822433e-03,4.887795758231297896e+02
1.260416412353515625e+01,1.035802745819091797e+01,1.454663038253784180e+00,4.394316580146551132e-03,6.523668639053254026e+01
1.263219070434570312e+01,1.034852313995361328e+01,1.428353190422058105e+00,4.177597817033529282e-03,6.523668639053254026e+01
1.263447761535644531e+01,1.032682323455810547e+01,1.429801464080810547e+00,4.119732417166233063e-03,6.523668639053254026e+01
1.259167385101318359e+01,1.036404800415039062e+01,1.496393561363220215e+00,4.787761718034744263e-03,6.523668639053254026e+01
1.258019447326660156e+01,1.038148975372314453e+01,1.557723879814147949e+00,4.200519062578678131e-03,6.523668639053254026e+01
1.259036350250244141e+01,1.036629486083984375e+01,1.519839048385620117e+00,4.900162573903799057e-03,6.523668639053254026e+01
1.255164527893066406e+01,1.034193992614746094e+01,1.463781833648681641e+00,4.849866963922977448e-03,6.523668639053254026e+01
1.257485866546630859e+01,1.036456680297851562e+01,1.504857540130615234e+00,4.194328095763921738e-03,6.523668639053254026e+01
1.261911773681640625e+01,1.038288307189941406e+01,1.467889308929443359e+00,4.061182495206594467e-03,6.523668639053254026e+01
1.253015613555908203e+01,1.030715274810791016e+01,1.398914337158203125e+00,3.916296176612377167e-03,6.523668639053254026e+01
1.249472427368164062e+01,1.031155109405517578e+01,1.411745905876159668e+00,5.232261028140783310e-03,6.523668639053254026e+01
1.247679805755615234e+01,1.018232154846191406e+01,1.368585586547851562e+00,6.285835057497024536e-03,6.523668639053254026e+01
1.235734558105468750e+01,1.025893402099609375e+01,1.368367910385131836e+00,7.335583679378032684e-03,6.523668639053254026e+01
1.225173854827880859e+01,1.038484954833984375e+01,1.419742941856384277e+00,6.885662674903869629e-03,5.234574798986571977e+02
1.187361431121826172e+01,1.042127418518066406e+01,1.475874662399291992e+00,5.854731425642967224e-03,9.277554717781011107e+01
1.168451404571533203e+01,1.035763263702392578e+01,1.471905589103698730e+00,5.047089420258998871e-03,7.649873374088123512e+01
1.096132183074951172e+01,9.205455780029296875e+00,1.490441322326660156e+00,3.777100238949060440e-03,6.523668639053254026e+01
1.078890705108642578e+01,9.082856178283691406e+00,1.592885732650756836e+00,4.262512084096670151e-03,2.205000000000000000e+03
1.055941963195800781e+01,8.788885116577148438e+00,2.187005281448364258e+00,4.076008684933185577e-03,2.205000000000000000e+03
1.061613750457763672e+01,8.695657730102539062e+00,2.051558971405029297e+00,4.539924208074808121e-03,2.205000000000000000e+03
1.091045951843261719e+01,8.870387077331542969e+00,1.851049423217773438e+00,4.764065612107515335e-03,2.205000000000000000e+03
1.099198341369628906e+01,8.958162307739257812e+00,1.751890778541564941e+00,5.461475811898708344e-03,2.205000000000000000e+03
1.098329925537109375e+01,9.045991897583007812e+00,1.718559384346008301e+00,5.666187033057212830e-03,2.205000000000000000e+03
1.097149467468261719e+01,9.096385002136230469e+00,1.654767751693725586e+00,7.204551715403795242e-03,2.205000000000000000e+03
1.100373077392578125e+01,9.201392173767089844e+00,1.613305211067199707e+00,7.229052018374204636e-03,2.205000000000000000e+03
1.089455318450927734e+01,9.157362937927246094e+00,1.581978440284729004e+00,7.152365986257791519e-03,2.205000000000000000e+03
1.092405796051025391e+01,9.173416137695312500e+00,1.556495785713195801e+00,7.460125721991062164e-03,2.205000000000000000e+03
8.932725906372070312e+00,4.951981067657470703e+00,3.047019243240356445e+00,8.566810749471187592e-03,1.565636068830413478e+03
7.992682456970214844e+00,3.585835933685302734e+00,2.586705684661865234e+00,4.894146323204040527e-02,1.792536964138563008e+03
7.248949527740478516e+00,9.528656005859375000e-01,7.927785515785217285e-01,8.851471543312072754e-02,1.691035501421901017e+03
7.673024177551269531e+00,-5.857204794883728027e-01,4.457302987575531006e-01,1.074272394180297852e-01,1.646863057443513753e+03
8.629552841186523438e+00,-1.885562300682067871e+00,7.278733849525451660e-01,1.073665842413902283e-01,1.646946194590229879e+03
8.804051399230957031e+00,-2.102498769760131836e+00,8.934729695320129395e-01,9.595315903425216675e-02,1.612825583499503182e+03
9.146720886230468750e+00,-1.568479180335998535e+00,1.140721440315246582e+00,6.139687821269035339e-02,1.563850086903873716e+03
8.870773315429687500e+00,5.903151988983154297e+00,3.422769308090209961e+00,1.116206310689449310e-02,1.160853800306517087e+03
-1.210860256105661392e-02,4.917712688446044922e+00,3.805315494537353516e+00,2.068013511598110199e-02,1.960978501031237784e+03
-8.309866786003112793e-01,5.204987049102783203e+00,3.677460670471191406e+00,3.343104571104049683e-02,1.821040447590709846e+03
-1.637560606002807617e+00,5.340846538543701172e+00,3.851748228073120117e+00,4.728307202458381653e-02,7.882339217137331389e+02
-1.004542469978332520e+00,4.920141220092773438e+00,3.976683378219604492e+00,5.691406875848770142e-02,8.834667911052022191e+02
3.805801272392272949e-01,4.255925178527832031e+00,4.320616722106933594e+00,6.225106492638587952e-02,8.822955313000439901e+02
7.171427011489868164e-01,3.769151449203491211e+00,4.864590644836425781e+00,7.255863398313522339e-02,1.164838167252966059e+03
3.094998121261596680e+00,2.233173608779907227e+00,6.905847549438476562e+00,1.118900701403617859e-01,1.162103308160114238e+03
4.194677829742431641e+00,2.042687177658081055e+00,7.570477008819580078e+00,1.298550516366958618e-01,2.205000000000000000e+03
5.657797336578369141e+00,2.173424005508422852e+00,8.151018142700195312e+00,1.374791711568832397e-01,2.205000000000000000e+03
7.211964130401611328e+00,3.188675642013549805e+00,7.523125648498535156e+00,1.300262510776519775e-01,2.205000000000000000e+03
8.197148323059082031e+00,3.908746957778930664e+00,7.002315044403076172e+00,9.242752194404602051e-02,1.399230193574336226e+03
8.451844215393066406e+00,4.150980472564697266e+00,6.762948513031005859e+00,5.595352128148078918e-02,2.072981592652546169e+03
9.828622817993164062e+00,6.568943500518798828e+00,3.323096752166748047e+00,1.174156460911035538e-02,1.380118019678244309e+03
8.165282249450683594e+00,4.363897323608398438e+00,2.912581682205200195e+00,1.619696803390979767e-02,2.205000000000000000e+03
7.709794521331787109e+00,3.957950353622436523e+00,2.589183568954467773e+00,6.371670216321945190e-02,1.860132115089712670e+03
7.069694519042968750e+00,1.652461528778076172e+00,1.074823617935180664e+00,1.098201125860214233e-01,1.791299634931250239e+03
7.278229713439941406e+00,5.923551917076110840e-01,6.363334059715270996e-01,1.451022177934646606e-01,1.722828713604491213e+03
7.670347690582275391e+00,-8.454334139823913574e-01,3.607516288757324219e-01,1.761811524629592896e-01,1.682670942604344873e+03
8.403514862060546875e+00,-1.939826965332031250e+00,6.441491842269897461e-01,1.686830371618270874e-01,1.665938354817562185e+03
8.879328727722167969e+00,-2.070460796356201172e+00,1.001846432685852051e+00,1.432117521762847900e-01,1.221259832892683789e+03
9.001022338867187500e+00,-1.895521163940429688e+00,1.265952587127685547e+00,1.074750646948814392e-01,1.593666425723677094e+03
9.482595443725585938e+00,6.152368545532226562e+00,3.687926292419433594e+00,4.004637151956558228e-02,1.157507683856930271e+03
1.326847523450851440e-01,4.847710132598876953e+00,3.928150415420532227e+00,5.456034839153289795e-02,1.998231506390253799e+03
-7.796896100044250488e-01,5.388133049011230469e+00,3.560171842575073242e+00,9.153912961483001709e-02,1.844823389617715520e+03
-1.907589912414550781e+00,5.640567302703857422e+00,3.992299556732177734e+00,1.232692822813987732e-01,1.813390821152431499e+03
-1.511088609695434570e+00,5.328677654266357422e+00,3.898366689682006836e+00,1.472431123256683350e-01,7.886701775699050359e+02
3.151737153530120850e-01,4.004909038543701172e+00,4.540853977203369141e+00,1.582753211259841919e-01,8.849053589216761111e+02
5.608496069908142090e-01,3.886322975158691406e+00,4.758962154388427734e+00,1.603774577379226685e-01,8.820230592299018326e+02
2.618126630783081055e+00,2.461311578750610352e+00,6.536993503570556641e+00,1.850116103887557983e-01,7.846591759798124031e+02
3.928113698959350586e+00,2.042653560638427734e+00,7.449134349822998047e+00,1.975312232971191406e-01,2.205000000000000000e+03
5.533382892608642578e+00,2.150973320007324219e+00,8.080513954162597656e+00,1.971776336431503296e-01,2.205000000000000000e+03
6.806492328643798828e+00,2.911026954650878906e+00,7.750567436218261719e+00,1.838184893131256104e-01,2.205000000000000000e+03
7.935379028320312500e+00,3.582816123962402344e+00,7.174476623535156250e+00,1.357989311218261719e-01,2.205000000000000000e+03
8.257442474365234375e+00,3.882391452789306641e+00,7.039387702941894531e+00,8.330576121807098389e-02,2.065648931868767249e+03
9.475893974304199219e+00,5.985147476196289062e+00,4.273920059204101562e+00,3.354734554886817932e-02,2.060109177077165441e+03
8.578511238098144531e+00,4.704163074493408203e+00,3.127983570098876953e+00,2.021545358002185822e-02,1.720233566667492141e+03
7.561712265014648438e+00,3.958900690078735352e+00,2.503715515136718750e+00,5.096223205327987671e-02,1.977968811813846060e+03
7.375964164733886719e+00,2.571015119552612305e+00,1.738711833953857422e+00,1.262815445661544800e-01,1.822969270067255593e+03
7.050371646881103516e+00,1.420684218406677246e+00,8.807060122489929199e-01,1.864144355058670044e-01,1.737790219869771136e+03
7.271443367004394531e+00,-1.458788812160491943e-01,2.600111663341522217e-01,2.329757362604141235e-01,1.688940798973413166e+03
7.923092365264892578e+00,-1.529008388519287109e+00,4.275914132595062256e-01,2.420628964900970459e-01,1.675251520358828657e+03
8.375264167785644531e+00,-2.075087308883666992e+00,8.386441469192504883e-01,2.126950174570083618e-01,1.228282410225745480e+03
8.715977668762207031e+00,-1.952322006225585938e+00,1.224890351295471191e+00,1.626447290182113647e-01,1.599340353771211312e+03
9.091862678527832031e+00,-1.502744317054748535e+00,1.319299697875976562e+00,8.143556118011474609e-02,1.570279586582795901e+03
5.711525678634643555e-01,4.605845928192138672e+00,4.027704238891601562e+00,3.861834481358528137e-02,1.725088776129250618e+03
-6.875466108322143555e-01,5.378233432769775391e+00,3.503876686096191406e+00,1.068588793277740479e-01,1.870688479092923899e+03
-1.990150451660156250e+00,5.705479621887207031e+00,3.910847902297973633e+00,1.480375826358795166e-01,1.829424524781285982e+03
-1.879251837730407715e+00,5.609859466552734375e+00,3.959410667419433594e+00,1.798806637525558472e-01,1.814648274006846805e+03
-3.009285219013690948e-02,3.875724792480468750e+00,4.219278335571289062e+00,1.980106532573699951e-01,1.807790759999478041e+03
3.253533840179443359e-01,4.059659481048583984e+00,4.423779010772705078e+00,1.908008307218551636e-01,8.843894095919552001e+02
2.148930549621582031e+00,2.726967811584472656e+00,6.151412963867187500e+00,1.966561079025268555e-01,8.806124356447841137e+02
3.419764280319213867e+00,2.074560403823852539e+00,7.161710262298583984e+00,2.123539298772811890e-01,1.162222031459178424e+03
4.658943653106689453e+00,1.931744575500488281e+00,7.921728610992431641e+00,2.142826020717620850e-01,2.205000000000000000e+03
5.922259330749511719e+00,2.279490470886230469e+00,8.122449874877929688e+00,2.040720283985137939e-01,2.205000000000000000e+03
7.309473514556884766e+00,3.320554018020629883e+00,7.513413906097412109e+00,1.698915213346481323e-01,2.205000000000000000e+03
8.066061973571777344e+00,3.783039093017578125e+00,7.229597091674804688e+00,1.094881817698478699e-01,1.403628045078154855e+03
8.246953964233398438e+00,3.882065773010253906e+00,7.085633277893066406e+00,5.443958938121795654e-02,1.386222203985831356e+03
9.467967033386230469e+00,6.287929058074951172e+00,3.839254617691040039e+00,1.044961623847484589e-02,1.388174556579474711e+03
1.115032482147216797e+01,8.750821113586425781e+00,3.145954608917236328e+00,9.879851713776588440e-03,2.205000000000000000e+03
1.123870468139648438e+01,8.849798202514648438e+00,3.120751619338989258e+00,9.272527880966663361e-03,2.205000000000000000e+03
1.135838699340820312e+01,9.119530677795410156e+00,3.120022773742675781e+00,6.899266038089990616e-03,2.205000000000000000e+03
1.148936367034912109e+01,9.502342224121093750e+00,3.199307680130004883e+00,6.428185384720563889e-03,2.205000000000000000e+03
1.155518436431884766e+01,9.732189178466796875e+00,3.158809423446655273e+00,6.007444579154253006e-03,1.993588251147413530e+03
9.944881439208984375e+00,9.677885055541992188e+00,3.304872035980224609e+00,5.717214662581682205e-03,1.883016335276527343e+03
9.806561470031738281e+00,9.206015586853027344e+00,3.695501327514648438e+00,6.026698742061853409e-03,1.870460742225178137e+03
1.140082931518554688e+01,8.145706176757812500e+00,4.796867370605468750e+00,5.051669199019670486e-03,1.863922299926717642e+03
1.147894001007080078e+01,8.133774757385253906e+00,4.849310874938964844e+00,4.582984838634729385e-03,1.840354138216957608e+03
1.146169281005859375e+01,8.167047500610351562e+00,4.839766502380371094e+00,4.471977241337299347e-03,1.869013335635078874e+03
1.146021366119384766e+01,8.375778198242187500e+00,4.904793262481689453e+00,4.343831911683082581e-03,6.523668639053254026e+01
1.161986637115478516e+01,9.186875343322753906e+00,4.088558673858642578e+00,3.871114691719412804e-03,6.523668639053254026e+01
1.166966152191162109e+01,9.386304855346679688e+00,3.736883878707885742e+00,4.893416073173284531e-03,6.523668639053254026e+01
1.178802776336669922e+01,9.271039962768554688e+00,3.762005329132080078e+00,5.390203092247247696e-03,6.523668639053254026e+01
1.195406341552734375e+01,1.109087371826171875e+01,2.351145029067993164e+00,5.117907654494047165e-03,2.098501756948543289e+02
1.189706802368164062e+01,1.115289592742919922e+01,2.182209014892578125e+00,5.215683486312627792e-03,9.720867515291172367e+01
1.187745571136474609e+01,1.114245510101318359e+01,2.106888532638549805e+00,5.294701084494590759e-03,6.931852455683630865e+01
1.195484828948974609e+01,1.118236923217773438e+01,2.180829524993896484e+00,5.553490482270717621e-03,6.632886977151399321e+01
1.183989334106445312e+01,1.111812496185302734e+01,1.931635260581970215e+00,5.407399497926235199e-03,6.523668639053254026e+01
1.177117252349853516e+01,1.109237575531005859e+01,1.753438949584960938e+00,5.633947439491748810e-03,6.523668639053254026e+01
1.174669361114501953e+01,1.100959873199462891e+01,1.630364537239074707e+00,5.587478633970022202e-03,6.523668639053254026e+01
1.177548694610595703e+01,1.096446323394775391e+01,1.726032018661499023e+00,4.846608731895685196e-03,6.523668639053254026e+01
1.001777362823486328e+01,9.681891441345214844e+00,3.265268802642822266e+00,5.299817305058240891e-03,2.018850637152688023e+03
1.008326435089111328e+01,8.790740966796875000e+00,3.994864225387573242e+00,5.175229627639055252e-03,2.013333619922637354e+03
1.151460456848144531e+01,8.018616676330566406e+00,4.933538436889648438e+00,5.163520574569702148e-03,2.013162847045885428e+03
1.158254051208496094e+01,7.945264816284179688e+00,4.869717597961425781e+00,5.766787100583314896e-03,2.032851492523389425e+03
1.117349433898925781e+01,8.866456031799316406e+00,3.609556198120117188e+00,6.125515326857566833e-03,2.040389247883252210e+03
1.120133399963378906e+01,8.916543960571289062e+00,3.634223937988281250e+00,6.207742262631654739e-03,2.205000000000000000e+03
1.131115245819091797e+01,9.178827285766601562e+00,3.502804279327392578e+00,5.364943295717239380e-03,2.205000000000000000e+03
1.131910705566406250e+01,9.224505424499511719e+00,3.506721019744873047e+00,5.143786314874887466e-03,6.523668639053254026e+01
1.143931579589843750e+01,9.304966926574707031e+00,3.567607879638671875e+00,6.195503287017345428e-03,6.523668639053254026e+01
1.154584598541259766e+01,9.609101295471191406e+00,3.426391124725341797e+00,6.875366903841495514e-03,6.523668639053254026e+01
1.158128929138183594e+01,9.763551712036132812e+00,3.365543365478515625e+00,6.973373237997293472e-03,6.523668639053254026e+01
1.194330120086669922e+01,1.109513759613037109e+01,2.324240207672119141e+00,7.123809773474931717e-03,6.523668639053254026e+01
1.188047981262207031e+01,1.114055156707763672e+01,2.172316312789916992e+00,5.987076088786125183e-03,6.523668639053254026e+01
1.192185878753662109e+01,1.118337917327880859e+01,2.163488388061523438e+00,5.006254184991121292e-03,7.961356785324407781e+01
1.182753276824951172e+01,1.111407756805419922e+01,2.045603990554809570e+00,4.889610223472118378e-03,3.978259737460145971e+02
1.187222957611083984e+01,1.113119411468505859e+01,2.165728569030761719e+00,4.330013878643512726e-03,1.022793244427907382e+02
1.019679832458496094e+01,9.878767967224121094e+00,2.983678817749023438e+00,3.083686809986829758e-03,9.541852835378480790e+01
9.581128120422363281e+00,8.866044044494628906e+00,3.776079654693603516e+00,3.131656674668192863e-03,7.953235055657184205e+01
9.633597373962402344e+00,8.814780235290527344e+00,3.796188831329345703e+00,3.334687789902091026e-03,6.823552251548224490e+01
9.905282020568847656e+00,8.751191139221191406e+00,3.787025213241577148e+00,5.936555098742246628e-03,6.523668639053254026e+01
1.115540790557861328e+01,8.714768409729003906e+00,3.475718021392822266e+00,6.665386259555816650e-03,2.205000000000000000e+03
1.114880180358886719e+01,8.800585746765136719e+00,3.531619787216186523e+00,7.534533739089965820e-03,2.205000000000000000e+03
1.084031772613525391e+01,8.924963951110839844e+00,3.272078514099121094e+00,7.878163829445838928e-03,2.205000000000000000e+03
1.069003772735595703e+01,8.803042411804199219e+00,2.696954011917114258e+00,6.399961654096841812e-03,2.205000000000000000e+03
1.063175296783447266e+01,8.827031135559082031e+00,2.481565475463867188e+00,6.367379799485206604e-03,6.523668639053254026e+01
1.025645160675048828e+01,8.389707565307617188e+00,2.049473285675048828e+00,6.488190032541751862e-03,2.205000000000000000e+03
1.028093624114990234e+01,8.433740615844726562e+00,1.886008143424987793e+00,6.859681103378534317e-03,2.205000000000000000e+03
1.026700973510742188e+01,8.531393051147460938e+00,1.823818564414978027e+00,6.550083868205547333e-03,2.205000000000000000e+03
1.029349613189697266e+01,8.653111457824707031e+00,1.800557374954223633e+00,6.192677188664674759e-03,2.205000000000000000e+03
1.028455257415771484e+01,8.654172897338867188e+00,1.819583535194396973e+00,4.953659605234861374e-03,2.205000000000000000e+03
1.032713031768798828e+01,8.731144905090332031e+00,1.850210666656494141e+00,3.763959277421236038e-03,2.205000000000000000e+03
1.023530197143554688e+01,8.786918640136718750e+00,1.895087599754333496e+00,3.588810563087463379e-03,2.205000000000000000e+03
9.943442344665527344e+00,8.652080535888671875e+00,2.662086963653564453e+00,3.396316897124052048e-03,2.062244119927931024e+03
9.979968070983886719e+00,8.401653289794921875e+00,3.048117876052856445e+00,3.882006043568253517e-03,2.018326480995478732e+03
1.039322185516357422e+01,7.849493980407714844e+00,3.551357269287109375e+00,4.555237479507923126e-03,2.001947183186953907e+03
1.037471771240234375e+01,7.920350551605224609e+00,3.625882625579833984e+00,5.908113438636064529e-03,1.973122850168609375e+03
1.030515193939208984e+01,8.051776885986328125e+00,3.544715881347656250e+00,6.116728764027357101e-03,2.065812829376871832e+03
1.016687393188476562e+01,8.287398338317871094e+00,2.965660095214843750e+00,7.222971413284540176e-03,2.205000000000000000e+03
1.047337341308593750e+01,8.478558540344238281e+00,2.242640495300292969e+00,6.677096243947744370e-03,2.205000000000000000e+03
1.038109779357910156e+01,8.465420722961425781e+00,2.167239665985107422e+00,5.623340141028165817e-03,2.205000000000000000e+03
1.052774238586425781e+01,8.800766944885253906e+00,1.885669112205505371e+00,5.349568091332912445e-03,6.523668639053254026e+01
1.055126380920410156e+01,8.852532386779785156e+00,1.806481480598449707e+00,4.206583369523286819e-03,6.523668639053254026e+01
1.054059505462646484e+01,8.920619964599609375e+00,1.721670746803283691e+00,4.568779841065406799e-03,2.300752802824704020e+02
1.069235897064208984e+01,8.994685173034667969e+00,1.653200268745422363e+00,5.718387197703123093e-03,2.205000000000000000e+03
1.102068233489990234e+01,9.142724037170410156e+00,1.625313997268676758e+00,5.614719819277524948e-03,2.205000000000000000e+03
1.087918376922607422e+01,9.129484176635742188e+00,1.561307072639465332e+00,5.637672729790210724e-03,2.205000000000000000e+03
1.075164794921875000e+01,9.070621490478515625e+00,1.575823903083801270e+00,5.858785007148981094e-03,6.523668639053254026e+01
1.076961517333984375e+01,9.090463638305664062e+00,1.556709885597229004e+00,5.431396886706352234e-03,2.271933381331599549e+02
1.070466423034667969e+01,9.063484191894531250e+00,1.617734789848327637e+00,5.810219328850507736e-03,2.205000000000000000e+03
9.845675468444824219e+00,8.149403572082519531e+00,3.577598094940185547e+00,5.296225193887948990e-03,2.205000000000000000e+03
1.144550609588623047e+01,7.748171329498291016e+00,2.870054244995117188e+00,5.033986642956733704e-03,2.205000000000000000e+03
1.153402233123779297e+01,7.817145347595214844e+00,2.860215902328491211e+00,4.383435007184743881e-03,2.205000000000000000e+03
1.152655220031738281e+01,7.916746139526367188e+00,2.828165769577026367e+00,4.241930786520242691e-03,2.205000000000000000e+03
1.157188606262207031e+01,8.400455474853515625e+00,2.465296506881713867e+00,4.917841870337724686e-03,2.205000000000000000e+03
1.176398658752441406e+01,8.619131088256835938e+00,2.364357471466064453e+00,5.493607372045516968e-03,2.205000000000000000e+03
1.142028617858886719e+01,8.769823074340820312e+00,2.140059947967529297e+00,5.401945672929286957e-03,2.205000000000000000e+03
1.137561225891113281e+01,8.977128028869628906e+00,2.011223316192626953e+00,5.131457466632127762e-03,2.205000000000000000e+03
1.140189075469970703e+01,9.171655654907226562e+00,1.776693105697631836e+00,4.215580411255359650e-03,2.205000000000000000e+03
1.141614055633544922e+01,9.240693092346191406e+00,1.694992065429687500e+00,5.474786274135112762e-03,2.205000000000000000e+03
1.126895713806152344e+01,9.400096893310546875e+00,1.581505537033081055e+00,5.693182814866304398e-03,2.205000000000000000e+03
1.129019355773925781e+01,9.496456146240234375e+00,1.485288977622985840e+00,5.648610647767782211e-03,2.205000000000000000e+03
1.118943405151367188e+01,9.468936920166015625e+00,1.441676735877990723e+00,5.590368993580341339e-03,6.523668639053254026e+01
1.116552352905273438e+01,9.408342361450195312e+00,1.477775335311889648e+00,3.183522028848528862e-03,6.523668639053254026e+01
1.138062191009521484e+01,9.785360336303710938e+00,1.415134310722351074e+00,3.381832269951701164e-03,6.523668639053254026e+01
1.154733562469482422e+01,1.066760635375976562e+01,1.295660972595214844e+00,3.412576857954263687e-03,1.012837535971439422e+02
1.153196430206298828e+01,1.065859031677246094e+01,1.305163145065307617e+00,3.798034507781267166e-03,7.559447690547609966e+01
1.155382061004638672e+01,1.069666671752929688e+01,1.364705801010131836e+00,3.927794750779867172e-03,6.523668639053254026e+01
1.159636020660400391e+01,1.062892532348632812e+01,1.396261930465698242e+00,3.221887629479169846e-03,6.523668639053254026e+01
1.154278469085693359e+01,1.060106277465820312e+01,1.410239934921264648e+00,3.224398707970976830e-03,6.523668639053254026e+01
1.151022529602050781e+01,1.071696758270263672e+01,1.265966176986694336e+00,4.075098317116498947e-03,6.523668639053254026e+01
1.164789009094238281e+01,1.087860584259033203e+01,1.404664635658264160e+00,5.082975607365369797e-03,6.523668639053254026e+01
1.165933418273925781e+01,1.086031341552734375e+01,1.452260971069335938e+00,5.135472863912582397e-03,6.523668639053254026e+01
1.166586112976074219e+01,1.094611930847167969e+01,1.434384942054748535e+00,5.011722445487976074e-03,6.523668639053254026e+01
1.155008792877197266e+01,1.086700248718261719e+01,1.247702002525329590e+00,4.170891828835010529e-03,6.523668639053254026e+01
1.157705402374267578e+01,1.083505058288574219e+01,1.290903568267822266e+00,2.888349350541830063e-03,8.662038216473506225e+01
1.168409442901611328e+01,1.083292007446289062e+01,1.443444967269897461e+00,2.855950035154819489e-03,6.523668639053254026e+01
1.169807243347167969e+01,1.073767185211181641e+01,1.413604855537414551e+00,3.744626650586724281e-03,6.523668639053254026e+01
1.169780540466308594e+01,1.090644931793212891e+01,1.436514854431152344e+00,3.828963031992316246e-03,6.523668639053254026e+01
1.168305492401123047e+01,1.095058536529541016e+01,1.447788596153259277e+00,4.601871594786643982e-03,6.523668639053254026e+01
1.163562870025634766e+01,1.097986602783203125e+01,1.398286819458007812e+00,5.146862473338842392e-03,6.523668639053254026e+01
1.161069202423095703e+01,1.096026706695556641e+01,1.355976700782775879e+00,6.465519312769174576e-03,6.523668639053254026e+01
1.169321823120117188e+01,1.094464397430419922e+01,1.422423720359802246e+00,6.533548235893249512e-03,6.523668639053254026e+01
1.171823215484619141e+01,1.099066257476806641e+01,1.479116082191467285e+00,6.628114730119705200e-03,6.523668639053254026e+01
1.166275978088378906e+01,1.095857810974121094e+01,1.444180369377136230e+00,6.605980917811393738e-03,6.523668639053254026e+01
1.162618827819824219e+01,1.100271701812744141e+01,1.398877978324890137e+00,4.694616887718439102e-03,6.523668639053254026e+01
1.156226062774658203e+01,1.091780090332031250e+01,1.296142339706420898e+00,4.308053757995367050e-03,6.523668639053254026e+01
1.163092041015625000e+01,1.082553005218505859e+01,1.316027164459228516e+00,5.099671892821788788e-03,6.523668639053254026e+01
1.170261859893798828e+01,1.087882041931152344e+01,1.422164082527160645e+00,5.077129695564508438e-03,6.523668639053254026e+01
1.168392276763916016e+01,1.093848991394042969e+01,1.412421464920043945e+00,5.309116095304489136e-03,6.523668639053254026e+01
1.156212043762207031e+01,1.081214809417724609e+01,1.279647231101989746e+00,5.256769713014364243e-03,6.523668639053254026e+01
1.156427860260009766e+01,1.077599430084228516e+01,1.254743337631225586e+00,4.082716070115566254e-03,3.792760663701415069e+02
1.159315204620361328e+01,1.075823211669921875e+01,1.285486340522766113e+00,4.946517758071422577e-03,6.523668639053254026e+01
1.185437870025634766e+01,1.117238235473632812e+01,2.141371965408325195e+00,5.076314788311719894e-03,6.523668639053254026e+01
1.194135475158691406e+01,1.122557926177978516e+01,2.224798917770385742e+00,5.621142685413360596e-03,6.523668639053254026e+01
1.195277404785156250e+01,1.123864078521728516e+01,2.241083383560180664e+00,5.739061627537012100e-03,6.523668639053254026e+01
1.196441078186035156e+01,1.119037723541259766e+01,2.289934158325195312e+00,5.027947016060352325e-03,6.523668639053254026e+01
1.199438285827636719e+01,1.121113872528076172e+01,2.298211812973022461e+00,5.417131353169679642e-03,3.808963619871258857e+02
1.199603843688964844e+01,1.120101642608642578e+01,2.305827617645263672e+00,4.902848973870277405e-03,3.851032923984340073e+02
1.197791957855224609e+01,1.114045715332031250e+01,2.380175352096557617e+00,4.549818579107522964e-03,3.814505783930117104e+02
1.198613452911376953e+01,1.119273567199707031e+01,2.330804109573364258e+00,4.701376892626285553e-03,3.511583690275633103e+02
1.200879383087158203e+01,1.122228717803955078e+01,2.274269342422485352e+00,4.071795381605625153e-03,3.566351055167284017e+02
1.206467342376708984e+01,1.127701377868652344e+01,2.275657653808593750e+00,4.244983196258544922e-03,6.523668639053254026e+01
1.205858707427978516e+01,1.126885318756103516e+01,2.284034729003906250e+00,4.493932239711284637e-03,6.523668639053254026e+01
1.206492996215820312e+01,1.127889728546142578e+01,2.285741567611694336e+00,3.776650177314877510e-03,6.523668639053254026e+01
1.196939849853515625e+01,1.120715999603271484e+01,2.266332387924194336e+00,4.107317421585321426e-03,6.523668639053254026e+01
1.202303981781005859e+01,1.114327239990234375e+01,2.306153535842895508e+00,4.080498125404119492e-03,6.523668639053254026e+01
1.210907554626464844e+01,1.082733249664306641e+01,2.279195785522460938e+00,4.274146165698766708e-03,2.536784054638976045e+02
1.220829105377197266e+01,1.072133827209472656e+01,2.071040868759155273e+00,4.269125405699014664e-03,7.468331610361212825e+01
1.231165981292724609e+01,1.064246273040771484e+01,1.934752821922302246e+00,4.463021177798509598e-03,6.523668639053254026e+01
1.252778434753417969e+01,1.039616012573242188e+01,1.493636012077331543e+00,4.563321359455585480e-03,6.523668639053254026e+01
9.418042182922363281e+00,9.989637374877929688e+00,3.488776445388793945e+00,1.089613605290651321e-02,2.205000000000000000e+03
2.038083791732788086e+00,2.917963027954101562e+00,5.922107219696044922e+00,5.729173123836517334e-02,1.794797534952101159e+03
7.281656265258789062e+00,8.267705440521240234e-01,7.708944082260131836e-01,1.091118380427360535e-01,1.687003971930945909e+03
7.170238971710205078e+00,7.364200055599212646e-02,2.871695160865783691e-01,1.218108534812927246e-01,1.663857628212523196e+03
8.021463394165039062e+00,-1.880403280258178711e+00,5.753611922264099121e-01,1.214046552777290344e-01,1.664207076585126970e+03
8.835339546203613281e+00,-1.977581262588500977e+00,8.300206661224365234e-01,1.076514124870300293e-01,1.224832319337364424e+03
9.151496887207031250e+00,-1.570777654647827148e+00,9.493539929389953613e-01,5.444197729229927063e-02,1.565318761757340098e+03
7.375130653381347656e-01,4.646141529083251953e+00,4.012653827667236328e+00,1.601832173764705658e-02,2.205000000000000000e+03
-1.307780146598815918e-01,5.019938468933105469e+00,3.791737556457519531e+00,3.473047539591789246e-02,9.966279559393457248e+02
-1.269729375839233398e+00,5.498837471008300781e+00,4.123883724212646484e+00,4.918567091226577759e-02,1.466517396608694071e+03
-1.486951589584350586e+00,5.565265655517578125e+00,4.194506645202636719e+00,7.068144530057907104e-02,1.803652835204827625e+03
-1.245305299758911133e+00,5.297590732574462891e+00,4.068693161010742188e+00,8.261606842279434204e-02,8.854113789630763449e+02
2.632298767566680908e-01,4.355831146240234375e+00,4.734890937805175781e+00,8.732699602842330933e-02,1.006354423731598104e+03
2.184439182281494141e+00,2.711675643920898438e+00,6.177986621856689453e+00,9.594441950321197510e-02,1.004737955003813681e+03
3.138031482696533203e+00,2.210170269012451172e+00,6.927029132843017578e+00,9.098973870277404785e-02,1.159023206994477505e+03
5.051912307739257812e+00,2.121875524520874023e+00,7.880558013916015625e+00,8.319424092769622803e-02,2.205000000000000000e+03
6.297512054443359375e+00,2.568210840225219727e+00,7.893365859985351562e+00,7.265451550483703613e-02,2.205000000000000000e+03
7.902388095855712891e+00,3.610892534255981445e+00,7.099243164062500000e+00,4.983139783143997192e-02,2.205000000000000000e+03
8.432142257690429688e+00,4.281086921691894531e+00,6.592710971832275391e+00,2.883439324796199799e-02,2.031807307332424443e+03
1.068186283111572266e+01,6.942661285400390625e+00,3.128988027572631836e+00,1.151929982006549835e-02,2.028354736392638188e+03
1.091264629364013672e+01,6.795908927917480469e+00,3.191095113754272461e+00,5.360081326216459274e-03,2.205000000000000000e+03
8.519745826721191406e+00,4.673821926116943359e+00,3.067646741867065430e+00,7.778117433190345764e-03,1.153082916207314838e+03
8.115486145019531250e+00,4.117759704589843750e+00,2.781264066696166992e+00,2.318899147212505341e-02,1.054758967680265414e+03
7.271379470825195312e+00,1.219291806221008301e+00,9.786672592163085938e-01,3.414863348007202148e-02,1.713111621650817597e+03
7.653890609741210938e+00,-3.848212361335754395e-01,4.966765046119689941e-01,3.964633494615554810e-02,1.690705706808144669e+03
8.638907432556152344e+00,-1.257760524749755859e+00,9.213804006576538086e-01,4.045715183019638062e-02,1.685086287260797690e+03
9.066812515258789062e+00,-1.558508276939392090e+00,1.145810604095458984e+00,3.508171811699867249e-02,1.233673884330964256e+03
9.138809204101562500e+00,-1.509265899658203125e+00,1.214915633201599121e+00,2.535557560622692108e-02,9.634245901764045357e+02
9.773915290832519531e+00,7.616640567779541016e+00,3.048304319381713867e+00,1.543885283172130585e-02,1.581354959143986207e+03
8.393425345420837402e-01,4.653752803802490234e+00,3.965152502059936523e+00,1.580556482076644897e-02,1.692392963991743954e+03
-2.476976253092288971e-02,4.945833683013916016e+00,3.878055810928344727e+00,1.697902567684650421e-02,1.214324279558546777e+03
-1.369094252586364746e+00,5.295024871826171875e+00,4.050988674163818359e+00,1.975297369062900543e-02,1.403875062520821984e+03
-1.336694955825805664e+00,5.210001468658447266e+00,4.029102325439453125e+00,2.472670376300811768e-02,1.397018424902664947e+03
4.645218849182128906e-01,4.100386619567871094e+00,4.498203277587890625e+00,2.583758719265460968e-02,1.164410401929304044e+03
4.765254855155944824e-01,4.141613483428955078e+00,4.489359855651855469e+00,2.522548660635948181e-02,1.161338801735048037e+03
2.430660009384155273e+00,2.751989603042602539e+00,6.163842201232910156e+00,3.496254608035087585e-02,1.162617201319452533e+03
3.988946914672851562e+00,2.048087596893310547e+00,7.448464870452880859e+00,3.751693293452262878e-02,2.205000000000000000e+03
5.952794551849365234e+00,2.420944690704345703e+00,7.894802570343017578e+00,4.087808355689048767e-02,2.205000000000000000e+03
7.362585544586181641e+00,3.242173671722412109e+00,7.363163471221923828e+00,4.082847759127616882e-02,2.205000000000000000e+03
8.144836425781250000e+00,3.846277236938476562e+00,6.792312622070312500e+00,3.146232292056083679e-02,1.385640983047747568e+03
8.529605865478515625e+00,4.392304420471191406e+00,6.395070075988769531e+00,2.620925381779670715e-02,2.031197127947506942e+03
1.042984008789062500e+01,6.957158565521240234e+00,3.256694316864013672e+00,1.847900450229644775e-02,2.014617529199746286e+03
1.074643325805664062e+01,8.205071449279785156e+00,3.072579383850097656e+00,1.812369935214519501e-02,2.205000000000000000e+03
1.092742824554443359e+01,6.592962741851806641e+00,3.663525104522705078e+00,1.822523586452007294e-02,2.205000000000000000e+03
8.142870903015136719e+00,4.325849533081054688e+00,2.886607408523559570e+00,2.252480201423168182e-02,1.984671277992298656e+03
7.716398715972900391e+00,3.367861747741699219e+00,2.333099842071533203e+00,4.458421468734741211e-02,1.805680173533112566e+03
7.167079925537109375e+00,1.304299831390380859e+00,9.063900709152221680e-01,7.229067385196685791e-02,1.698890765033464959e+03
7.639339923858642578e+00,-4.361628592014312744e-01,4.683649241924285889e-01,9.083595126867294312e-02,1.659518398296433361e+03
8.340293884277343750e+00,-1.600318431854248047e+00,6.129634380340576172e-01,9.864567965269088745e-02,1.637396608239363331e+03
8.906766891479492188e+00,-2.039356231689453125e+00,9.755011200904846191e-01,9.049211442470550537e-02,1.615561981864268091e+03
9.207365989685058594e+00,-1.872430682182312012e+00,1.091059684753417969e+00,6.995141506195068359e-02,1.585084517104015504e+03
9.236680984497070312e+00,-1.537128925323486328e+00,1.249395370483398438e+00,4.313124716281890869e-02,1.562345395455614607e+03
8.664442062377929688e+00,5.987704753875732422e+00,3.367125511169433594e+00,1.600397191941738129e-02,2.205000000000000000e+03
1.725800782442092896e-01,4.884154319763183594e+00,4.031239032745361328e+00,2.610891312360763550e-02,9.556648814084254582e+02
-1.024742007255554199e+00,5.289412498474121094e+00,3.848078727722167969e+00,3.247576579451560974e-02,1.446090719203177287e+03
-1.456995844841003418e+00,5.294027805328369141e+00,4.034338474273681641e+00,4.580568522214889526e-02,8.825346103951590067e+02
-6.842005848884582520e-01,4.489137649536132812e+00,4.088204860687255859e+00,6.021350622177124023e-02,1.002929289927046966e+03
2.273675650358200073e-01,4.180163383483886719e+00,4.363213539123535156e+00,7.275719940662384033e-02,1.164383113401834407e+03
7.812629938125610352e-01,3.728021860122680664e+00,4.879500389099121094e+00,8.377002179622650146e-02,1.389895160536121011e+03
3.127930164337158203e+00,2.276213169097900391e+00,6.919632434844970703e+00,1.059914454817771912e-01,1.162640627459388497e+03
4.219843387603759766e+00,2.045477628707885742e+00,7.581603050231933594e+00,1.138605251908302307e-01,2.205000000000000000e+03
5.820018291473388672e+00,2.319469213485717773e+00,8.007657051086425781e+00,1.115866005420684814e-01,2.205000000000000000e+03
7.245311260223388672e+00,3.233364820480346680e+00,7.533996582031250000e+00,1.027104780077934265e-01,2.205000000000000000e+03
8.056998252868652344e+00,3.788443088531494141e+00,7.238615512847900391e+00,7.247877120971679688e-02,2.205000000000000000e+03
8.279660224914550781e+00,3.896751165390014648e+00,7.064285278320312500e+00,4.327178001403808594e-02,2.062382993894481842e+03
9.522508621215820312e+00,6.234079360961914062e+00,3.636162281036376953e+00,1.741445064544677734e-02,1.387682529425264192e+03
9.389867782592773438e+00,6.292314052581787109e+00,3.617111444473266602e+00,1.115542743355035782e-02,2.088190838374419400e+03
8.403705596923828125e+00,4.552360534667968750e+00,3.003972768783569336e+00,2.449251711368560791e-02,1.694675067604125843e+03
7.716114997863769531e+00,3.815649509429931641e+00,2.523813962936401367e+00,7.532816380262374878e-02,9.529686099828496708e+02
7.267557621002197266e+00,1.922174334526062012e+00,1.343259572982788086e+00,1.353529393672943115e-01,1.811150149481050676e+03
7.117847919464111328e+00,1.370522379875183105e+00,9.155450463294982910e-01,1.798679679632186890e-01,1.728648429604427292e+03
7.380940914154052734e+00,-2.791354954242706299e-01,3.160769045352935791e-01,2.106757164001464844e-01,1.690538834463165358e+03
8.235139846801757812e+00,-1.764348626136779785e+00,5.685781836509704590e-01,2.072936892509460449e-01,1.674567197754470271e+03
8.818684577941894531e+00,-2.117970943450927734e+00,8.864946365356445312e-01,1.740818023681640625e-01,1.224454830926359136e+03
8.908619880676269531e+00,-1.944047093391418457e+00,9.228526949882507324e-01,1.275699287652969360e-01,1.594719738955205457e+03
9.256730079650878906e+00,-1.507850646972656250e+00,1.168739557266235352e+00,6.204506009817123413e-02,1.558547635561669722e+03
7.092504501342773438e-01,4.545023918151855469e+00,3.952146053314208984e+00,3.900839760899543762e-02,1.714557175082673211e+03
-7.392626404762268066e-01,5.248477458953857422e+00,3.477189779281616211e+00,8.842711895704269409e-02,1.895560222036821187e+03
-1.965609908103942871e+00,5.664736747741699219e+00,3.939604282379150391e+00,1.199610456824302673e-01,1.835819750199620557e+03
-1.812081456184387207e+00,5.495719432830810547e+00,3.935876607894897461e+00,1.522160470485687256e-01,1.819899395685368972e+03
2.415549010038375854e-03,3.905873060226440430e+00,4.297008037567138672e+00,1.702611744403839111e-01,1.814056903200450506e+03
2.607712447643280029e-01,4.087998867034912109e+00,4.445713520050048828e+00,1.688589900732040405e-01,7.119782892601323283e+02
1.966075897216796875e+00,2.852199316024780273e+00,5.994412899017333984e+00,1.800281852483749390e-01,8.850493322402517151e+02
3.001245021820068359e+00,2.203224897384643555e+00,6.824269771575927734e+00,1.977079957723617554e-01,1.170535196031426722e+03
4.624224185943603516e+00,2.011241674423217773e+00,7.808695316314697266e+00,1.999042779207229614e-01,2.205000000000000000e+03
5.768314838409423828e+00,2.277561426162719727e+00,8.043454170227050781e+00,1.923819184303283691e-01,2.205000000000000000e+03
7.173264980316162109e+00,3.128704309463500977e+00,7.532056331634521484e+00,1.629401296377182007e-01,2.205000000000000000e+03
8.068430900573730469e+00,3.728871345520019531e+00,7.259012222290039062e+00,1.049233153462409973e-01,2.205000000000000000e+03
8.235840797424316406e+00,3.861962318420410156e+00,7.130714416503906250e+00,5.431613326072692871e-02,1.391467505603834525e+03
9.489460945129394531e+00,6.120939254760742188e+00,3.938544273376464844e+00,8.196323178708553314e-03,2.205000000000000000e+03
9.441556930541992188e+00,5.959303379058837891e+00,3.964363336563110352e+00,1.675565913319587708e-02,1.647934304184118673e+03
7.546305656433105469e+00,3.951731443405151367e+00,2.487454175949096680e+00,3.603981062769889832e-02,1.576800085885291992e+03
7.544248104095458984e+00,3.217646598815917969e+00,2.154647827148437500e+00,1.107403710484504700e-01,1.844780239975766563e+03
6.899992942810058594e+00,1.643913030624389648e+00,9.719322919845581055e-01,1.693353205919265747e-01,1.753040254487953462e+03
7.215322971343994141e+00,2.035804837942123413e-02,3.143686652183532715e-01,2.071928083896636963e-01,1.705246556526824634e+03
7.790809631347656250e+00,-1.316578626632690430e+00,3.570920825004577637e-01,2.257708311080932617e-01,1.684163117841894746e+03
8.197222709655761719e+00,-1.997085928916931152e+00,7.223131060600280762e-01,2.001037299633026123e-01,1.660987174363829581e+03
8.525917053222656250e+00,-2.108156919479370117e+00,1.000392436981201172e+00,1.537469774484634399e-01,1.213421051892728883e+03
8.905932426452636719e+00,-1.798756957054138184e+00,1.345186233520507812e+00,9.561529010534286499e-02,1.577637790625559091e+03
9.579858779907226562e+00,6.028655529022216797e+00,4.087331295013427734e+00,1.088037155568599701e-02,2.205000000000000000e+03
7.931156754493713379e-01,4.521892070770263672e+00,3.871738910675048828e+00,3.559850156307220459e-02,1.711300994876180312e+03
-8.545404076576232910e-01,5.323907852172851562e+00,3.517583370208740234e+00,9.111408889293670654e-02,1.869091497721761925e+03
-1.955798864364624023e+00,5.691584110260009766e+00,3.911295890808105469e+00,1.258407831192016602e-01,1.824561729655936006e+03
-1.757627487182617188e+00,5.487978935241699219e+00,3.840327262878417969e+00,1.539099961519241333e-01,1.812278965542486958e+03
1.006788536906242371e-01,3.910319566726684570e+00,4.409587383270263672e+00,1.653753668069839478e-01,7.125955346150304877e+02
3.835820853710174561e-01,3.947407245635986328e+00,4.632501602172851562e+00,1.538241505622863770e-01,7.888140008367491873e+02
2.052619695663452148e+00,2.786196708679199219e+00,6.067565917968750000e+00,1.541004478931427002e-01,8.833274388023687607e+02
3.196162939071655273e+00,2.155973672866821289e+00,6.986379146575927734e+00,1.511550843715667725e-01,8.831449562935035829e+02
4.767798900604248047e+00,2.059283256530761719e+00,7.918931007385253906e+00,1.435287147760391235e-01,2.205000000000000000e+03
6.065059661865234375e+00,2.400093317031860352e+00,8.023631095886230469e+00,1.343174129724502563e-01,2.205000000000000000e+03
7.683982849121093750e+00,3.531535863876342773e+00,7.411220550537109375e+00,1.021589487791061401e-01,2.205000000000000000e+03
8.202236175537109375e+00,4.289966583251953125e+00,7.026593208312988281e+00,5.872283503413200378e-02,1.401852770699525308e+03
8.412112236022949219e+00,4.422443389892578125e+00,6.740368366241455078e+00,2.915886975824832916e-02,2.067184125902133019e+03
1.057843112945556641e+01,6.518656253814697266e+00,4.016384124755859375e+00,6.949259899556636810e-03,2.042870982169788704e+03
1.064819240570068359e+01,6.960484981536865234e+00,4.073357105255126953e+00,5.927574820816516876e-03,2.205000000000000000e+03
1.071240425109863281e+01,7.188436031341552734e+00,4.084499359130859375e+00,5.252898670732975006e-03,2.205000000000000000e+03
1.079102039337158203e+01,7.325870513916015625e+00,4.085718154907226562e+00,5.360769107937812805e-03,2.205000000000000000e+03
1.084328365325927734e+01,7.465145587921142578e+00,4.095884799957275391e+00,5.411337129771709442e-03,2.205000000000000000e+03
1.180497360229492188e+01,8.418020248413085938e+00,4.327770233154296875e+00,5.172961391508579254e-03,2.205000000000000000e+03
1.201352405548095703e+01,8.497396469116210938e+00,4.226667881011962891e+00,5.000751465559005737e-03,2.205000000000000000e+03
1.206913280487060547e+01,8.594875335693359375e+00,4.011031150817871094e+00,4.368694033473730087e-03,2.205000000000000000e+03
1.208668613433837891e+01,8.606446266174316406e+00,3.982749938964843750e+00,4.700415302067995071e-03,2.205000000000000000e+03
1.211451244354248047e+01,8.634395599365234375e+00,3.861431360244750977e+00,5.108643323183059692e-03,1.686021195483387601e+03
1.186537647247314453e+01,8.588181495666503906e+00,4.691151618957519531e+00,4.677092190831899643e-03,1.719730924416284324e+03
1.150738334655761719e+01,8.833663940429687500e+00,5.015587329864501953e+00,5.489136558026075363e-03,6.523668639053254026e+01
1.165456867218017578e+01,8.439810752868652344e+00,4.802710056304931641e+00,6.896361708641052246e-03,1.777558050319947370e+03
1.156576919555664062e+01,8.161266326904296875e+00,4.715511798858642578e+00,6.794730201363563538e-03,1.832066254637527663e+03
1.153459739685058594e+01,8.149662971496582031e+00,4.757013320922851562e+00,7.168048992753028870e-03,1.853846405472476135e+03
1.145714092254638672e+01,7.938927173614501953e+00,4.617510795593261719e+00,7.693624589592218399e-03,1.886274397086325507e+03
1.107570648193359375e+01,6.443193912506103516e+00,3.766672849655151367e+00,6.200979463756084442e-03,1.980177018634163915e+03
1.127302265167236328e+01,6.423654556274414062e+00,3.879013299942016602e+00,6.459820084273815155e-03,2.205000000000000000e+03
1.185393714904785156e+01,6.520664691925048828e+00,3.997997522354125977e+00,6.842082366347312927e-03,2.205000000000000000e+03
1.199634933471679688e+01,6.829342365264892578e+00,3.897148847579956055e+00,6.705909501761198044e-03,2.205000000000000000e+03
1.183714675903320312e+01,7.234771728515625000e+00,3.769594430923461914e+00,6.357982289046049118e-03,2.205000000000000000e+03
1.182979202270507812e+01,7.300652503967285156e+00,3.707071542739868164e+00,6.159057840704917908e-03,2.205000000000000000e+03
1.211933422088623047e+01,7.345168590545654297e+00,3.689700126647949219e+00,6.062279921025037766e-03,2.205000000000000000e+03
1.221749877929687500e+01,7.352927207946777344e+00,3.705911636352539062e+00,4.932193551212549210e-03,2.205000000000000000e+03
1.230237579345703125e+01,7.419653415679931641e+00,3.718452930450439453e+00,6.664128974080085754e-03,2.205000000000000000e+03
1.260603523254394531e+01,7.517666339874267578e+00,3.960652351379394531e+00,8.430775254964828491e-03,2.205000000000000000e+03
1.261854553222656250e+01,7.541224479675292969e+00,3.955020427703857422e+00,9.317709133028984070e-03,2.205000000000000000e+03
1.268814277648925781e+01,7.449129581451416016e+00,3.964566707611083984e+00,9.518133476376533508e-03,2.205000000000000000e+03
1.282207775115966797e+01,7.535473823547363281e+00,3.877379179000854492e+00,8.377521298825740814e-03,2.205000000000000000e+03
1.271039676666259766e+01,7.464242935180664062e+00,4.022391796112060547e+00,7.476944942027330399e-03,2.205000000000000000e+03
1.265189361572265625e+01,7.535855293273925781e+00,3.951610088348388672e+00,5.530290771275758743e-03,2.205000000000000000e+03
1.256779384613037109e+01,7.679927825927734375e+00,3.867380380630493164e+00,4.968095570802688599e-03,1.870829893391507539e+03
1.182315635681152344e+01,6.822739124298095703e+00,2.395189762115478516e+00,5.130912177264690399e-03,1.866603477303126283e+03
1.195040988922119141e+01,6.774029731750488281e+00,2.414081335067749023e+00,4.091276321560144424e-03,1.853516548117273487e+03
1.249076366424560547e+01,7.171797752380371094e+00,2.627882480621337891e+00,6.044707261025905609e-03,1.845101313493049929e+03
1.260236644744873047e+01,7.243654251098632812e+00,2.606574535369873047e+00,6.003682035952806473e-03,1.818858799965489652e+03
1.270242595672607422e+01,7.301779747009277344e+00,2.523113489151000977e+00,6.295974366366863251e-03,1.799891332143017280e+03
1.283513450622558594e+01,7.379862785339355469e+00,2.325364112854003906e+00,5.675293039530515671e-03,1.848099966069943548e+03
1.289120101928710938e+01,7.427087306976318359e+00,2.256063461303710938e+00,4.516999237239360809e-03,1.989168785188927131e+03
1.285116291046142578e+01,7.513659000396728516e+00,2.244703769683837891e+00,4.741494078189134598e-03,2.061471416876254352e+03
1.275045967102050781e+01,7.612401962280273438e+00,2.343527793884277344e+00,6.312982179224491119e-03,6.523668639053254026e+01
1.143140602111816406e+01,8.983013153076171875e+00,3.036598682403564453e+00,6.883195135742425919e-03,2.205000000000000000e+03
1.135529232025146484e+01,8.969364166259765625e+00,3.064797639846801758e+00,7.244886830449104309e-03,2.205000000000000000e+03
1.144497776031494141e+01,9.098597526550292969e+00,2.966046094894409180e+00,7.254359778016805649e-03,2.205000000000000000e+03
1.146879100799560547e+01,9.054180145263671875e+00,2.956456899642944336e+00,5.438694264739751816e-03,2.205000000000000000e+03
1.144931030273437500e+01,9.010746955871582031e+00,3.039733171463012695e+00,5.709830205887556076e-03,2.205000000000000000e+03
1.154440784454345703e+01,8.973188400268554688e+00,3.171602487564086914e+00,4.772923421114683151e-03,1.677018035113961560e+03
1.170335769653320312e+01,8.919601440429687500e+00,3.418259620666503906e+00,5.212122574448585510e-03,1.740871277059351996e+03
1.139745712280273438e+01,8.544756889343261719e+00,4.423237323760986328e+00,6.928521674126386642e-03,2.205000000000000000e+03
1.130236053466796875e+01,8.349858283996582031e+00,4.592804908752441406e+00,6.131067872047424316e-03,2.022660051947151032e+03
1.152254199981689453e+01,7.978000640869140625e+00,4.803693771362304688e+00,5.845923908054828644e-03,2.011762635008559528e+03
1.155690097808837891e+01,7.809964179992675781e+00,4.665816783905029297e+00,5.184125620871782303e-03,2.030767896843641438e+03
1.160420131683349609e+01,7.498529434204101562e+00,4.165440082550048828e+00,4.490225575864315033e-03,2.024533877600739743e+03
1.169794082641601562e+01,7.469352245330810547e+00,4.075675964355468750e+00,4.987532738596200943e-03,2.070881902199778324e+03
1.166964530944824219e+01,7.454550743103027344e+00,4.019872665405273438e+00,6.111507769674062729e-03,2.205000000000000000e+03
1.164506816864013672e+01,7.511271953582763672e+00,4.051679611206054688e+00,6.727199070155620575e-03,2.205000000000000000e+03
1.174997520446777344e+01,7.793948650360107422e+00,4.154763698577880859e+00,6.569657474756240845e-03,2.205000000000000000e+03
1.201071357727050781e+01,8.235580444335937500e+00,4.394134521484375000e+00,7.891146466135978699e-03,2.205000000000000000e+03
1.215436649322509766e+01,7.799228191375732422e+00,3.965966939926147461e+00,8.790564723312854767e-03,2.205000000000000000e+03
1.218493843078613281e+01,7.662974834442138672e+00,3.753821372985839844e+00,8.773270994424819946e-03,2.205000000000000000e+03
1.211070823669433594e+01,7.679906368255615234e+00,3.776786565780639648e+00,9.268680587410926819e-03,2.205000000000000000e+03
1.219513797760009766e+01,7.823186874389648438e+00,3.977798938751220703e+00,8.392797783017158508e-03,2.205000000000000000e+03
1.219392681121826172e+01,7.915249347686767578e+00,4.059368133544921875e+00,7.276852615177631378e-03,2.083714855342058854e+03
1.211297321319580078e+01,8.359410285949707031e+00,4.398256301879882812e+00,6.997169926762580872e-03,1.884191890796223561e+03
1.145615196228027344e+01,6.742300033569335938e+00,3.682670831680297852e+00,6.205939222127199173e-03,1.827913018247371610e+03
1.145746803283691406e+01,6.646573543548583984e+00,2.977374792098999023e+00,5.780352279543876648e-03,2.205000000000000000e+03
1.188801383972167969e+01,6.792276859283447266e+00,3.186330795288085938e+00,5.479152780026197433e-03,2.205000000000000000e+03
1.203768253326416016e+01,6.473453044891357422e+00,3.501502752304077148e+00,6.165141705423593521e-03,2.205000000000000000e+03
1.228213882446289062e+01,6.274139404296875000e+00,3.505351066589355469e+00,6.366196088492870331e-03,2.205000000000000000e+03
1.229214572906494141e+01,6.290613651275634766e+00,3.453002214431762695e+00,6.411420647054910660e-03,2.205000000000000000e+03
1.232944679260253906e+01,6.315265178680419922e+00,3.460349559783935547e+00,6.172399036586284637e-03,2.205000000000000000e+03
1.240097999572753906e+01,6.308359146118164062e+00,3.433333873748779297e+00,5.409261677414178848e-03,2.205000000000000000e+03
1.240634250640869141e+01,6.253071308135986328e+00,3.527116537094116211e+00,5.127041600644588470e-03,2.205000000000000000e+03
1.240125656127929688e+01,6.268298625946044922e+00,3.552311420440673828e+00,4.736353643238544464e-03,2.205000000000000000e+03
1.243931865692138672e+01,6.284839153289794922e+00,3.567820310592651367e+00,4.399099852889776230e-03,2.205000000000000000e+03
1.240847110748291016e+01,6.260175704956054688e+00,3.585637092590332031e+00,4.248389508575201035e-03,2.205000000000000000e+03
1.236975669860839844e+01,6.256897926330566406e+00,3.596332311630249023e+00,3.060685936361551285e-03,2.205000000000000000e+03
1.232241058349609375e+01,6.291028022766113281e+00,3.642085790634155273e+00,3.067209152504801750e-03,2.205000000000000000e+03
1.229149341583251953e+01,6.346292495727539062e+00,3.689706325531005859e+00,3.782576415687799454e-03,2.205000000000000000e+03
1.228932857513427734e+01,6.382364273071289062e+00,3.738731145858764648e+00,4.642226267606019974e-03,2.205000000000000000e+03
1.189924716949462891e+01,6.653736591339111328e+00,3.271869421005249023e+00,6.532665342092514038e-03,1.976164841885521582e+03
8.389359474182128906e+00,4.428151130676269531e+00,2.912494659423828125e+00,1.413600891828536987e-02,1.576699138374673112e+03
7.861920833587646484e+00,3.496364116668701172e+00,2.464215755462646484e+00,6.306275725364685059e-02,1.797649754387254006e+03
7.218412876129150391e+00,1.237176299095153809e+00,9.486864209175109863e-01,1.163537129759788513e-01,1.694110108491518758e+03
7.313672542572021484e+00,9.257615357637405396e-02,4.312715530395507812e-01,1.318370550870895386e-01,1.667854981306388026e+03
8.588426589965820312e+00,-2.026232242584228516e+00,3.303870558738708496e-01,1.312476992607116699e-01,1.668580101339724706e+03
9.114562034606933594e+00,-2.121241092681884766e+00,9.011597037315368652e-01,1.159499138593673706e-01,1.227662818815616220e+03
9.399899482727050781e+00,-1.882802724838256836e+00,1.133972764015197754e+00,6.224370747804641724e-02,1.567925344142054428e+03
8.598542213439941406e+00,5.012943267822265625e+00,3.129402875900268555e+00,1.731415838003158569e-02,1.156985446271625051e+03
-7.612277269363403320e-01,5.187585353851318359e+00,3.446132421493530273e+00,5.634002387523651123e-02,8.478379232700237935e+02
-1.735601902008056641e+00,5.515281677246093750e+00,3.506092309951782227e+00,8.268731832504272461e-02,1.832297754986412883e+03
-1.976596832275390625e+00,5.612678527832031250e+00,3.500068664550781250e+00,1.027125194668769836e-01,1.811693944255798442e+03
-7.683894634246826172e-01,4.061678886413574219e+00,4.219600200653076172e+00,1.182185932993888855e-01,7.881999939256504604e+02
2.222343385219573975e-01,4.144954681396484375e+00,4.482253551483154297e+00,1.210116893053054810e-01,8.846765999385536361e+02
2.038497209548950195e+00,2.776846885681152344e+00,6.080790042877197266e+00,1.404096484184265137e-01,8.805083714429633801e+02
3.144905090332031250e+00,2.160887479782104492e+00,6.962968826293945312e+00,1.455967277288436890e-01,8.791032389180898008e+02
4.657143592834472656e+00,1.969309091567993164e+00,7.860965728759765625e+00,1.410917788743972778e-01,2.205000000000000000e+03
5.909647464752197266e+00,2.267726182937622070e+00,8.146165847778320312e+00,1.317769289016723633e-01,2.205000000000000000e+03
7.657810211181640625e+00,3.538782835006713867e+00,7.460091114044189453e+00,9.292436391115188599e-02,2.205000000000000000e+03
8.233731269836425781e+00,4.142577171325683594e+00,6.977591991424560547e+00,5.865547806024551392e-02,1.392148253307803543e+03
8.518353462219238281e+00,4.394723415374755859e+00,6.547651290893554688e+00,3.208499401807785034e-02,2.066977700106109296e+03
9.302928924560546875e+00,5.406550884246826172e+00,3.461733102798461914e+00,1.043440680950880051e-02,1.745598044735431813e+03
7.882429122924804688e+00,3.930557489395141602e+00,2.604008674621582031e+00,2.805102616548538208e-02,2.035339246797019541e+03
7.739924907684326172e+00,3.427065610885620117e+00,2.358580350875854492e+00,8.777236938476562500e-02,1.832179593424675886e+03
7.137839317321777344e+00,1.364282846450805664e+00,9.213145971298217773e-01,1.252176761627197266e-01,1.315039807984725712e+03
7.380760192871093750e+00,-7.078959792852401733e-02,4.084071815013885498e-01,1.494622528553009033e-01,1.715521332305822853e+03
8.456092834472656250e+00,-1.400763273239135742e+00,4.543632268905639648e-01,1.543251574039459229e-01,1.704779356950203692e+03
8.941441535949707031e+00,-1.744233131408691406e+00,6.772394776344299316e-01,1.300704330205917358e-01,1.670028269362042693e+03
9.028499603271484375e+00,-1.774603486061096191e+00,7.608650326728820801e-01,9.457143396139144897e-02,1.217239648790981391e+03
9.254521369934082031e+00,-1.416774272918701172e+00,9.915930032730102539e-01,4.802928119897842407e-02,1.574973388332845389e+03
2.128624469041824341e-01,4.884118556976318359e+00,4.161525249481201172e+00,4.064234718680381775e-02,1.371464807252642913e+03
-8.166441917419433594e-01,5.364305019378662109e+00,3.751839876174926758e+00,6.986356526613235474e-02,1.847605188693308719e+03
-1.646671533584594727e+00,5.598125934600830078e+00,4.168346881866455078e+00,9.403556585311889648e-02,1.816363354593549275e+03
-1.559220194816589355e+00,5.519411563873291016e+00,4.153132438659667969e+00,1.161656901240348816e-01,7.123463560014084806e+02
2.762265801429748535e-01,4.121344566345214844e+00,4.488317966461181641e+00,1.277162283658981323e-01,7.113838690206993078e+02
3.151077926158905029e-01,4.159797668457031250e+00,4.442630767822265625e+00,1.309340000152587891e-01,8.833277814667735583e+02
2.140737056732177734e+00,2.739160537719726562e+00,6.145728111267089844e+00,1.327257007360458374e-01,1.006121850459906113e+03
3.200165033340454102e+00,2.164913177490234375e+00,6.951503753662109375e+00,1.253225952386856079e-01,1.163319552963158912e+03
4.665844917297363281e+00,1.948847770690917969e+00,7.863276958465576172e+00,1.154409646987915039e-01,1.394088310643876412e+03
6.103231906890869141e+00,2.402043342590332031e+00,8.043785095214843750e+00,1.009306013584136963e-01,2.205000000000000000e+03
7.726916313171386719e+00,3.549558639526367188e+00,7.506449222564697266e+00,7.581389695405960083e-02,2.205000000000000000e+03
8.192618370056152344e+00,3.937120914459228516e+00,7.184582233428955078e+00,5.392270162701606750e-02,1.390109461559763531e+03
8.494769096374511719e+00,4.201182842254638672e+00,6.752432823181152344e+00,3.106961399316787720e-02,2.052334829045685638e+03
9.936822891235351562e+00,6.619763851165771484e+00,3.307619571685791016e+00,4.745439160615205765e-03,2.205000000000000000e+03
9.470052719116210938e+00,5.987241744995117188e+00,3.434185981750488281e+00,9.415053762495517731e-03,1.746870661605474425e+03
7.795064926147460938e+00,3.950720548629760742e+00,2.591645956039428711e+00,2.750650234520435333e-02,2.012793357616510320e+03
7.664036750793457031e+00,3.348369121551513672e+00,2.287264823913574219e+00,6.597735732793807983e-02,1.832842959049837873e+03
7.167920112609863281e+00,1.310496926307678223e+00,8.998684883117675781e-01,9.132838249206542969e-02,1.745974203353845724e+03
7.410179615020751953e+00,-2.239211201667785645e-01,3.587973117828369141e-01,1.041987389326095581e-01,1.703669740189509184e+03
8.227262496948242188e+00,-1.599625229835510254e+00,5.063282847404479980e-01,1.029321253299713135e-01,1.698737841799193347e+03
8.783484458923339844e+00,-1.908368706703186035e+00,9.057990908622741699e-01,8.371353149414062500e-02,1.652296830914979864e+03
9.139347076416015625e+00,-1.798555493354797363e+00,1.140867829322814941e+00,5.500433593988418579e-02,1.589240319438916231e+03
9.530928611755371094e+00,5.985611438751220703e+00,3.430624008178710938e+00,2.145349234342575073e-02,1.563860371222015601e+03
9.105147719383239746e-01,4.497933864593505859e+00,3.807135820388793945e+00,2.523694187402725220e-02,1.684221433159482558e+03
-7.962123751640319824e-01,5.199731826782226562e+00,3.509644746780395508e+00,6.574829667806625366e-02,1.845743360950335727e+03
-1.724309206008911133e+00,5.459453582763671875e+00,3.725919008255004883e+00,9.950758516788482666e-02,1.816298148598941907e+03
-1.718251109123229980e+00,5.443784713745117188e+00,3.753040790557861328e+00,1.319043934345245361e-01,7.112975541436157982e+02
2.121085375547409058e-01,4.022293090820312500e+00,4.513235569000244141e+00,1.522191166877746582e-01,8.841688396372835541e+02
3.327104449272155762e-01,4.053721904754638672e+00,4.525574207305908203e+00,1.589211374521255493e-01,1.003467706653561322e+03
2.181464195251464844e+00,2.702152252197265625e+00,6.182877540588378906e+00,1.617424786090850830e-01,1.388734715005319913e+03
3.143912315368652344e+00,2.193209171295166016e+00,6.946175575256347656e+00,1.512860357761383057e-01,1.156456038488427566e+03
4.652100086212158203e+00,1.967838048934936523e+00,7.854402542114257812e+00,1.383471190929412842e-01,2.205000000000000000e+03
5.985534191131591797e+00,2.330311775207519531e+00,8.078501701354980469e+00,1.211944445967674255e-01,2.205000000000000000e+03
7.457265377044677734e+00,3.355715513229370117e+00,7.521460056304931641e+00,9.067353606224060059e-02,2.205000000000000000e+03
8.132859230041503906e+00,3.843625307083129883e+00,7.159756183624267578e+00,6.302902847528457642e-02,1.398188512352771568e+03
8.293986320495605469e+00,3.982929468154907227e+00,7.041831016540527344e+00,3.686034306883811951e-02,2.054071922486356016e+03
1.004989910125732422e+01,6.684731006622314453e+00,3.326166152954101562e+00,5.994579289108514786e-03,1.393939414708471531e+03
1.038373851776123047e+01,6.830030441284179688e+00,3.221223831176757812e+00,4.521524999290704727e-03,2.205000000000000000e+03
1.054017925262451172e+01,7.029973506927490234e+00,3.267462730407714844e+00,4.371716175228357315e-03,2.205000000000000000e+03
1.115073204040527344e+01,7.528601646423339844e+00,3.181927919387817383e+00,4.512690939009189606e-03,2.205000000000000000e+03
1.177477359771728516e+01,7.980194091796875000e+00,2.812831640243530273e+00,3.778560319915413857e-03,2.205000000000000000e+03
1.181706142425537109e+01,7.975363731384277344e+00,2.798903226852416992e+00,3.194909077137708664e-03,2.205000000000000000e+03
1.184823322296142578e+01,8.032758712768554688e+00,2.795045375823974609e+00,3.411334939301013947e-03,2.205000000000000000e+03
1.191667175292968750e+01,8.117728233337402344e+00,2.764172554016113281e+00,4.403595346957445145e-03,2.205000000000000000e+03
1.203264617919921875e+01,8.192340850830078125e+00,2.739903450012207031e+00,5.137412808835506439e-03,2.205000000000000000e+03
1.213734531402587891e+01,8.300068855285644531e+00,2.668297052383422852e+00,5.790272727608680725e-03,2.205000000000000000e+03
1.224214172363281250e+01,8.424014091491699219e+00,2.627574920654296875e+00,5.911884829401969910e-03,2.205000000000000000e+03
1.233751869201660156e+01,8.444852828979492188e+00,2.685814619064331055e+00,5.349590908735990524e-03,2.205000000000000000e+03
1.237069988250732422e+01,8.386499404907226562e+00,2.659855604171752930e+00,4.545031115412712097e-03,2.205000000000000000e+03
1.238101863861083984e+01,8.393103599548339844e+00,2.656530857086181641e+00,4.606792237609624863e-03,2.205000000000000000e+03
1.183819770812988281e+01,6.977175712585449219e+00,2.909795045852661133e+00,5.194975063204765320e-03,6.523668639053254026e+01
1.153222751617431641e+01,6.855412006378173828e+00,2.899801492691040039e+00,6.062893196940422058e-03,7.400877141303053008e+01
1.127151775360107422e+01,7.184730052947998047e+00,2.966217517852783203e+00,7.213663775473833084e-03,2.205000000000000000e+03
1.109530067443847656e+01,7.244395732879638672e+00,3.024487972259521484e+00,6.717361509799957275e-03,2.205000000000000000e+03
1.162049007415771484e+01,7.849580764770507812e+00,2.913818120956420898e+00,8.487725630402565002e-03,6.536446842539487534e+01
1.210042285919189453e+01,8.074598312377929688e+00,3.012063503265380859e+00,1.075296942144632339e-02,2.205000000000000000e+03
1.217670631408691406e+01,8.111137390136718750e+00,3.064676284790039062e+00,1.237397082149982452e-02,2.205000000000000000e+03
1.203899574279785156e+01,8.158677101135253906e+00,2.976802825927734375e+00,1.299073267728090286e-02,6.523668639053254026e+01
1.213470458984375000e+01,8.273950576782226562e+00,2.932739973068237305e+00,1.201882492750883102e-02,2.205000000000000000e+03
1.226287364959716797e+01,8.477783203125000000e+00,2.808483123779296875e+00,1.106294896453619003e-02,6.523668639053254026e+01
1.230467033386230469e+01,8.510283470153808594e+00,2.666250944137573242e+00,8.465510793030261993e-03,6.523668639053254026e+01
1.240791797637939453e+01,8.572463035583496094e+00,2.690390110015869141e+00,8.459990844130516052e-03,2.205000000000000000e+03
1.245727252960205078e+01,8.639489173889160156e+00,2.756346702575683594e+00,8.160616271197795868e-03,2.205000000000000000e+03
1.250004100799560547e+01,8.793232917785644531e+00,2.772968530654907227e+00,8.843095973134040833e-03,2.205000000000000000e+03
1.248441028594970703e+01,8.741154670715332031e+00,2.852791786193847656e+00,1.021571736782789230e-02,2.205000000000000000e+03
1.246400260925292969e+01,8.759503364562988281e+00,2.745456457138061523e+00,1.085442677140235901e-02,2.205000000000000000e+03
1.249345111846923828e+01,8.664401054382324219e+00,2.799097299575805664e+00,1.180978398770093918e-02,2.205000000000000000e+03
1.000108814239501953e+01,9.683031082153320312e+00,3.283087491989135742e+00,9.890045970678329468e-03,1.870678273237334452e+03
9.704924583435058594e+00,9.846151351928710938e+00,3.386179208755493164e+00,8.339695632457733154e-03,1.871916760603020975e+03
1.147022342681884766e+01,8.105336189270019531e+00,4.802188873291015625e+00,6.384819746017456055e-03,1.860960792317218193e+03
1.153021621704101562e+01,8.038536071777343750e+00,4.781624317169189453e+00,4.744939971715211868e-03,1.863909802527898364e+03
1.184257030487060547e+01,8.007372856140136719e+00,4.858307838439941406e+00,5.841272417455911636e-03,1.874398502464356170e+03
1.190251064300537109e+01,7.949647903442382812e+00,4.580252170562744141e+00,1.013519801199436188e-02,2.205000000000000000e+03
1.325817775726318359e+01,7.363288402557373047e+00,2.606145620346069336e+00,1.076595671474933624e-02,2.205000000000000000e+03
1.350360774993896484e+01,7.429651737213134766e+00,2.559096574783325195e+00,1.107065193355083466e-02,2.205000000000000000e+03
1.355289649963378906e+01,7.462605476379394531e+00,2.556041240692138672e+00,1.198944263160228729e-02,2.205000000000000000e+03
1.351839923858642578e+01,7.509526252746582031e+00,2.594523191452026367e+00,1.011438295245170593e-02,2.205000000000000000e+03
1.342847251892089844e+01,7.538212776184082031e+00,2.642399072647094727e+00,1.174405775964260101e-02,2.205000000000000000e+03
1.341767311096191406e+01,7.573220729827880859e+00,2.686874151229858398e+00,1.272292155772447586e-02,2.205000000000000000e+03
1.341343879699707031e+01,7.522893428802490234e+00,2.706477880477905273e+00,1.247775740921497345e-02,2.205000000000000000e+03
1.341178035736083984e+01,7.535140991210937500e+00,2.604101896286010742e+00,1.159050781279802322e-02,2.205000000000000000e+03
1.332657337188720703e+01,7.643319129943847656e+00,2.513288021087646484e+00,1.235864311456680298e-02,2.205000000000000000e+03
1.327148056030273438e+01,7.620707988739013672e+00,2.377416610717773438e+00,1.335953082889318466e-02,2.205000000000000000e+03
1.285380077362060547e+01,7.328273773193359375e+00,2.282475233078002930e+00,1.538629271090030670e-02,2.205000000000000000e+03
1.245073318481445312e+01,7.159490108489990234e+00,2.817176818847656250e+00,1.832024566829204559e-02,2.205000000000000000e+03
1.229950523376464844e+01,7.568203926086425781e+00,3.186365604400634766e+00,1.712087355554103851e-02,2.205000000000000000e+03
1.225059318542480469e+01,7.768603324890136719e+00,3.335621356964111328e+00,1.809649541974067688e-02,2.073987115854120020e+03
1.220791625976562500e+01,7.811003684997558594e+00,3.307482957839965820e+00,1.819733902812004089e-02,2.097797907052328810e+03
1.216381835937500000e+01,8.057136535644531250e+00,3.124430179595947266e+00,1.553216390311717987e-02,2.205000000000000000e+03
1.221283054351806641e+01,8.147870063781738281e+00,3.070074319839477539e+00,1.544519234448671341e-02,2.205000000000000000e+03
1.224860191345214844e+01,8.198413848876953125e+00,3.034232854843139648e+00,1.185388024896383286e-02,2.205000000000000000e+03
1.234772205352783203e+01,8.355913162231445312e+00,3.003684997558593750e+00,8.216235786676406860e-03,2.205000000000000000e+03
1.230794334411621094e+01,8.260413169860839844e+00,3.013276338577270508e+00,1.098549179732799530e-02,2.205000000000000000e+03
1.242846965789794922e+01,8.247273445129394531e+00,2.935971736907958984e+00,1.091555599123239517e-02,2.205000000000000000e+03
1.247608375549316406e+01,8.454540252685546875e+00,2.920593976974487305e+00,1.145769562572240829e-02,2.205000000000000000e+03
1.242190265655517578e+01,8.590875625610351562e+00,3.013889789581298828e+00,1.097892783582210541e-02,2.205000000000000000e+03
1.251327610015869141e+01,8.551727294921875000e+00,2.944603681564331055e+00,7.924944162368774414e-03,2.205000000000000000e+03
1.271143531799316406e+01,8.370261192321777344e+00,2.727655887603759766e+00,8.556465618312358856e-03,2.205000000000000000e+03
1.302788066864013672e+01,8.056624412536621094e+00,2.680302858352661133e+00,9.369689039885997772e-03,1.380744391192374906e+03
1.173391151428222656e+01,6.867349624633789062e+00,3.060370922088623047e+00,1.181643363088369370e-02,2.205000000000000000e+03
1.163589382171630859e+01,6.856148719787597656e+00,3.037777900695800781e+00,1.490101963281631470e-02,2.205000000000000000e+03
1.157418346405029297e+01,6.954813957214355469e+00,3.056433677673339844e+00,1.834109239280223846e-02,2.205000000000000000e+03
1.154204177856445312e+01,7.083932399749755859e+00,3.142005443572998047e+00,1.890046708285808563e-02,2.205000000000000000e+03
1.161721324920654297e+01,7.230825424194335938e+00,3.172301292419433594e+00,1.798686757683753967e-02,2.205000000000000000e+03
8.947890281677246094e+00,4.965942382812500000e+00,3.057429075241088867e+00,1.870649494230747223e-02,1.999720783238630929e+03
7.968033790588378906e+00,3.547483205795288086e+00,2.578157663345336914e+00,4.892591014504432678e-02,1.312117515895340603e+03
7.331674098968505859e+00,6.269460916519165039e-01,7.005618810653686523e-01,7.707768678665161133e-02,1.677677274417971603e+03
7.544830799102783203e+00,-1.129300370812416077e-01,5.229132771492004395e-01,9.411748498678207397e-02,1.626057349804102842e+03
8.766926765441894531e+00,-1.901700854301452637e+00,7.023361325263977051e-01,9.581721574068069458e-02,1.618972219885376717e+03
9.021430969238281250e+00,-1.919013977050781250e+00,8.414400815963745117e-01,8.387247473001480103e-02,1.589539338157293969e+03
9.174078941345214844e+00,-1.689253330230712891e+00,8.938030004501342773e-01,5.916342511773109436e-02,1.553763953138440229e+03
1.074105453491210938e+01,6.938303947448730469e+00,3.059823751449584961e+00,2.495765872299671173e-02,2.205000000000000000e+03
2.086647003889083862e-01,4.873733043670654297e+00,4.211673736572265625e+00,2.982724271714687347e-02,1.375214232318266795e+03
-9.343325495719909668e-01,5.398685455322265625e+00,3.919754981994628906e+00,4.706463217735290527e-02,1.948814635403063221e+03
-1.375665545463562012e+00,5.514070034027099609e+00,4.260437488555908203e+00,7.512367516756057739e-02,5.957208607610178888e+02
-1.228921055793762207e+00,5.440908432006835938e+00,4.255838871002197266e+00,9.913687407970428467e-02,7.885712141871124459e+02
1.071755439043045044e-01,4.650148868560791016e+00,4.666766166687011719e+00,1.088702902197837830e-01,8.824959426627150378e+02
8.143923282623291016e-01,3.712797880172729492e+00,4.985554218292236328e+00,1.114354804158210754e-01,1.004913379459718271e+03
2.862375259399414062e+00,2.394098520278930664e+00,6.705770969390869141e+00,1.173594072461128235e-01,1.165242646176390735e+03
4.007565021514892578e+00,2.105583906173706055e+00,7.431101322174072266e+00,1.165182814002037048e-01,2.205000000000000000e+03
5.733829021453857422e+00,2.273168325424194336e+00,7.844074249267578125e+00,1.103124618530273438e-01,2.205000000000000000e+03
7.719855308532714844e+00,3.414343357086181641e+00,7.020622253417968750e+00,1.017119362950325012e-01,2.205000000000000000e+03
8.093194007873535156e+00,3.568569660186767578e+00,6.721295356750488281e+00,7.418490201234817505e-02,2.205000000000000000e+03
8.119276046752929688e+00,3.566047668457031250e+00,6.677422046661376953e+00,3.832013905048370361e-02,2.205000000000000000e+03
1.284835624694824219e+01,6.122830390930175781e+00,1.893566131591796875e+00,1.233032997697591782e-02,2.205000000000000000e+03
8.118057250976562500e+00,4.060343265533447266e+00,2.715222835540771484e+00,1.548960153013467789e-02,1.696270775467529575e+03
7.885324001312255859e+00,3.856641769409179688e+00,2.564307928085327148e+00,4.521579667925834656e-02,1.155392767782363308e+03
7.263793468475341797e+00,1.801392912864685059e+00,1.261667370796203613e+00,9.024608880281448364e-02,1.839088354003294398e+03
7.276651859283447266e+00,8.427034616470336914e-01,7.970812916755676270e-01,1.472540199756622314e-01,1.748102198099886891e+03
7.504497528076171875e+00,-1.859043687582015991e-01,4.595779180526733398e-01,1.842964142560958862e-01,1.706793602665957224e+03
8.401379585266113281e+00,-1.333551526069641113e+00,4.617581069469451904e-01,1.801429241895675659e-01,1.702720193726679099e+03
8.759738922119140625e+00,-1.538539648056030273e+00,6.577409505844116211e-01,1.623546183109283447e-01,1.686543516929909174e+03
9.083982467651367188e+00,-1.526421666145324707e+00,1.039340734481811523e+00,1.132703050971031189e-01,1.233666668940250474e+03
1.143093013763427734e+01,6.634123802185058594e+00,2.829454183578491211e+00,2.318507619202136993e-02,1.168553878081489529e+03
1.478349566459655762e-01,4.905776500701904297e+00,4.086956501007080078e+00,4.914292320609092712e-02,1.566997573094263544e+03
-8.550222516059875488e-01,5.371551513671875000e+00,3.781300544738769531e+00,7.035545259714126587e-02,1.849022933425793553e+03
-1.664894580841064453e+00,5.635814189910888672e+00,4.204906940460205078e+00,8.768463134765625000e-02,1.825634078948150545e+03
-1.194775819778442383e+00,5.190540790557861328e+00,4.038212299346923828e+00,9.803651273250579834e-02,1.817204788081388642e+03
3.384271860122680664e-01,4.118711948394775391e+00,4.450494766235351562e+00,9.491342306137084961e-02,7.125623900132212611e+02
5.652059912681579590e-01,3.903671026229858398e+00,4.737009048461914062e+00,9.123527258634567261e-02,8.842049507172922631e+02
2.743459463119506836e+00,2.415183782577514648e+00,6.630362987518310547e+00,1.184162497520446777e-01,1.178617704284324645e+03
3.934015750885009766e+00,2.022051334381103516e+00,7.466407299041748047e+00,1.348680257797241211e-01,2.205000000000000000e+03
5.610759735107421875e+00,2.186911344528198242e+00,8.075116157531738281e+00,1.408688426017761230e-01,2.205000000000000000e+03
7.066833972930908203e+00,3.052675008773803711e+00,7.590171813964843750e+00,1.373522430658340454e-01,2.205000000000000000e+03
7.985758304595947266e+00,3.681411266326904297e+00,7.287155151367187500e+00,1.022466346621513367e-01,2.205000000000000000e+03
8.089581489562988281e+00,3.755117893218994141e+00,7.249605178833007812e+00,6.484023481607437134e-02,1.383694236907082313e+03
9.565568923950195312e+00,6.102863311767578125e+00,4.394531726837158203e+00,3.132506832480430603e-02,1.395510514506180471e+03
1.050473022460937500e+01,6.826125621795654297e+00,4.029454231262207031e+00,1.372243557125329971e-02,2.205000000000000000e+03
7.901591777801513672e+00,4.222259044647216797e+00,2.763210773468017578e+00,2.065843343734741211e-02,1.547969978223813996e+03
7.593925952911376953e+00,3.638339519500732422e+00,2.387564897537231445e+00,6.693906337022781372e-02,1.850251710759341449e+03
6.977055072784423828e+00,1.587892174720764160e+00,9.820030927658081055e-01,1.017565280199050903e-01,1.767094269925718208e+03
7.321352005004882812e+00,9.544457495212554932e-02,4.232967495918273926e-01,1.353777647018432617e-01,1.700435877848736254e+03
8.013374328613281250e+00,-1.186465859413146973e+00,4.035718441009521484e-01,1.474352777004241943e-01,1.683013099850624940e+03
8.764223098754882812e+00,-1.660480022430419922e+00,6.124901175498962402e-01,1.331311911344528198e-01,1.663583748220939469e+03
8.958122253417968750e+00,-1.637731552124023438e+00,7.411103844642639160e-01,1.090255677700042725e-01,1.223781772472476860e+03
9.158586502075195312e+00,-1.461109638214111328e+00,9.026071429252624512e-01,6.210464239120483398e-02,1.593959805247537815e+03
1.210120487213134766e+01,6.977486610412597656e+00,2.293347120285034180e+00,1.833693124353885651e-02,1.001232554437697786e+03
7.288146018981933594e-02,4.754656791687011719e+00,4.553613662719726562e+00,3.933564200997352600e-02,1.996124041335192715e+03
-9.416395425796508789e-01,5.410940647125244141e+00,3.944402933120727539e+00,6.702408939599990845e-02,1.843184577056818853e+03
-1.450166702270507812e+00,5.523411273956298828e+00,4.222876071929931641e+00,9.222525358200073242e-02,1.829383452570215013e+03
-1.139693379402160645e+00,5.378940105438232422e+00,4.250091552734375000e+00,1.041584983468055725e-01,1.824075414979938159e+03
1.185772195458412170e-01,4.619883060455322266e+00,4.687588691711425781e+00,1.052930727601051331e-01,1.818120842239811736e+03
2.119255512952804565e-01,4.452047824859619141e+00,4.743544578552246094e+00,9.757494181394577026e-02,1.800852577513714778e+03
2.399004697799682617e+00,2.594581365585327148e+00,6.353389263153076172e+00,1.030173823237419128e-01,1.007640758294611260e+03
3.385406255722045898e+00,2.197933435440063477e+00,7.080151081085205078e+00,1.126492321491241455e-01,2.205000000000000000e+03
5.635303020477294922e+00,2.231344938278198242e+00,7.890235424041748047e+00,1.160118207335472107e-01,2.205000000000000000e+03
6.853505134582519531e+00,2.935734748840332031e+00,7.674481868743896484e+00,1.137119755148887634e-01,2.205000000000000000e+03
8.096966743469238281e+00,3.708776950836181641e+00,6.945339202880859375e+00,8.827917277812957764e-02,2.205000000000000000e+03
8.162139892578125000e+00,3.769393682479858398e+00,6.759141445159912109e+00,5.684385076165199280e-02,2.056554320889609698e+03
1.223246002197265625e+01,6.191152095794677734e+00,3.668761014938354492e+00,3.074483573436737061e-02,2.038395604864341067e+03
1.221672344207763672e+01,6.176007747650146484e+00,3.668709039688110352e+00,7.673701737076044083e-03,2.205000000000000000e+03
1.228810214996337891e+01,6.223621845245361328e+00,3.573389053344726562e+00,9.028641507029533386e-03,2.205000000000000000e+03
1.242480564117431641e+01,6.265366077423095703e+00,3.479682207107543945e+00,7.450265809893608093e-03,2.205000000000000000e+03
1.247687530517578125e+01,6.324993133544921875e+00,3.452033519744873047e+00,7.702915929257869720e-03,2.205000000000000000e+03
1.254244995117187500e+01,6.515378475189208984e+00,3.279362916946411133e+00,8.358815684914588928e-03,2.205000000000000000e+03
1.205589008331298828e+01,6.706241607666015625e+00,3.072631120681762695e+00,5.889780353754758835e-03,2.205000000000000000e+03
1.187700939178466797e+01,6.723665714263916016e+00,3.053689956665039062e+00,5.834909621626138687e-03,2.205000000000000000e+03
1.184917640686035156e+01,6.671868801116943359e+00,3.083541393280029297e+00,5.483790300786495209e-03,1.289092863815111514e+03
1.178981971740722656e+01,6.569874286651611328e+00,3.092320680618286133e+00,4.039237275719642639e-03,1.288758371968722486e+03
1.173670959472656250e+01,6.523772716522216797e+00,3.083703041076660156e+00,4.488850012421607971e-03,1.303782080079909747e+03
1.158433628082275391e+01,6.550233840942382812e+00,2.993567466735839844e+00,5.480676423758268356e-03,1.302050526877058701e+03
1.160621547698974609e+01,6.579911708831787109e+00,3.013751029968261719e+00,6.147949025034904480e-03,1.749449819336726705e+03
1.178746604919433594e+01,6.633968353271484375e+00,3.066198587417602539e+00,7.280369754880666733e-03,1.753547335615282236e+03
1.188194179534912109e+01,6.755501747131347656e+00,3.120676517486572266e+00,6.703366991132497787e-03,2.205000000000000000e+03
1.204050254821777344e+01,7.203855991363525391e+00,3.377104759216308594e+00,6.916077807545661926e-03,2.205000000000000000e+03
1.179688072204589844e+01,7.402758121490478516e+00,3.923358201980590820e+00,6.349903531372547150e-03,1.931938615574430059e+03
1.176908111572265625e+01,7.434316635131835938e+00,4.019866466522216797e+00,5.074983928352594376e-03,1.919272208298670876e+03
1.175525665283203125e+01,7.394928455352783203e+00,3.899029016494750977e+00,5.443375091999769211e-03,1.924186180676587810e+03
1.163598728179931641e+01,6.949475288391113281e+00,3.169062376022338867e+00,4.469129256904125214e-03,1.825242557351235973e+03
1.142987918853759766e+01,6.765897750854492188e+00,2.968452453613281250e+00,5.584730766713619232e-03,1.789304177308303906e+03
1.141814708709716797e+01,6.714845180511474609e+00,2.990919351577758789e+00,6.133366376161575317e-03,1.788094565409333427e+03
1.068554019927978516e+01,6.923897266387939453e+00,3.769813537597656250e+00,6.721445359289646149e-03,1.785391243827002654e+03
1.083765983581542969e+01,7.132810592651367188e+00,4.008434772491455078e+00,7.889960892498493195e-03,1.750787578491002932e+03
1.099592018127441406e+01,7.308624267578125000e+00,4.073283672332763672e+00,7.195157464593648911e-03,2.205000000000000000e+03
1.111530590057373047e+01,7.366780281066894531e+00,4.067441940307617188e+00,8.168460801243782043e-03,2.205000000000000000e+03
1.112812519073486328e+01,7.357499122619628906e+00,4.051558494567871094e+00,8.775572292506694794e-03,2.205000000000000000e+03
1.163223934173583984e+01,7.392613887786865234e+00,3.712007522583007812e+00,8.853546343743801117e-03,2.205000000000000000e+03
1.171615219116210938e+01,7.038642406463623047e+00,3.254012107849121094e+00,8.832005783915519714e-03,2.019146775523950510e+03
1.150128650665283203e+01,6.677287101745605469e+00,2.832666635513305664e+00,8.296393789350986481e-03,1.834212775755562689e+03
1.155280399322509766e+01,6.651005744934082031e+00,2.735607862472534180e+00,8.910861797630786896e-03,1.835264220989989553e+03
1.157936573028564453e+01,6.716133594512939453e+00,2.734733581542968750e+00,8.195620030164718628e-03,1.829631840592833214e+03
1.190272521972656250e+01,6.795361042022705078e+00,2.409459590911865234e+00,8.273797109723091125e-03,1.829223829298953206e+03
1.188551235198974609e+01,6.758600234985351562e+00,2.393140316009521484e+00,9.238350205123424530e-03,1.851989828660514604e+03
1.196089076995849609e+01,6.764873027801513672e+00,2.374047517776489258e+00,9.785918518900871277e-03,1.850698116142492381e+03
1.223804950714111328e+01,6.938956260681152344e+00,2.320949554443359375e+00,9.580440819263458252e-03,1.862087509894515279e+03
1.263250350952148438e+01,7.163537979125976562e+00,2.228486299514770508e+00,9.952250868082046509e-03,2.044875961190513181e+03
1.267978477478027344e+01,7.205847740173339844e+00,2.245658159255981445e+00,8.561594411730766296e-03,2.006516351847373471e+03
1.272855472564697266e+01,7.219729423522949219e+00,2.233474254608154297e+00,6.268184632062911987e-03,1.993313483723845820e+03
1.273734951019287109e+01,7.248054504394531250e+00,2.199538469314575195e+00,6.097853183746337891e-03,2.014669852044579557e+03
1.264887523651123047e+01,7.133360862731933594e+00,2.291869163513183594e+00,7.695023436099290848e-03,2.205000000000000000e+03
1.262503051757812500e+01,6.953867912292480469e+00,2.383593320846557617e+00,8.810303173959255219e-03,2.205000000000000000e+03
1.281010150909423828e+01,6.842010021209716797e+00,2.620182514190673828e+00,8.943727239966392517e-03,2.205000000000000000e+03
1.281817817687988281e+01,6.820737838745117188e+00,2.616583108901977539e+00,9.423157200217247009e-03,2.205000000000000000e+03
1.284032154083251953e+01,6.848077297210693359e+00,2.586678028106689453e+00,8.197985589504241943e-03,2.205000000000000000e+03
1.285858249664306641e+01,6.873932838439941406e+00,2.598774433135986328e+00,6.864937953650951385e-03,2.070146468444332641e+03
1.286078643798828125e+01,6.907293796539306641e+00,2.559325695037841797e+00,5.994246806949377060e-03,2.006410532564694904e+03
1.282623195648193359e+01,6.876577854156494141e+00,2.585547924041748047e+00,4.302628803998231888e-03,1.986489334426665209e+03
1.267067718505859375e+01,7.046592235565185547e+00,2.440685749053955078e+00,3.873368026688694954e-03,1.990152711438529423e+03
1.237513923645019531e+01,6.905256271362304688e+00,2.362590074539184570e+00,4.967040382325649261e-03,1.987501353896455385e+03
1.221738815307617188e+01,6.781520843505859375e+00,2.436566352844238281e+00,5.390410311520099640e-03,1.989858586582687622e+03
1.238631725311279297e+01,6.802934646606445312e+00,2.531471252441406250e+00,8.278456516563892365e-03,1.973100943191099077e+03
1.246265125274658203e+01,6.695369243621826172e+00,2.580947399139404297e+00,8.897748775780200958e-03,2.026126692449859775e+03
1.236374759674072266e+01,6.249333858489990234e+00,3.313766002655029297e+00,9.349348954856395721e-03,2.205000000000000000e+03
1.231807994842529297e+01,6.182332515716552734e+00,3.507569313049316406e+00,9.400917217135429382e-03,2.205000000000000000e+03
1.230782794952392578e+01,6.199381828308105469e+00,3.504051208496093750e+00,7.380215451121330261e-03,2.205000000000000000e+03
1.224623680114746094e+01,6.180950164794921875e+00,3.501992225646972656e+00,6.523467600345611572e-03,2.205000000000000000e+03
1.222058868408203125e+01,6.225460052490234375e+00,3.519871711730957031e+00,5.781783256679773331e-03,2.205000000000000000e+03
1.219284248352050781e+01,6.281696319580078125e+00,3.527161598205566406e+00,8.736221119761466980e-03,2.205000000000000000e+03
1.220278549194335938e+01,6.277400016784667969e+00,3.544990062713623047e+00,8.690783753991127014e-03,2.205000000000000000e+03
1.221989154815673828e+01,6.255256652832031250e+00,3.680154085159301758e+00,8.542423136532306671e-03,2.205000000000000000e+03
1.211496448516845703e+01,6.316190242767333984e+00,3.760057926177978516e+00,7.962954230606555939e-03,2.205000000000000000e+03
1.190989589691162109e+01,6.342226028442382812e+00,3.758198738098144531e+00,5.697248969227075577e-03,2.205000000000000000e+03
1.190862941741943359e+01,6.323185443878173828e+00,3.793733835220336914e+00,8.392226882278919220e-03,2.205000000000000000e+03
1.196114444732666016e+01,6.328912734985351562e+00,3.812725067138671875e+00,8.641243912279605865e-03,2.036956787926008246e+03
1.189958286285400391e+01,6.320606708526611328e+00,3.803671598434448242e+00,9.831538423895835876e-03,1.928409868978960958e+03
1.195508193969726562e+01,6.337075710296630859e+00,3.828692436218261719e+00,1.010359171777963638e-02,1.884687050453027268e+03
1.199351310729980469e+01,6.426288127899169922e+00,3.828581809997558594e+00,8.299127221107482910e-03,1.874448426953291801e+03
1.204707336425781250e+01,6.359961986541748047e+00,3.725559711456298828e+00,8.573929779231548309e-03,1.869224186105887384e+03
1.209925270080566406e+01,6.310742855072021484e+00,3.750182151794433594e+00,7.564541883766651154e-03,1.868556901731319158e+03
1.202122783660888672e+01,6.386773586273193359e+00,3.915359735488891602e+00,6.968879140913486481e-03,1.885754700117082393e+03
1.199755859375000000e+01,6.463137149810791016e+00,3.989059448242187500e+00,6.848993711173534393e-03,1.992278955456150243e+03
1.192600917816162109e+01,6.490155696868896484e+00,3.996103286743164062e+00,8.241484872996807098e-03,2.205000000000000000e+03
1.166394615173339844e+01,6.398378849029541016e+00,3.799339294433593750e+00,8.903272449970245361e-03,2.205000000000000000e+03
1.148838138580322266e+01,6.376299858093261719e+00,3.792732715606689453e+00,8.886758238077163696e-03,2.205000000000000000e+03
1.144620037078857422e+01,6.321466922760009766e+00,3.798942327499389648e+00,8.552403189241886139e-03,2.205000000000000000e+03
1.154470252990722656e+01,6.312526226043701172e+00,3.746279954910278320e+00,6.630762945860624313e-03,2.205000000000000000e+03
1.153870296478271484e+01,6.286569595336914062e+00,3.762847661972045898e+00,5.512800998985767365e-03,2.205000000000000000e+03
1.103838443756103516e+01,6.271987915039062500e+00,3.778214454650878906e+00,4.789234139025211334e-03,2.205000000000000000e+03
1.081155586242675781e+01,6.222224712371826172e+00,3.723067998886108398e+00,8.570924401283264160e-03,2.205000000000000000e+03
1.103857612609863281e+01,6.404012680053710938e+00,3.737758398056030273e+00,8.751110173761844635e-03,2.205000000000000000e+03
1.107602596282958984e+01,6.476180076599121094e+00,3.712915420532226562e+00,9.829131886363029480e-03,1.607077597053847967e+03
1.120743751525878906e+01,6.587453365325927734e+00,3.324714422225952148e+00,1.009525079280138016e-02,1.592580140330400127e+03
1.139015293121337891e+01,6.689670562744140625e+00,2.971512317657470703e+00,7.183166220784187317e-03,1.234512873825348152e+03
1.142909049987792969e+01,6.665352821350097656e+00,2.899835348129272461e+00,7.370140869170427322e-03,2.050157199230187416e+03
1.141559791564941406e+01,6.731960296630859375e+00,2.922302246093750000e+00,6.746204569935798645e-03,2.027668019685456784e+03
1.144823265075683594e+01,6.870110034942626953e+00,2.905536651611328125e+00,5.929218139499425888e-03,2.003336951334522382e+03
1.190366840362548828e+01,6.967513561248779297e+00,2.778782606124877930e+00,6.495739333331584930e-03,2.016648010997922711e+03
1.242492580413818359e+01,7.049926280975341797e+00,2.547307968139648438e+00,7.467060815542936325e-03,2.014003342812625988e+03
1.259369850158691406e+01,7.014678001403808594e+00,2.549476623535156250e+00,7.272461894899606705e-03,2.015128839458184757e+03
1.298194408416748047e+01,7.186491012573242188e+00,2.497679471969604492e+00,7.270750589668750763e-03,2.003575743713193788e+03
1.320879268646240234e+01,7.218893527984619141e+00,2.502074718475341797e+00,8.205365389585494995e-03,2.031776469900886468e+03
1.341699314117431641e+01,7.282651424407958984e+00,2.512429714202880859e+00,8.895122446119785309e-03,2.205000000000000000e+03
1.344549751281738281e+01,7.317148208618164062e+00,2.474232435226440430e+00,8.500484749674797058e-03,2.205000000000000000e+03
1.355094146728515625e+01,7.360978126525878906e+00,2.441186189651489258e+00,8.551580831408500671e-03,2.205000000000000000e+03
1.202665138244628906e+01,6.621530055999755859e+00,2.375389814376831055e+00,9.860739111900329590e-03,2.205000000000000000e+03
8.159836769104003906e+00,3.880611181259155273e+00,2.681654214859008789e+00,2.777313813567161560e-02,1.857322389832354929e+03
7.302735328674316406e+00,8.180522918701171875e-01,7.879539132118225098e-01,7.544403523206710815e-02,1.713580104205705084e+03
7.392218112945556641e+00,2.010147422552108765e-01,5.453888773918151855e-01,9.334507584571838379e-02,1.673414783655061683e+03
8.420705795288085938e+00,-1.723342061042785645e+00,4.007214009761810303e-01,9.340560436248779297e-02,1.673102756631234570e+03
9.057489395141601562e+00,-2.099086284637451172e+00,8.909968137741088867e-01,8.954869210720062256e-02,1.665376423587604677e+03
9.206353187561035156e+00,-1.802703022956848145e+00,9.693195819854736328e-01,5.565388873219490051e-02,1.578361140489193758e+03
1.131546688079833984e+01,6.647056102752685547e+00,3.055466175079345703e+00,1.140361931174993515e-02,2.205000000000000000e+03
3.050414621829986572e-01,4.728804588317871094e+00,4.172130584716796875e+00,2.510029077529907227e-02,2.029115370536274668e+03
-7.792980670928955078e-01,5.244887828826904297e+00,3.571888923645019531e+00,4.413490742444992065e-02,1.838716023284810035e+03
-1.735597133636474609e+00,5.452274799346923828e+00,3.854265689849853516e+00,6.204062700271606445e-02,1.820844726425337967e+03
-1.494065403938293457e+00,5.284970760345458984e+00,3.962481975555419922e+00,7.670620083808898926e-02,1.812416518721365264e+03
2.085251361131668091e-01,4.244122028350830078e+00,4.517826080322265625e+00,8.041877299547195435e-02,1.808099690425188101e+03
3.667272627353668213e-01,4.104270935058593750e+00,4.658869743347167969e+00,7.975924760103225708e-02,7.900424906887380985e+02
2.611315250396728516e+00,2.495301008224487305e+00,6.505373954772949219e+00,9.161778539419174194e-02,6.459956330912897329e+02
4.028932571411132812e+00,2.029051542282104492e+00,7.500135421752929688e+00,9.273516386747360229e-02,2.205000000000000000e+03
5.617300510406494141e+00,2.225619316101074219e+00,8.003858566284179688e+00,9.771209955215454102e-02,2.205000000000000000e+03
7.001965522766113281e+00,3.027172088623046875e+00,7.630753993988037109e+00,9.330102801322937012e-02,2.205000000000000000e+03
8.080578804016113281e+00,3.954916477203369141e+00,7.036616325378417969e+00,6.912470608949661255e-02,1.380280763515235549e+03
8.450175285339355469e+00,4.247882843017578125e+00,6.612086296081542969e+00,5.000464990735054016e-02,2.026027579416738718e+03
9.766543388366699219e+00,6.441516876220703125e+00,3.411786556243896484e+00,2.101958170533180237e-02,1.999183716617093069e+03
8.369866371154785156e+00,4.552615165710449219e+00,3.051910638809204102e+00,1.338267978280782700e-02,1.686725659028246355e+03
7.778003215789794922e+00,3.870761394500732422e+00,2.553959846496582031e+00,4.328812658786773682e-02,1.873904455372608481e+03
7.252748012542724609e+00,1.808119893074035645e+00,1.263057708740234375e+00,7.527429610490798950e-02,1.789834800327565290e+03
7.300120353698730469e+00,6.465722918510437012e-01,6.854636073112487793e-01,1.063395515084266663e-01,1.717297743408440510e+03
7.663133621215820312e+00,-5.670798420906066895e-01,4.414795637130737305e-01,1.199782043695449829e-01,1.695460937833521029e+03
8.324985504150390625e+00,-1.630434274673461914e+00,5.446165204048156738e-01,1.134890839457511902e-01,1.684385038977120757e+03
8.737100601196289062e+00,-2.002106904983520508e+00,9.262710809707641602e-01,9.533612430095672607e-02,1.236664716366221228e+03
9.092129707336425781e+00,-1.778142571449279785e+00,1.207829952239990234e+00,5.848272889852523804e-02,1.606183363132694467e+03
8.938994407653808594e+00,5.888499259948730469e+00,3.474392414093017578e+00,2.238752692937850952e-02,1.155658985860882012e+03
-4.514451697468757629e-02,4.958288192749023438e+00,3.815504789352416992e+00,4.756155982613563538e-02,1.574960381713783818e+03
-8.179743885993957520e-01,5.374012947082519531e+00,3.690932750701904297e+00,7.838421314954757690e-02,1.846949138722808129e+03
-1.814013361930847168e+00,5.677710056304931641e+00,4.047801971435546875e+00,9.463910758495330811e-02,1.828540000086475402e+03
-1.272768259048461914e+00,5.236088275909423828e+00,3.995776414871215820e+00,1.029233634471893311e-01,1.824125534852297051e+03
3.492672145366668701e-01,4.075549125671386719e+00,4.499687194824218750e+00,1.014516800642013550e-01,1.812513689559995100e+03
4.589126408100128174e-01,4.013885498046875000e+00,4.603023529052734375e+00,8.946147561073303223e-02,7.112082479866897984e+02
2.459348917007446289e+00,2.560051202774047852e+00,6.398452281951904297e+00,9.778054803609848022e-02,6.471872029447313253e+02
3.870837211608886719e+00,2.074780464172363281e+00,7.414746761322021484e+00,1.032166853547096252e-01,2.205000000000000000e+03
5.584364414215087891e+00,2.236873865127563477e+00,8.015985488891601562e+00,1.061319932341575623e-01,2.205000000000000000e+03
6.889814376831054688e+00,2.961854696273803711e+00,7.701233386993408203e+00,1.010645627975463867e-01,2.205000000000000000e+03
7.785583019256591797e+00,3.638867616653442383e+00,7.266638278961181641e+00,7.661540061235427856e-02,1.393930045384193591e+03
8.175889015197753906e+00,3.881585597991943359e+00,7.197133064270019531e+00,5.367677286267280579e-02,2.036495690199000364e+03
9.479855537414550781e+00,5.712334632873535156e+00,4.296695232391357422e+00,2.496706321835517883e-02,1.378259411208406163e+03
1.025976848602294922e+01,6.721951961517333984e+00,4.194676399230957031e+00,9.008285589516162872e-03,2.205000000000000000e+03
8.334371566772460938e+00,4.524700164794921875e+00,3.032894611358642578e+00,1.292695663869380951e-02,2.205000000000000000e+03
7.764869689941406250e+00,3.778903484344482422e+00,2.512407064437866211e+00,4.477943480014801025e-02,1.887014904095078236e+03
7.260361194610595703e+00,1.792698979377746582e+00,1.260442972183227539e+00,8.503799140453338623e-02,1.766838325294156675e+03
7.296352386474609375e+00,5.533831119537353516e-01,6.361726522445678711e-01,1.142146140336990356e-01,1.709605105786791228e+03
7.757360458374023438e+00,-9.583243727684020996e-01,3.813511133193969727e-01,1.285443454980850220e-01,1.686042712790720770e+03
8.291275024414062500e+00,-1.929041266441345215e+00,7.764516472816467285e-01,1.228497028350830078e-01,1.675215690209486183e+03
8.562715530395507812e+00,-2.049211025238037109e+00,1.034513473510742188e+00,9.934734553098678589e-02,1.226249357981704634e+03
8.921169281005859375e+00,-1.775534152984619141e+00,1.380770921707153320e+00,6.354781240224838257e-02,1.587024386405263613e+03
9.168548583984375000e+00,6.123616695404052734e+00,3.649664402008056641e+00,2.544316835701465607e-02,1.158623871051579499e+03
1.227562036365270615e-02,4.915547847747802734e+00,3.782836437225341797e+00,3.712173551321029663e-02,1.989274211665201392e+03
-7.847802639007568359e-01,5.422870635986328125e+00,3.560914754867553711e+00,6.246857717633247375e-02,1.829119120882857942e+03
-1.854966640472412109e+00,5.639198780059814453e+00,4.030327320098876953e+00,8.104649186134338379e-02,1.808715368491155687e+03
-1.252459645271301270e+00,5.314940452575683594e+00,4.114988803863525391e+00,9.282437711954116821e-02,7.893946085391653469e+02
6.725522279739379883e-01,3.811374187469482422e+00,4.855551719665527344e+00,9.636272490024566650e-02,7.881517177590128540e+02
8.038387298583984375e-01,3.709887981414794922e+00,4.961703300476074219e+00,9.126477688550949097e-02,1.005495722990738045e+03
2.956967830657958984e+00,2.374327421188354492e+00,6.759875774383544922e+00,1.039409786462783813e-01,1.167281261047687394e+03
4.122638702392578125e+00,2.114293575286865234e+00,7.475903511047363281e+00,1.113469228148460388e-01,2.205000000000000000e+03
5.763225555419921875e+00,2.273673295974731445e+00,7.829565525054931641e+00,1.136041283607482910e-01,2.205000000000000000e+03
7.267197132110595703e+00,3.169091463088989258e+00,7.380117416381835938e+00,1.108929663896560669e-01,2.205000000000000000e+03
8.026035308837890625e+00,3.528683662414550781e+00,6.796247959136962891e+00,8.468663692474365234e-02,2.205000000000000000e+03
8.082219123840332031e+00,3.517115831375122070e+00,6.703506946563720703e+00,5.770590528845787048e-02,2.048041117294742889e+03
1.265915679931640625e+01,6.203475475311279297e+00,1.559128999710083008e+00,3.164526820182800293e-02,2.043781942082930073e+03
1.269876194000244141e+01,6.312960147857666016e+00,1.528883099555969238e+00,6.052376236766576767e-03,2.205000000000000000e+03
1.272860622406005859e+01,6.474186420440673828e+00,1.509136795997619629e+00,5.284108221530914307e-03,2.205000000000000000e+03
1.271174716949462891e+01,6.664817333221435547e+00,1.483045339584350586e+00,6.093634292483329773e-03,2.205000000000000000e+03
1.270013809204101562e+01,6.806961536407470703e+00,1.505492806434631348e+00,6.035695783793926239e-03,2.205000000000000000e+03
1.268512916564941406e+01,6.872445106506347656e+00,1.523796796798706055e+00,6.959925871342420578e-03,2.205000000000000000e+03
1.270906639099121094e+01,6.896686077117919922e+00,1.511435151100158691e+00,7.320986129343509674e-03,2.205000000000000000e+03
1.271098327636718750e+01,6.918533802032470703e+00,1.492503404617309570e+00,7.878321222960948944e-03,2.205000000000000000e+03
9.625765800476074219e+00,9.847854614257812500e+00,3.535801172256469727e+00,8.874725550413131714e-03,1.645676334390866487e+03
9.513161659240722656e+00,6.387401103973388672e+00,3.619958162307739258e+00,8.157219737768173218e-03,1.596271484171964175e+03
9.517886161804199219e+00,6.327959060668945312e+00,3.725611448287963867e+00,7.537715602666139603e-03,1.590342263891052653e+03
9.714345932006835938e+00,6.287058353424072266e+00,4.309913635253906250e+00,6.171451881527900696e-03,1.574860651952657463e+03
9.716315269470214844e+00,6.261360645294189453e+00,4.357509136199951172e+00,4.593805409967899323e-03,2.205000000000000000e+03
9.729820251464843750e+00,6.299314975738525391e+00,4.342580318450927734e+00,5.583127494901418686e-03,2.205000000000000000e+03
9.733942985534667969e+00,6.303419113159179688e+00,4.312108039855957031e+00,5.470083095133304596e-03,2.205000000000000000e+03
9.772709846496582031e+00,6.357170581817626953e+00,4.344636917114257812e+00,6.182420067489147186e-03,2.205000000000000000e+03
1.139495182037353516e+01,9.126971244812011719e+00,3.021403074264526367e+00,7.807904388755559921e-03,2.205000000000000000e+03
1.145499229431152344e+01,9.306726455688476562e+00,2.897223949432373047e+00,7.332006469368934631e-03,2.205000000000000000e+03
1.145608234405517578e+01,9.380345344543457031e+00,2.834582090377807617e+00,7.931064814329147339e-03,2.205000000000000000e+03
1.145205116271972656e+01,9.530358314514160156e+00,2.747574329376220703e+00,8.244868367910385132e-03,2.205000000000000000e+03
1.068330860137939453e+01,1.035285091400146484e+01,2.439064264297485352e+00,6.625742651522159576e-03,2.205000000000000000e+03
1.042579936981201172e+01,1.049299430847167969e+01,2.437187194824218750e+00,6.346687208861112595e-03,2.080524484329956067e+03
1.029635047912597656e+01,1.052916622161865234e+01,2.490131139755249023e+00,5.518400575965642929e-03,2.065538586338772802e+03
1.028999710083007812e+01,1.052330493927001953e+01,2.498978614807128906e+00,3.627908183261752129e-03,2.056932561064519177e+03
1.034286117553710938e+01,1.052819919586181641e+01,2.468111276626586914e+00,3.306919243186712265e-03,2.205000000000000000e+03
9.567243576049804688e+00,1.002989864349365234e+01,3.299858093261718750e+00,3.698349697515368462e-03,2.205000000000000000e+03
9.478861808776855469e+00,9.973720550537109375e+00,3.437587738037109375e+00,3.331435611471533775e-03,2.059893957068661166e+03
1.136883640289306641e+01,7.968429088592529297e+00,4.749220848083496094e+00,4.181265830993652344e-03,2.034986281774665258e+03
1.146381092071533203e+01,7.993791580200195312e+00,4.821164131164550781e+00,5.701777525246143341e-03,1.931354861508952354e+03
1.149486351013183594e+01,8.006511688232421875e+00,4.866093635559082031e+00,5.853042472153902054e-03,1.911928269428890417e+03
1.159564685821533203e+01,8.085692405700683594e+00,4.827682018280029297e+00,5.928403232246637344e-03,1.991018555016598384e+03
1.160122394561767578e+01,8.014257431030273438e+00,4.776791572570800781e+00,5.892511457204818726e-03,2.205000000000000000e+03
1.249817276000976562e+01,7.266578197479248047e+00,2.542487859725952148e+00,4.838464781641960144e-03,2.205000000000000000e+03
1.251191616058349609e+01,7.256648540496826172e+00,2.498696565628051758e+00,4.241237882524728775e-03,2.205000000000000000e+03
1.261956691741943359e+01,7.269254684448242188e+00,2.372253894805908203e+00,4.948239307850599289e-03,2.205000000000000000e+03
1.266388416290283203e+01,7.271347045898437500e+00,2.299205064773559570e+00,5.780667532235383987e-03,2.205000000000000000e+03
1.277980899810791016e+01,7.269125461578369141e+00,2.195895195007324219e+00,5.503172520548105240e-03,2.205000000000000000e+03
1.301852226257324219e+01,7.368601322174072266e+00,1.998470664024353027e+00,5.439782980829477310e-03,2.205000000000000000e+03
1.295515727996826172e+01,7.346546173095703125e+00,2.056243419647216797e+00,5.170384421944618225e-03,2.205000000000000000e+03
1.269962406158447266e+01,7.229671001434326172e+00,2.272267580032348633e+00,3.645966760814189911e-03,2.205000000000000000e+03
1.245334434509277344e+01,7.060462474822998047e+00,2.483025789260864258e+00,3.809914924204349518e-03,2.205000000000000000e+03
1.222400665283203125e+01,6.987272739410400391e+00,2.592764616012573242e+00,4.158064257353544235e-03,2.205000000000000000e+03
1.191894721984863281e+01,6.702409267425537109e+00,2.443915367126464844e+00,4.105831030756235123e-03,2.205000000000000000e+03
1.188342285156250000e+01,6.725804328918457031e+00,2.496685504913330078e+00,4.707627464085817337e-03,2.205000000000000000e+03
1.162005329132080078e+01,7.518662452697753906e+00,4.218624114990234375e+00,6.158863194286823273e-03,2.205000000000000000e+03
1.153015041351318359e+01,7.409595489501953125e+00,4.137904644012451172e+00,7.525951135903596878e-03,2.000171501313241606e+03
1.121407032012939453e+01,7.316819667816162109e+00,4.047935962677001953e+00,9.658376686275005341e-03,1.956193507710057702e+03
1.153381824493408203e+01,7.942049503326416016e+00,3.547237873077392578e+00,1.169269904494285583e-02,1.824317530957201598e+03
1.162384128570556641e+01,8.047279357910156250e+00,3.528073310852050781e+00,1.148804649710655212e-02,1.741117256174846261e+03
1.185167503356933594e+01,8.199748039245605469e+00,3.430139541625976562e+00,1.075610704720020294e-02,2.205000000000000000e+03
1.233243370056152344e+01,8.367309570312500000e+00,3.141588449478149414e+00,9.776906110346317291e-03,2.205000000000000000e+03
1.239213466644287109e+01,8.430217742919921875e+00,2.952376604080200195e+00,7.182559464126825333e-03,2.205000000000000000e+03
1.237156963348388672e+01,8.505599021911621094e+00,3.056711196899414062e+00,6.907652597874403000e-03,2.205000000000000000e+03
1.241528511047363281e+01,8.576788902282714844e+00,3.089959859848022461e+00,7.059859577566385269e-03,2.205000000000000000e+03
1.255813980102539062e+01,8.528025627136230469e+00,3.002665996551513672e+00,6.185267120599746704e-03,2.205000000000000000e+03
1.310873985290527344e+01,7.657483577728271484e+00,2.334138870239257812e+00,6.763152312487363815e-03,2.205000000000000000e+03
1.337831497192382812e+01,7.335458755493164062e+00,1.886936902999877930e+00,7.848124951124191284e-03,2.205000000000000000e+03
1.339557170867919922e+01,6.931158542633056641e+00,1.509112119674682617e+00,8.743118494749069214e-03,2.205000000000000000e+03
1.340736865997314453e+01,7.108348369598388672e+00,1.595653295516967773e+00,1.068493351340293884e-02,2.205000000000000000e+03
1.201407909393310547e+01,6.625339984893798828e+00,2.289529323577880859e+00,1.312145870178937912e-02,1.668200394236853981e+03
1.205814552307128906e+01,6.618895053863525391e+00,2.275404453277587891e+00,1.223377417773008347e-02,1.652173361352777874e+03
1.230363082885742188e+01,6.449383735656738281e+00,2.093286037445068359e+00,1.171036995947360992e-02,1.642392891182350468e+03
1.282055950164794922e+01,6.080126285552978516e+00,1.685858249664306641e+00,1.078272331506013870e-02,1.599546623763117168e+03
1.293163299560546875e+01,6.140646934509277344e+00,1.615795850753784180e+00,8.545135147869586945e-03,2.205000000000000000e+03
1.295970344543457031e+01,6.195620059967041016e+00,1.625397682189941406e+00,1.051688194274902344e-02,2.205000000000000000e+03
1.297887611389160156e+01,6.215471267700195312e+00,1.598401188850402832e+00,1.205695886164903641e-02,2.205000000000000000e+03
1.314675426483154297e+01,6.465999126434326172e+00,1.515405893325805664e+00,1.221092790365219116e-02,2.205000000000000000e+03
1.321443080902099609e+01,6.720374584197998047e+00,1.493862152099609375e+00,1.264167297631502151e-02,2.205000000000000000e+03
1.325816822052001953e+01,6.779204368591308594e+00,1.491061091423034668e+00,1.465814560651779175e-02,2.205000000000000000e+03
1.325574779510498047e+01,6.810002326965332031e+00,1.503062009811401367e+00,1.698270067572593689e-02,2.205000000000000000e+03
1.324685859680175781e+01,6.805256843566894531e+00,1.497546195983886719e+00,1.714088022708892822e-02,2.205000000000000000e+03
1.323466110229492188e+01,6.765387535095214844e+00,1.479651808738708496e+00,1.730165630578994751e-02,2.205000000000000000e+03
1.323617362976074219e+01,6.773262500762939453e+00,1.488649487495422363e+00,1.708253473043441772e-02,2.205000000000000000e+03
1.323607444763183594e+01,6.826977252960205078e+00,1.514182329177856445e+00,1.479638647288084030e-02,2.205000000000000000e+03
1.325936317443847656e+01,6.796525955200195312e+00,1.492246866226196289e+00,1.571543328464031219e-02,2.205000000000000000e+03
1.325422191619873047e+01,6.794590473175048828e+00,1.495844364166259766e+00,1.440455485135316849e-02,2.205000000000000000e+03
1.311655521392822266e+01,7.281853675842285156e+00,1.864053726196289062e+00,1.230971980839967728e-02,2.205000000000000000e+03
1.194934082031250000e+01,6.643881320953369141e+00,2.327415704727172852e+00,1.147428713738918304e-02,2.205000000000000000e+03
1.193836402893066406e+01,6.634309291839599609e+00,2.347853422164916992e+00,1.116137579083442688e-02,2.205000000000000000e+03
1.229276847839355469e+01,6.872061729431152344e+00,2.658421039581298828e+00,1.115907914936542511e-02,2.205000000000000000e+03
1.247694683074951172e+01,7.037139415740966797e+00,2.739406108856201172e+00,1.289941929280757904e-02,1.999016240665309624e+03
1.250993537902832031e+01,7.109299659729003906e+00,2.834907054901123047e+00,1.492054481059312820e-02,2.205000000000000000e+03
1.254780673980712891e+01,7.184481620788574219e+00,2.905553340911865234e+00,1.411733217537403107e-02,2.205000000000000000e+03
1.266038513183593750e+01,7.241387844085693359e+00,2.975300312042236328e+00,1.417636033147573471e-02,2.205000000000000000e+03
1.277285194396972656e+01,7.244182109832763672e+00,2.980513095855712891e+00,1.213565934449434280e-02,2.205000000000000000e+03
1.317285537719726562e+01,7.369795322418212891e+00,2.730454444885253906e+00,9.926638565957546234e-03,2.205000000000000000e+03
1.396932315826416016e+01,8.845257759094238281e+00,1.376010894775390625e+00,1.368007995188236237e-02,2.205000000000000000e+03
1.400839900970458984e+01,8.896132469177246094e+00,1.316405177116394043e+00,1.577020809054374695e-02,2.205000000000000000e+03
1.403442668914794922e+01,8.982009887695312500e+00,1.223545670509338379e+00,1.669162884354591370e-02,2.205000000000000000e+03
1.405044460296630859e+01,9.024090766906738281e+00,1.180790424346923828e+00,1.599466986954212189e-02,2.205000000000000000e+03
1.403728675842285156e+01,9.062088012695312500e+00,1.143516540527343750e+00,1.237369701266288757e-02,2.205000000000000000e+03
1.399592781066894531e+01,9.079879760742187500e+00,1.138314723968505859e+00,9.624688886106014252e-03,2.205000000000000000e+03
1.404440021514892578e+01,9.163165092468261719e+00,1.048132181167602539e+00,1.359182316809892654e-02,2.205000000000000000e+03
1.411836433410644531e+01,9.240390777587890625e+00,9.326201081275939941e-01,1.414689328521490097e-02,2.205000000000000000e+03
1.412031841278076172e+01,9.219210624694824219e+00,9.552939534187316895e-01,1.360844913870096207e-02,2.205000000000000000e+03
1.407671260833740234e+01,9.198953628540039062e+00,9.992883801460266113e-01,1.473816204816102982e-02,2.205000000000000000e+03
1.194350242614746094e+01,6.735276222229003906e+00,3.115461587905883789e+00,1.115331705659627914e-02,2.205000000000000000e+03
9.001523017883300781e+00,5.028177261352539062e+00,3.152982473373413086e+00,1.480191014707088470e-02,1.961913263745065251e+03
8.016944885253906250e+00,3.535270929336547852e+00,2.540688753128051758e+00,2.959520369768142700e-02,1.307382145764580855e+03
7.285374164581298828e+00,6.799083948135375977e-01,7.212840914726257324e-01,4.170506447553634644e-02,1.681397789343140857e+03
7.725328922271728516e+00,-5.188347101211547852e-01,4.977832734584808350e-01,4.648891091346740723e-02,1.647528416326377510e+03
8.842060089111328125e+00,-1.493875503540039062e+00,6.142340898513793945e-01,4.551826789975166321e-02,1.648307957539625249e+03
9.018681526184082031e+00,-1.460977792739868164e+00,7.015823721885681152e-01,3.810013830661773682e-02,1.595811159640300730e+03
9.190298080444335938e+00,-1.347588896751403809e+00,8.662344813346862793e-01,2.491407282650470734e-02,1.158172965481445090e+03
1.215557765960693359e+01,6.549547672271728516e+00,2.209855318069458008e+00,1.681267470121383667e-02,2.205000000000000000e+03
1.662191003561019897e-01,4.925605297088623047e+00,4.301551342010498047e+00,2.257169224321842194e-02,1.834215677179415252e+03
-4.065900444984436035e-01,5.045040130615234375e+00,4.524099826812744141e+00,3.338294848799705505e-02,7.885652922519099093e+02
-8.312342762947082520e-01,5.253772258758544922e+00,4.458975791931152344e+00,4.203925281763076782e-02,1.004188306188087381e+03
-5.001626536250114441e-02,4.799933433532714844e+00,4.678138256072998047e+00,5.003478005528450012e-02,1.164851577666682942e+03
7.353555411100387573e-02,4.691247463226318359e+00,4.722507953643798828e+00,5.775044113397598267e-02,1.383789038395066427e+03
2.474667072296142578e+00,2.560117483139038086e+00,6.413441658020019531e+00,7.830876111984252930e-02,1.693608259937493813e+03
3.535492181777954102e+00,2.189545631408691406e+00,7.162076473236083984e+00,9.311515092849731445e-02,2.205000000000000000e+03
5.669733047485351562e+00,2.249657154083251953e+00,7.828828334808349609e+00,9.705756604671478271e-02,2.205000000000000000e+03
6.563299655914306641e+00,2.739400148391723633e+00,7.687534332275390625e+00,9.454722702503204346e-02,2.205000000000000000e+03
8.009514808654785156e+00,3.486171007156372070e+00,6.758196830749511719e+00,7.477894425392150879e-02,2.205000000000000000e+03
8.068853378295898438e+00,3.517527818679809570e+00,6.703929424285888672e+00,5.320682376623153687e-02,1.386674598763500626e+03
1.264789867401123047e+01,6.055840015411376953e+00,1.634713053703308105e+00,3.998946025967597961e-02,1.057055617343674157e+03
1.258225917816162109e+01,5.962815761566162109e+00,1.741163969039916992e+00,3.316471353173255920e-02,2.205000000000000000e+03
8.078455924987792969e+00,3.992086410522460938e+00,2.668554782867431641e+00,4.600033164024353027e-02,1.436947296048709404e+03
7.883333206176757812e+00,3.343632459640502930e+00,2.387190103530883789e+00,7.622370123863220215e-02,1.818054424832428140e+03
7.308226108551025391e+00,8.427429199218750000e-01,8.049534559249877930e-01,1.043018102645874023e-01,1.742923050019561515e+03
7.557153224945068359e+00,-1.631290018558502197e-01,5.055961608886718750e-01,1.311443895101547241e-01,1.696915761739273421e+03
8.501827239990234375e+00,-1.352854013442993164e+00,4.681568443775177002e-01,1.298785507678985596e-01,1.688789770884461177e+03
8.760900497436523438e+00,-1.480562806129455566e+00,6.070529222488403320e-01,1.129231676459312439e-01,1.660560628250548461e+03
8.927710533142089844e+00,-1.519267439842224121e+00,6.814141869544982910e-01,8.624000102281570435e-02,1.219507115168876226e+03
1.215228652954101562e+01,5.997264862060546875e+00,1.910539627075195312e+00,3.342367336153984070e-02,1.177187798035283777e+03
2.195685952901840210e-01,4.907694339752197266e+00,4.190199851989746094e+00,3.401582688093185425e-02,1.159033667232084554e+03
-8.291008472442626953e-01,5.367818355560302734e+00,3.841038465499877930e+00,6.410893797874450684e-02,1.851514579705358301e+03
-1.523967504501342773e+00,5.560683250427246094e+00,4.241698265075683594e+00,8.091731369495391846e-02,1.829015589277423032e+03
-1.363865613937377930e+00,5.476664066314697266e+00,4.253150463104248047e+00,9.539588540792465210e-02,1.817603716859279757e+03
9.113857895135879517e-02,4.686383724212646484e+00,4.645435810089111328e+00,1.063762232661247253e-01,1.806731406013627975e+03
1.347072422504425049e-01,4.622709274291992188e+00,4.703796863555908203e+00,1.009747982025146484e-01,8.843105458480164316e+02
2.402450799942016602e+00,2.601263999938964844e+00,6.353683471679687500e+00,1.102711558341979980e-01,1.003401268620173710e+03
3.411250829696655273e+00,2.199314594268798828e+00,7.099373817443847656e+00,1.132573634386062622e-01,1.161781670971626454e+03
5.632233142852783203e+00,2.232951879501342773e+00,7.827271461486816406e+00,1.058378368616104126e-01,2.205000000000000000e+03
6.489772319793701172e+00,2.692684650421142578e+00,7.765086174011230469e+00,9.853129833936691284e-02,2.205000000000000000e+03
7.899575233459472656e+00,3.436823844909667969e+00,6.855686187744140625e+00,7.242461293935775757e-02,2.205000000000000000e+03
8.085028648376464844e+00,3.546274423599243164e+00,6.701814651489257812e+00,4.387321695685386658e-02,1.391579228623087602e+03
1.263422679901123047e+01,6.097858428955078125e+00,1.604535818099975586e+00,2.283289097249507904e-02,1.384046630989097366e+03
1.260694217681884766e+01,6.116954326629638672e+00,1.622908949851989746e+00,1.423020940274000168e-02,1.682009518032175492e+03
8.103269577026367188e+00,3.999359369277954102e+00,2.669181823730468750e+00,1.697060838341712952e-02,1.569006793277997076e+03
7.994486331939697266e+00,3.826913356781005859e+00,2.589453697204589844e+00,4.200862348079681396e-02,1.858509810671266450e+03
7.200448989868164062e+00,1.393922090530395508e+00,9.992099404335021973e-01,5.961756035685539246e-02,1.799755964614465029e+03
7.504765033721923828e+00,1.310796141624450684e-01,5.999628305435180664e-01,7.732910662889480591e-02,1.711140851362018338e+03
8.502811431884765625e+00,-1.238532900810241699e+00,4.955182969570159912e-01,8.451837301254272461e-02,1.686618824988416691e+03
8.835230827331542969e+00,-1.395518898963928223e+00,5.411307811737060547e-01,7.530391216278076172e-02,1.661164445594213475e+03
8.951322555541992188e+00,-1.436888933181762695e+00,6.128583550453186035e-01,6.264896690845489502e-02,1.216205242806568094e+03
1.263942527770996094e+01,5.948113918304443359e+00,1.666148543357849121e+00,3.818824142217636108e-02,1.581513134542883563e+03
1.220871543884277344e+01,6.477675437927246094e+00,2.127224922180175781e+00,1.645933650434017181e-02,1.722474811596923473e+03
-2.593611776828765869e-01,4.980113983154296875e+00,4.564688682556152344e+00,3.264153376221656799e-02,1.876190304351774103e+03
-1.098640084266662598e+00,5.402041435241699219e+00,4.359880924224853516e+00,4.888321086764335632e-02,1.826356422976282147e+03
-1.128771185874938965e+00,5.399847030639648438e+00,4.352986812591552734e+00,6.256658583879470825e-02,1.812452553039676332e+03
-8.233486115932464600e-02,4.827126502990722656e+00,4.667758464813232422e+00,7.090196013450622559e-02,6.495065509346399040e+02
4.716192558407783508e-02,4.701501369476318359e+00,4.711009025573730469e+00,7.434909790754318237e-02,7.120945546110095847e+02
1.007613658905029297e+00,3.565866708755493164e+00,5.153147697448730469e+00,7.827051728963851929e-02,8.854755278610778078e+02
2.856180906295776367e+00,2.388681411743164062e+00,6.714901447296142578e+00,9.001173079013824463e-02,1.169763390063775432e+03
4.109975337982177734e+00,2.097727537155151367e+00,7.484538555145263672e+00,9.642793983221054077e-02,2.205000000000000000e+03
5.772426605224609375e+00,2.296077966690063477e+00,7.831420898437500000e+00,9.535515308380126953e-02,2.205000000000000000e+03
7.453533172607421875e+00,3.295628309249877930e+00,7.247411251068115234e+00,8.461754769086837769e-02,2.205000000000000000e+03
8.060758590698242188e+00,3.554429769515991211e+00,6.781824111938476562e+00,6.027968227863311768e-02,2.205000000000000000e+03
8.153618812561035156e+00,3.620830059051513672e+00,6.660132884979248047e+00,3.467723354697227478e-02,1.379826997638193916e+03
1.262020492553710938e+01,6.126460552215576172e+00,1.597112894058227539e+00,1.138782128691673279e-02,2.026170230244458480e+03
1.263653850555419922e+01,6.141947746276855469e+00,1.587218046188354492e+00,9.762458503246307373e-03,2.205000000000000000e+03
1.267494106292724609e+01,6.202356815338134766e+00,1.560035109519958496e+00,7.948988117277622223e-03,2.205000000000000000e+03
1.270023822784423828e+01,6.265961647033691406e+00,1.536134362220764160e+00,8.147528395056724548e-03,2.205000000000000000e+03
1.277859306335449219e+01,6.392895221710205078e+00,1.496401786804199219e+00,6.399438250809907913e-03,2.205000000000000000e+03
1.280506992340087891e+01,6.462863445281982422e+00,1.476523160934448242e+00,7.304241415113210678e-03,2.205000000000000000e+03
1.287917709350585938e+01,6.596123695373535156e+00,1.468500018119812012e+00,1.232140604406595230e-02,2.205000000000000000e+03
1.296702194213867188e+01,6.774329662322998047e+00,1.465429544448852539e+00,1.260741893202066422e-02,2.014061808216634745e+03
1.318572616577148438e+01,7.046543121337890625e+00,1.533076167106628418e+00,1.313715055584907532e-02,1.985544049403850977e+03
1.358543014526367188e+01,7.152859687805175781e+00,1.426256418228149414e+00,1.379512064158916473e-02,2.016300477113564511e+03
1.335778903961181641e+01,7.284086704254150391e+00,1.574864625930786133e+00,1.013890840113162994e-02,2.028118520427987278e+03
1.331534767150878906e+01,7.420660972595214844e+00,1.577359437942504883e+00,9.771648794412612915e-03,2.205000000000000000e+03
1.336686706542968750e+01,7.661534786224365234e+00,1.446327805519104004e+00,9.878433309495449066e-03,2.205000000000000000e+03
1.332291698455810547e+01,7.676295280456542969e+00,1.463096857070922852e+00,8.088877424597740173e-03,2.205000000000000000e+03
1.300916004180908203e+01,7.370394706726074219e+00,2.020598411560058594e+00,7.792563643306493759e-03,2.205000000000000000e+03
1.292072868347167969e+01,7.353149890899658203e+00,2.111258268356323242e+00,8.434717543423175812e-03,2.205000000000000000e+03
1.320926189422607422e+01,7.711391925811767578e+00,1.541679739952087402e+00,9.702866896986961365e-03,2.205000000000000000e+03
1.301374721527099609e+01,7.365691184997558594e+00,1.961617350578308105e+00,1.117267459630966187e-02,2.205000000000000000e+03
1.295365238189697266e+01,7.421421051025390625e+00,2.160182952880859375e+00,1.208549458533525467e-02,2.080440822985218347e+03
1.292099571228027344e+01,7.333808898925781250e+00,2.126437187194824219e+00,1.116240955889225006e-02,2.205000000000000000e+03
1.282389831542968750e+01,7.276563644409179688e+00,2.156470775604248047e+00,1.164069119840860367e-02,2.094632721987537934e+03
1.256043529510498047e+01,8.330365180969238281e+00,4.034143924713134766e+00,1.364449784159660339e-02,2.086239462993894449e+03
1.251623630523681641e+01,8.375769615173339844e+00,4.139351367950439453e+00,1.513709593564271927e-02,2.096637361545094791e+03
1.256426525115966797e+01,8.389100074768066406e+00,4.121628284454345703e+00,1.526827830821275711e-02,2.063427598877987293e+03
1.251806449890136719e+01,8.431177139282226562e+00,4.165563583374023438e+00,1.570441946387290955e-02,2.031427808297892852e+03
1.251629066467285156e+01,8.393200874328613281e+00,4.162446022033691406e+00,1.378247700631618500e-02,2.032799683823985333e+03
1.248553180694580078e+01,8.349253654479980469e+00,4.194177150726318359e+00,1.240450423210859299e-02,2.045193061554138467e+03
1.250920295715332031e+01,8.423633575439453125e+00,4.165318489074707031e+00,1.653380692005157471e-02,2.083570838464308963e+03
1.249840259552001953e+01,8.411931991577148438e+00,4.214727401733398438e+00,1.527120638638734818e-02,2.205000000000000000e+03
1.237452507019042969e+01,8.339780807495117188e+00,4.341051101684570312e+00,1.425441913306713104e-02,2.086765505283644870e+03
1.242486953735351562e+01,8.384015083312988281e+00,4.298949718475341797e+00,1.300226897001266479e-02,2.096573112938362101e+03
1.222777175903320312e+01,8.526718139648437500e+00,4.352063655853271484e+00,6.381499581038951874e-03,1.966224233938432690e+03
1.216453647613525391e+01,8.535238265991210938e+00,4.437799453735351562e+00,4.599530249834060669e-03,1.971171218913815210e+03
1.236873817443847656e+01,8.392527580261230469e+00,4.362833976745605469e+00,5.484213121235370636e-03,1.947048924704916544e+03
1.171260166168212891e+01,8.206100463867187500e+00,4.724652290344238281e+00,8.839649148285388947e-03,1.992404684365176763e+03
1.182635498046875000e+01,8.178673744201660156e+00,4.702718734741210938e+00,1.253444701433181763e-02,1.978903089388821854e+03
1.218475437164306641e+01,8.169494628906250000e+00,4.459672927856445312e+00,1.708081737160682678e-02,1.973757036464780413e+03
1.209831333160400391e+01,8.177761077880859375e+00,4.531675815582275391e+00,1.706127822399139404e-02,2.205000000000000000e+03
1.219746780395507812e+01,8.107248306274414062e+00,4.434103965759277344e+00,1.789311319589614868e-02,2.205000000000000000e+03
1.231755828857421875e+01,7.895126819610595703e+00,4.269347190856933594e+00,2.056772075593471527e-02,2.205000000000000000e+03
1.258493423461914062e+01,7.476935386657714844e+00,4.145617485046386719e+00,1.860233210027217865e-02,2.205000000000000000e+03
1.259302330017089844e+01,7.448560237884521484e+00,4.143569469451904297e+00,1.975072175264358521e-02,2.205000000000000000e+03
1.260011959075927734e+01,7.420539855957031250e+00,4.161267280578613281e+00,1.815471053123474121e-02,2.205000000000000000e+03
1.267531299591064453e+01,7.299111366271972656e+00,4.236742973327636719e+00,1.342909783124923706e-02,2.205000000000000000e+03
1.363791751861572266e+01,7.377531528472900391e+00,2.516258716583251953e+00,1.723036356270313263e-02,2.205000000000000000e+03
1.366824722290039062e+01,7.361774921417236328e+00,2.391386747360229492e+00,1.720105670392513275e-02,2.205000000000000000e+03
1.375314044952392578e+01,7.372387409210205078e+00,2.354006767272949219e+00,1.785418950021266937e-02,2.205000000000000000e+03
1.418425178527832031e+01,7.237094402313232422e+00,1.691226005554199219e+00,1.740381121635437012e-02,2.205000000000000000e+03
1.418624114990234375e+01,7.233432769775390625e+00,1.666104674339294434e+00,1.258494425565004349e-02,2.205000000000000000e+03
1.418724250793457031e+01,7.257565498352050781e+00,1.663315057754516602e+00,1.120713166892528534e-02,2.018166453291176822e+03
1.422016525268554688e+01,7.229075431823730469e+00,1.508234739303588867e+00,9.935672394931316376e-03,1.919340570491330482e+03
1.407870864868164062e+01,7.249030590057373047e+00,1.286271572113037109e+00,1.232553832232952118e-02,1.926003877987816850e+03
1.400897598266601562e+01,7.207096576690673828e+00,1.250371813774108887e+00,1.155649684369564056e-02,1.934471711070377978e+03
1.381253814697265625e+01,6.872403621673583984e+00,1.278824567794799805e+00,1.337597519159317017e-02,2.040396309926808271e+03
1.392804431915283203e+01,6.784726142883300781e+00,1.231694221496582031e+00,1.557756029069423676e-02,2.029152728557861110e+03
1.398247623443603516e+01,7.194345474243164062e+00,1.215447664260864258e+00,1.453942246735095978e-02,2.011573996872351927e+03
1.393897438049316406e+01,7.280038356781005859e+00,1.182680606842041016e+00,1.457547303289175034e-02,2.005316231232669679e+03
1.389985370635986328e+01,7.285912513732910156e+00,1.210102081298828125e+00,1.384974364191293716e-02,2.015061950360283618e+03
1.393387413024902344e+01,7.285988807678222656e+00,1.199603557586669922e+00,1.193772349506616592e-02,2.033266381710350515e+03
1.381764602661132812e+01,7.437403678894042969e+00,1.191798925399780273e+00,9.990291669964790344e-03,2.027525163313824805e+03
1.354904937744140625e+01,7.808952331542968750e+00,1.180622220039367676e+00,9.176637977361679077e-03,2.020055855505490626e+03
1.342976284027099609e+01,7.943688392639160156e+00,1.193701863288879395e+00,7.958071306347846985e-03,2.025730875546596963e+03
1.340171432495117188e+01,8.008852005004882812e+00,1.175038814544677734e+00,9.789805859327316284e-03,2.023843691821639140e+03
1.338648986816406250e+01,8.025836944580078125e+00,1.186262249946594238e+00,1.140736415982246399e-02,2.012882731398436817e+03
1.331141567230224609e+01,8.142478942871093750e+00,1.189555287361145020e+00,1.175641175359487534e-02,2.060636873740163082e+03
1.330766773223876953e+01,8.179284095764160156e+00,1.170543670654296875e+00,1.285278890281915665e-02,2.020729375485685750e+03
1.329291343688964844e+01,8.179708480834960938e+00,1.178822875022888184e+00,1.067605521529912949e-02,2.019461570775076098e+03
1.324211215972900391e+01,8.307551383972167969e+00,1.162957072257995605e+00,9.192849509418010712e-03,2.026971876881298385e+03
1.312169933319091797e+01,8.613370895385742188e+00,1.120416283607482910e+00,8.937428705394268036e-03,2.006311962086900394e+03
1.312365341186523438e+01,8.595061302185058594e+00,1.125199198722839355e+00,8.929532021284103394e-03,6.523668639053254026e+01
1.311267089843750000e+01,8.621367454528808594e+00,1.127251744270324707e+00,1.091375574469566345e-02,2.205000000000000000e+03
1.306537342071533203e+01,8.708961486816406250e+00,1.139498710632324219e+00,1.187658309936523438e-02,2.205000000000000000e+03
1.300547122955322266e+01,8.859455108642578125e+00,1.157077312469482422e+00,1.309476420283317566e-02,1.993535986856234786e+03
1.321045780181884766e+01,8.237726211547851562e+00,1.238106250762939453e+00,1.211648527532815933e-02,1.903594321108384293e+03
1.331078052520751953e+01,7.429235935211181641e+00,1.528389573097229004e+00,1.298830285668373108e-02,1.950495119495441259e+03
1.349434566497802734e+01,7.162398815155029297e+00,1.474023580551147461e+00,1.626214385032653809e-02,1.915779557307962932e+03
1.381501007080078125e+01,6.877032279968261719e+00,1.288891911506652832e+00,1.708029769361019135e-02,1.874246475022148616e+03
1.397145938873291016e+01,6.711589336395263672e+00,1.191853046417236328e+00,1.740451157093048096e-02,1.936044308591331173e+03
1.397943782806396484e+01,6.695699214935302734e+00,1.202854752540588379e+00,1.697802916169166565e-02,1.981158040762820974e+03
1.392556095123291016e+01,6.723865509033203125e+00,1.199254870414733887e+00,1.366050820797681808e-02,1.895887194083581107e+03
1.409269142150878906e+01,6.654694557189941406e+00,1.175899624824523926e+00,1.128650922328233719e-02,1.853064469774377130e+03
1.409979724884033203e+01,6.629503726959228516e+00,1.185863256454467773e+00,1.077513676136732101e-02,1.811174818628695448e+03
1.414361572265625000e+01,6.579970836639404297e+00,1.121222853660583496e+00,1.169301476329565048e-02,1.809978746601209650e+03
1.417009735107421875e+01,6.581602573394775391e+00,1.100585818290710449e+00,1.305713411420583725e-02,1.733474428155516989e+03
1.415440273284912109e+01,6.551625251770019531e+00,1.091457247734069824e+00,1.307453960180282593e-02,1.721752509774800728e+03
1.415876388549804688e+01,6.537775039672851562e+00,1.073714733123779297e+00,1.287634391337633133e-02,1.712995863426760025e+03
1.417030906677246094e+01,6.561071872711181641e+00,1.107020378112792969e+00,1.043201331049203873e-02,1.683324269567692909e+03
1.418033123016357422e+01,6.603791236877441406e+00,1.145389556884765625e+00,8.319550193846225739e-03,1.714529807384050628e+03
1.415721607208251953e+01,6.613701820373535156e+00,1.127686142921447754e+00,9.363309480249881744e-03,1.717528455619719352e+03
1.418760204315185547e+01,6.561592578887939453e+00,1.093806743621826172e+00,8.470907807350158691e-03,1.729767548192001641e+03
1.413070201873779297e+01,6.591430187225341797e+00,1.129559874534606934e+00,7.651009596884250641e-03,1.742862943682975811e+03
1.409776878356933594e+01,6.683863639831542969e+00,1.197370409965515137e+00,6.911133415997028351e-03,1.772845530253614697e+03
1.413378906250000000e+01,6.659415721893310547e+00,1.154957652091979980e+00,7.131056394428014755e-03,1.818123403253019887e+03
1.407139301300048828e+01,6.804489135742187500e+00,1.226356506347656250e+00,9.719212539494037628e-03,1.843327642903727110e+03
1.412465572357177734e+01,6.833133697509765625e+00,1.237299203872680664e+00,1.010856032371520996e-02,1.817041166491941794e+03
1.410961246490478516e+01,6.877032756805419922e+00,1.264038085937500000e+00,1.021976117044687271e-02,1.813929890498340910e+03
1.409267711639404297e+01,7.021093845367431641e+00,1.342924237251281738e+00,9.784067980945110321e-03,1.843847071161718077e+03
1.407398796081542969e+01,7.056367874145507812e+00,1.368283152580261230e+00,8.756539784371852875e-03,1.849405086083719198e+03
1.402091884613037109e+01,7.084387779235839844e+00,1.444760799407958984e+00,8.407853543758392334e-03,1.869189646305491806e+03
1.396634197235107422e+01,7.147711753845214844e+00,1.540506720542907715e+00,1.041920203715562820e-02,1.851153905643348480e+03
1.400869178771972656e+01,7.140928745269775391e+00,1.630714893341064453e+00,1.247173268347978592e-02,1.991861827508628949e+03
1.404549503326416016e+01,7.110197544097900391e+00,1.567154407501220703e+00,1.276648510247468948e-02,1.957150763390579868e+03
1.416899013519287109e+01,7.133059978485107422e+00,1.750135779380798340e+00,1.296173501759767532e-02,2.037877147435714733e+03
1.420466136932373047e+01,7.153703689575195312e+00,1.803069114685058594e+00,1.224582083523273468e-02,1.858439303089793611e+03
1.422685813903808594e+01,7.092419624328613281e+00,1.873637318611145020e+00,1.247467845678329468e-02,1.825916313209578675e+03
1.414181327819824219e+01,7.152860164642333984e+00,1.935421228408813477e+00,1.146937068551778793e-02,1.772605171700916344e+03
1.418060874938964844e+01,7.144321918487548828e+00,1.977918148040771484e+00,1.084664091467857361e-02,1.731111082091706521e+03
1.422503948211669922e+01,7.119098663330078125e+00,1.912136554718017578e+00,9.969187900424003601e-03,1.727299108057312424e+03
1.424728870391845703e+01,7.136173725128173828e+00,1.915241122245788574e+00,6.830185186117887497e-03,1.631065305988651289e+03
1.424298763275146484e+01,7.110776424407958984e+00,1.877002477645874023e+00,6.150523200631141663e-03,2.205000000000000000e+03
1.424179077148437500e+01,7.172297477722167969e+00,1.958055138587951660e+00,7.342854980379343033e-03,2.205000000000000000e+03
1.422128200531005859e+01,7.121525764465332031e+00,1.933390617370605469e+00,7.062280084937810898e-03,1.946893588663230730e+03
1.420873165130615234e+01,7.161085128784179688e+00,1.823277235031127930e+00,9.808575734496116638e-03,1.873902161790248101e+03
1.421223926544189453e+01,7.190024852752685547e+00,1.750952720642089844e+00,1.376241166144609451e-02,2.205000000000000000e+03
1.422640228271484375e+01,7.212427616119384766e+00,1.708815097808837891e+00,1.571663841605186462e-02,2.205000000000000000e+03
1.423639106750488281e+01,7.190648078918457031e+00,1.565454363822937012e+00,1.550831645727157593e-02,2.205000000000000000e+03
1.426426601409912109e+01,7.170033454895019531e+00,1.406361579895019531e+00,1.413445733487606049e-02,2.205000000000000000e+03
1.423694515228271484e+01,7.136692047119140625e+00,1.287679076194763184e+00,1.123585738241672516e-02,2.052072481315552068e+03
1.432726001739501953e+01,7.123003959655761719e+00,1.185906052589416504e+00,8.167820051312446594e-03,1.962711523577468824e+03
1.432124423980712891e+01,7.086858749389648438e+00,1.167987704277038574e+00,1.082607265561819077e-02,1.811716519720045653e+03
1.433430099487304688e+01,7.109337329864501953e+00,1.172469377517700195e+00,1.118512731045484543e-02,1.807630994663664978e+03
1.436345863342285156e+01,7.154658317565917969e+00,1.176108956336975098e+00,1.189198531210422516e-02,1.891927959376336730e+03
1.435939121246337891e+01,7.135035037994384766e+00,1.170393228530883789e+00,1.254975609481334686e-02,1.842841715081183793e+03
1.435575771331787109e+01,7.145187854766845703e+00,1.145019292831420898e+00,1.259102951735258102e-02,1.842710712292307335e+03
1.437866783142089844e+01,7.113880157470703125e+00,1.116184473037719727e+00,1.179264299571514130e-02,1.813566126047102898e+03
1.438491344451904297e+01,7.127262115478515625e+00,1.116694569587707520e+00,1.266065053641796112e-02,1.894259571999370564e+03
1.436236000061035156e+01,7.147971153259277344e+00,1.161162614822387695e+00,1.550047472119331360e-02,1.860226769023258385e+03
1.258197689056396484e+01,6.539166450500488281e+00,2.273575067520141602e+00,1.877700537443161011e-02,2.205000000000000000e+03
8.196372032165527344e+00,3.920788049697875977e+00,2.654028177261352539e+00,3.112931363284587860e-02,1.824872808593335776e+03
7.305799007415771484e+00,7.709453105926513672e-01,7.722662091255187988e-01,5.877793580293655396e-02,1.698509660529521852e+03
7.541566848754882812e+00,-8.878192305564880371e-02,5.277293920516967773e-01,7.397297024726867676e-02,1.650517965468462080e+03
8.652684211730957031e+00,-1.440701961517333984e+00,5.110399127006530762e-01,7.378283143043518066e-02,1.650106905634723717e+03
8.985490798950195312e+00,-1.567571282386779785e+00,6.633475422859191895e-01,6.967683136463165283e-02,1.223442798528807316e+03
9.077915191650390625e+00,-1.501621365547180176e+00,7.614474296569824219e-01,4.820965230464935303e-02,1.583208241597325696e+03
1.225946903228759766e+01,6.120961666107177734e+00,1.885654926300048828e+00,1.687043905258178711e-02,1.169959463379913359e+03
1.449365019798278809e-01,4.899849891662597656e+00,4.277060985565185547e+00,2.475224435329437256e-02,1.963830904257933980e+03
-8.857434391975402832e-01,5.392979145050048828e+00,3.968579530715942383e+00,3.615907579660415649e-02,1.840106146191528296e+03
-1.351550817489624023e+00,5.471017360687255859e+00,4.248287200927734375e+00,4.781844466924667358e-02,1.825684494117098893e+03
-9.945882558822631836e-01,5.289924144744873047e+00,4.213070392608642578e+00,5.645983293652534485e-02,1.817057905422969270e+03
6.741403788328170776e-02,4.710141181945800781e+00,4.653395652770996094e+00,6.079759821295738220e-02,1.804950537203307476e+03
1.082845687866210938e+00,3.507206439971923828e+00,5.218841552734375000e+00,7.207721471786499023e-02,1.787910464873868932e+03
3.070182561874389648e+00,2.344633102416992188e+00,6.832944393157958984e+00,8.379950374364852905e-02,8.846151980202962477e+02
4.904697418212890625e+00,2.161177158355712891e+00,7.706338405609130859e+00,8.827221393585205078e-02,2.205000000000000000e+03
5.828711509704589844e+00,2.331240415573120117e+00,7.760391235351562500e+00,8.641408383846282959e-02,2.205000000000000000e+03
7.919558525085449219e+00,3.464668512344360352e+00,6.839178085327148438e+00,7.285607606172561646e-02,2.205000000000000000e+03
8.066068649291992188e+00,3.506131172180175781e+00,6.688067913055419922e+00,5.005836114287376404e-02,1.400561185929326257e+03
1.271303081512451172e+01,6.012054443359375000e+00,1.687604904174804688e+00,2.742295712232589722e-02,1.393670568599443413e+03
1.268607616424560547e+01,5.968466281890869141e+00,1.739286303520202637e+00,1.281302422285079956e-02,2.205000000000000000e+03
8.070771217346191406e+00,3.929043292999267578e+00,2.638184547424316406e+00,2.480429783463478088e-02,1.986830849038387214e+03
7.934916973114013672e+00,3.597864151000976562e+00,2.508936405181884766e+00,6.501024216413497925e-02,1.829566138665584958e+03
7.292121410369873047e+00,8.690615892410278320e-01,8.037942051887512207e-01,9.520101547241210938e-02,1.316014529388753544e+03
7.537173271179199219e+00,-8.263482153415679932e-02,5.217593312263488770e-01,1.228883117437362671e-01,1.706462841757130718e+03
8.593017578125000000e+00,-1.337996363639831543e+00,4.720271527767181396e-01,1.280384361743927002e-01,1.693713267905040993e+03
8.793466567993164062e+00,-1.414192795753479004e+00,5.663037300109863281e-01,1.130754202604293823e-01,1.668453959412574932e+03
8.982296943664550781e+00,-1.439508676528930664e+00,6.353963613510131836e-01,8.931043744087219238e-02,1.221089063562465299e+03
1.256581592559814453e+01,6.000376224517822266e+00,1.667929887771606445e+00,4.421269893646240234e-02,1.584615978962065810e+03
1.917131245136260986e-01,4.935428619384765625e+00,4.297573089599609375e+00,2.739259600639343262e-02,1.374251316197319284e+03
-7.682514190673828125e-01,5.345063686370849609e+00,3.891277074813842773e+00,4.765634611248970032e-02,1.885548448878332465e+03
-1.462406158447265625e+00,5.517161369323730469e+00,4.218096733093261719e+00,6.199833005666732788e-02,1.831941376698070371e+03
-1.275728940963745117e+00,5.434666633605957031e+00,4.238432884216308594e+00,7.971331477165222168e-02,1.814441187096092108e+03
1.049207895994186401e-01,4.625600337982177734e+00,4.623620986938476562e+00,8.811417967081069946e-02,7.115315596208022271e+02
1.566309034824371338e-01,4.489850521087646484e+00,4.627324104309082031e+00,8.805031329393386841e-02,7.885865314184026147e+02
8.776947855949401855e-01,3.656950712203979492e+00,5.031336307525634766e+00,9.335748851299285889e-02,8.841346091382074519e+02
2.989787817001342773e+00,2.360579490661621094e+00,6.797122001647949219e+00,1.081196516752243042e-01,1.168496786458044880e+03
4.324337959289550781e+00,2.086664199829101562e+00,7.588229179382324219e+00,1.102804839611053467e-01,2.205000000000000000e+03
5.903248786926269531e+00,2.373682260513305664e+00,7.898917198181152344e+00,1.077009961009025574e-01,2.205000000000000000e+03
7.523199081420898438e+00,3.490556478500366211e+00,7.340914726257324219e+00,9.525505453348159790e-02,2.205000000000000000e+03
8.198351860046386719e+00,4.037065505981445312e+00,6.831710338592529297e+00,5.936853960156440735e-02,1.396414791262707695e+03
8.517517089843750000e+00,4.403215885162353516e+00,6.478921413421630859e+00,3.238943964242935181e-02,2.061336031706184713e+03
9.598183631896972656e+00,6.063676357269287109e+00,3.923655033111572266e+00,1.118746772408485413e-02,2.205000000000000000e+03
8.538733482360839844e+00,4.622535228729248047e+00,3.124675273895263672e+00,1.466073095798492432e-02,2.205000000000000000e+03
7.794912815093994141e+00,3.890844583511352539e+00,2.548919200897216797e+00,4.461092874407768250e-02,1.885948683715800826e+03
7.315886974334716797e+00,2.030349254608154297e+00,1.420769929885864258e+00,8.232280611991882324e-02,1.791748443300617282e+03
7.260923385620117188e+00,7.565571069717407227e-01,7.315276861190795898e-01,1.175124198198318481e-01,1.703474819328054537e+03
7.696754932403564453e+00,-7.985790967941284180e-01,3.868773281574249268e-01,1.291815936565399170e-01,1.682371773880727687e+03
8.309967041015625000e+00,-1.790476441383361816e+00,5.974185466766357422e-01,1.221400722861289978e-01,1.674653171932527357e+03
8.945056915283203125e+00,-1.844040513038635254e+00,1.291258454322814941e+00,1.008046269416809082e-01,1.223992731494921145e+03
9.533174514770507812e+00,-1.410802483558654785e+00,1.313528895378112793e+00,5.557769536972045898e-02,1.585397300432118072e+03
8.960035324096679688e+00,4.965686798095703125e+00,3.087353467941284180e+00,1.481609698385000229e-02,1.708560205782622916e+03
-3.169175088405609131e-01,4.746055603027343750e+00,3.869180202484130859e+00,3.437758982181549072e-02,1.855060008769001342e+03
-1.286578536033630371e+00,5.270837783813476562e+00,3.720480203628540039e+00,5.255376920104026794e-02,1.802898328088370363e+03
-1.653075695037841797e+00,5.383422374725341797e+00,3.818005800247192383e+00,6.492657214403152466e-02,7.890854881208659890e+02
1.967813968658447266e-01,4.009504318237304688e+00,4.415056228637695312e+00,7.353401184082031250e-02,7.890456438045761161e+02
4.229297637939453125e-01,4.230380535125732422e+00,4.354863166809082031e+00,7.524514943361282349e-02,8.840297049549404846e+02
2.071554183959960938e+00,2.805195331573486328e+00,6.034643173217773438e+00,9.535578638315200806e-02,1.730014290885072114e+03
3.275044918060302734e+00,2.301494121551513672e+00,7.043643474578857422e+00,1.213822513818740845e-01,2.205000000000000000e+03
4.842462539672851562e+00,2.103082895278930664e+00,7.810385227203369141e+00,1.311064213514328003e-01,2.205000000000000000e+03
6.261409282684326172e+00,2.556082725524902344e+00,7.915355205535888672e+00,1.321750134229660034e-01,2.205000000000000000e+03
7.813838481903076172e+00,4.194089889526367188e+00,7.296368598937988281e+00,1.115415245294570923e-01,2.205000000000000000e+03
8.075547218322753906e+00,4.379105567932128906e+00,7.063689231872558594e+00,7.311708480119705200e-02,1.390704478859588107e+03
9.361927986145019531e+00,5.535862445831298828e+00,4.432785987854003906e+00,3.953121602535247803e-02,2.068253442115028520e+03
9.465768814086914062e+00,5.521379947662353516e+00,3.745037555694580078e+00,7.719691842794418335e-03,1.383921456251780228e+03
1.034070396423339844e+01,6.015434265136718750e+00,3.844009399414062500e+00,8.602236397564411163e-03,1.586311104316116825e+03
8.067748069763183594e+00,4.280313014984130859e+00,2.840184926986694336e+00,1.470436062663793564e-02,1.558618611706859383e+03
7.723349094390869141e+00,3.661777019500732422e+00,2.453912258148193359e+00,5.596824362874031067e-02,1.840662209100608607e+03
7.227087020874023438e+00,1.696101307868957520e+00,1.189673185348510742e+00,9.328049421310424805e-02,1.310536005186124157e+03
7.365959167480468750e+00,1.833223365247249603e-02,4.345546960830688477e-01,1.222169771790504456e-01,1.699160880846640339e+03
7.697419166564941406e+00,-1.117577075958251953e+00,3.046118915081024170e-01,1.326620131731033325e-01,1.681419715956648815e+03
8.812774658203125000e+00,-2.146279335021972656e+00,7.690614461898803711e-01,1.212774142622947693e-01,1.662973726801294561e+03
9.006166458129882812e+00,-1.988030791282653809e+00,1.121422171592712402e+00,9.555705636739730835e-02,1.217018080230886198e+03
9.518540382385253906e+00,-1.566105961799621582e+00,1.280482769012451172e+00,5.347015336155891418e-02,1.580439814721071116e+03
1.031391739845275879e+00,4.513684749603271484e+00,3.702820301055908203e+00,1.779420301318168640e-02,1.715081165306376761e+03
-4.157886505126953125e-01,4.729128837585449219e+00,3.763188838958740234e+00,3.247075155377388000e-02,9.545151800822920904e+02
-1.656243443489074707e+00,5.384283542633056641e+00,3.765120506286621094e+00,4.879898950457572937e-02,1.831940470760714106e+03
-1.638891816139221191e+00,5.368958950042724609e+00,3.845471620559692383e+00,5.961577966809272766e-02,1.820267577457238531e+03
1.903814822435379028e-02,4.254372119903564453e+00,4.443499088287353516e+00,6.634990125894546509e-02,1.815041437201603912e+03
2.116627544164657593e-01,4.261805057525634766e+00,4.435217380523681641e+00,6.766679137945175171e-02,1.800595817372301553e+03
8.010500073432922363e-01,3.725737094879150391e+00,4.954432964324951172e+00,7.214291393756866455e-02,7.867543206533659941e+02
2.950339555740356445e+00,2.418539524078369141e+00,6.743725776672363281e+00,8.556859195232391357e-02,1.169829858769531029e+03
4.230149269104003906e+00,2.119720458984375000e+00,7.511487007141113281e+00,9.199582040309906006e-02,2.205000000000000000e+03
5.758237361907958984e+00,2.283064126968383789e+00,7.838071823120117188e+00,9.152462333440780640e-02,2.205000000000000000e+03
7.672851085662841797e+00,3.382594585418701172e+00,7.064566612243652344e+00,8.027729392051696777e-02,2.205000000000000000e+03
8.116053581237792969e+00,3.583833932876586914e+00,6.674075603485107422e+00,5.632382631301879883e-02,1.404431667105377301e+03
1.263860988616943359e+01,6.023129463195800781e+00,1.672004222869873047e+00,3.067165799438953400e-02,2.057896212778824520e+03
1.268516254425048828e+01,6.039764881134033203e+00,1.670158863067626953e+00,1.226628851145505905e-02,2.205000000000000000e+03
1.280749034881591797e+01,6.056890964508056641e+00,1.668557882308959961e+00,1.217772159725427628e-02,2.205000000000000000e+03
1.292970275878906250e+01,6.074813365936279297e+00,1.621724247932434082e+00,1.116813160479068756e-02,2.205000000000000000e+03
1.290282058715820312e+01,6.057980537414550781e+00,1.623141407966613770e+00,1.042016688734292984e-02,1.662311508548113807e+03
1.302303314208984375e+01,6.071283340454101562e+00,1.543463706970214844e+00,7.117293309420347214e-03,1.668074619277037300e+03
1.349293327331542969e+01,6.146857738494873047e+00,1.382339715957641602e+00,5.588566884398460388e-03,1.671190048317415858e+03
1.357048988342285156e+01,6.156020641326904297e+00,1.361338257789611816e+00,6.875093560665845871e-03,1.628387757247633544e+03
1.365238380432128906e+01,6.192013263702392578e+00,1.308457970619201660e+00,6.448429077863693237e-03,1.618058396369115826e+03
1.372038650512695312e+01,6.215002536773681641e+00,1.277310967445373535e+00,5.803111940622329712e-03,1.589056178100445550e+03
1.374297904968261719e+01,6.217801570892333984e+00,1.307393908500671387e+00,6.190427578985691071e-03,1.582140769947274521e+03
1.376358222961425781e+01,6.242827415466308594e+00,1.287646889686584473e+00,4.792622290551662445e-03,1.549470148682570880e+03
1.377379989624023438e+01,6.255489826202392578e+00,1.277633905410766602e+00,5.642316304147243500e-03,1.552214349520547330e+03
1.376927185058593750e+01,6.242024898529052734e+00,1.280431151390075684e+00,8.308756165206432343e-03,1.566406492767683403e+03
1.384924793243408203e+01,6.301140785217285156e+00,1.323508739471435547e+00,7.757843006402254105e-03,1.926231323149645050e+03
1.425139999389648438e+01,6.823665142059326172e+00,1.675357818603515625e+00,8.344761095941066742e-03,1.954623441532302422e+03
1.426447010040283203e+01,6.832066535949707031e+00,1.662296891212463379e+00,9.787608869373798370e-03,1.964918701437697791e+03
1.428454113006591797e+01,6.853085517883300781e+00,1.706932783126831055e+00,1.005186606198549271e-02,1.966338443051693957e+03
1.427842998504638672e+01,6.873264789581298828e+00,1.728481650352478027e+00,1.122135948389768600e-02,1.977380903154670705e+03
1.425241565704345703e+01,6.963029861450195312e+00,1.775532484054565430e+00,1.087429746985435486e-02,1.908342690841260264e+03
1.421341514587402344e+01,7.121747493743896484e+00,1.920509576797485352e+00,9.966063313186168671e-03,1.818520154310277576e+03
1.409851455688476562e+01,7.216143608093261719e+00,2.009581804275512695e+00,7.777933031320571899e-03,2.205000000000000000e+03
1.389866065979003906e+01,7.369317531585693359e+00,2.157722711563110352e+00,6.325914990156888962e-03,2.205000000000000000e+03
1.379625988006591797e+01,9.244379997253417969e+00,9.984107017517089844e-01,6.674123462289571762e-03,2.205000000000000000e+03
1.376976299285888672e+01,9.355928421020507812e+00,9.440929889678955078e-01,7.809872739017009735e-03,2.205000000000000000e+03
1.370754623413085938e+01,9.333448410034179688e+00,9.698428511619567871e-01,8.887621574103832245e-03,2.205000000000000000e+03
1.334918785095214844e+01,9.238420486450195312e+00,1.040262699127197266e+00,8.901494555175304413e-03,2.205000000000000000e+03
1.289239120483398438e+01,9.213120460510253906e+00,1.129696965217590332e+00,8.923322893679141998e-03,2.205000000000000000e+03
1.277900123596191406e+01,9.365879058837890625e+00,1.143684744834899902e+00,8.629032410681247711e-03,2.205000000000000000e+03
1.277296733856201172e+01,9.342200279235839844e+00,1.165758490562438965e+00,9.585367515683174133e-03,2.205000000000000000e+03
1.267319011688232422e+01,9.511620521545410156e+00,1.147528529167175293e+00,1.081761252135038376e-02,2.205000000000000000e+03
1.256657123565673828e+01,9.684377670288085938e+00,1.175191640853881836e+00,1.124767772853374481e-02,2.205000000000000000e+03
1.252065944671630859e+01,9.774955749511718750e+00,1.207187891006469727e+00,1.003990508615970612e-02,2.205000000000000000e+03
1.255518722534179688e+01,9.724511146545410156e+00,1.176244854927062988e+00,8.352188393473625183e-03,6.523668639053254026e+01
1.260321521759033203e+01,9.631894111633300781e+00,1.160684347152709961e+00,8.840011432766914368e-03,6.523668639053254026e+01
1.263335895538330078e+01,9.630367279052734375e+00,1.104292392730712891e+00,7.661290001124143600e-03,6.523668639053254026e+01
1.263126468658447266e+01,9.644984245300292969e+00,1.104203224182128906e+00,7.927256636321544647e-03,6.546915493125527519e+01
1.260339736938476562e+01,9.658141136169433594e+00,1.132122874259948730e+00,8.530246093869209290e-03,6.523668639053254026e+01
1.260044479370117188e+01,9.665119171142578125e+00,1.132642507553100586e+00,8.698672987520694733e-03,8.035087260137582632e+01
1.261405754089355469e+01,9.634595870971679688e+00,1.117085814476013184e+00,1.024349685758352280e-02,2.205000000000000000e+03
1.251011085510253906e+01,9.698478698730468750e+00,1.151598095893859863e+00,1.129479520022869110e-02,2.205000000000000000e+03
1.252747344970703125e+01,9.712545394897460938e+00,1.156156063079833984e+00,1.093172654509544373e-02,5.769181134699334734e+02
1.217471122741699219e+01,1.008789634704589844e+01,1.303867101669311523e+00,9.182996116578578949e-03,5.271078452475467202e+02
1.184720993041992188e+01,1.046773338317871094e+01,1.432630896568298340e+00,7.783099077641963959e-03,5.198170963395650688e+02
1.177422904968261719e+01,1.055976200103759766e+01,1.313834547996520996e+00,6.012757308781147003e-03,6.523668639053254026e+01
1.188540935516357422e+01,1.046606540679931641e+01,1.396158933639526367e+00,5.050854291766881943e-03,6.523668639053254026e+01
1.206530857086181641e+01,1.017409038543701172e+01,1.343408703804016113e+00,4.951936658471822739e-03,6.523668639053254026e+01
1.232261753082275391e+01,1.004486465454101562e+01,1.299338817596435547e+00,5.493797361850738525e-03,6.523668639053254026e+01
1.251395320892333984e+01,9.757691383361816406e+00,1.185946226119995117e+00,5.652310326695442200e-03,6.523668639053254026e+01
1.249891948699951172e+01,9.712368011474609375e+00,1.178970098495483398e+00,6.026780232787132263e-03,6.523668639053254026e+01
1.245838928222656250e+01,9.671487808227539062e+00,1.211543440818786621e+00,5.716443527489900589e-03,6.523668639053254026e+01
1.403744983673095703e+01,9.350050926208496094e+00,8.241312503814697266e-01,6.280687171965837479e-03,2.205000000000000000e+03
1.411068534851074219e+01,9.347441673278808594e+00,8.222840428352355957e-01,6.344350520521402359e-03,2.205000000000000000e+03
1.410058975219726562e+01,9.363575935363769531e+00,8.111988306045532227e-01,8.193887770175933838e-03,2.205000000000000000e+03
1.418429088592529297e+01,9.461447715759277344e+00,7.085154652595520020e-01,1.023762114346027374e-02,2.205000000000000000e+03
1.425330543518066406e+01,9.483162879943847656e+00,6.705068945884704590e-01,1.442934013903141022e-02,2.205000000000000000e+03
1.387777996063232422e+01,9.611826896667480469e+00,8.093074560165405273e-01,1.578439958393573761e-02,2.205000000000000000e+03
1.400545024871826172e+01,9.616295814514160156e+00,7.207079529762268066e-01,1.579214259982109070e-02,2.205000000000000000e+03
1.414241790771484375e+01,9.541955947875976562e+00,6.772615909576416016e-01,1.476659718900918961e-02,2.205000000000000000e+03
1.411320781707763672e+01,9.520707130432128906e+00,7.010660171508789062e-01,1.014810614287853241e-02,2.205000000000000000e+03
1.414959239959716797e+01,9.502723693847656250e+00,7.045010924339294434e-01,7.488543167710304260e-03,2.205000000000000000e+03
1.421510696411132812e+01,9.467606544494628906e+00,6.821381449699401855e-01,6.526728160679340363e-03,2.205000000000000000e+03
1.424640750885009766e+01,9.488204002380371094e+00,6.423526406288146973e-01,6.189139559864997864e-03,2.205000000000000000e+03
1.419066905975341797e+01,9.497717857360839844e+00,6.766737103462219238e-01,6.013314705342054367e-03,2.205000000000000000e+03
1.416014480590820312e+01,9.469275474548339844e+00,7.230120897293090820e-01,8.497665636241436005e-03,2.205000000000000000e+03
1.415754413604736328e+01,9.358199119567871094e+00,8.008764982223510742e-01,8.155290037393569946e-03,2.205000000000000000e+03
1.413656520843505859e+01,9.317792892456054688e+00,8.507136106491088867e-01,8.256202563643455505e-03,2.205000000000000000e+03
1.399464607238769531e+01,9.332404136657714844e+00,9.070149064064025879e-01,8.385548368096351624e-03,2.205000000000000000e+03
1.384798717498779297e+01,9.373202323913574219e+00,9.561349153518676758e-01,6.482807453721761703e-03,2.205000000000000000e+03
1.384265613555908203e+01,9.426486968994140625e+00,9.215551614761352539e-01,7.362331729382276535e-03,2.205000000000000000e+03
1.377242565155029297e+01,9.443996429443359375e+00,9.445646405220031738e-01,8.433583192527294159e-03,2.205000000000000000e+03
1.370274162292480469e+01,9.410942077636718750e+00,9.847730994224548340e-01,9.142818860709667206e-03,2.205000000000000000e+03
1.368008041381835938e+01,9.466755867004394531e+00,9.782735705375671387e-01,1.111784297972917557e-02,2.205000000000000000e+03
1.370801734924316406e+01,9.567648887634277344e+00,8.937327861785888672e-01,1.033175457268953323e-02,2.205000000000000000e+03
1.367926216125488281e+01,9.677205085754394531e+00,8.849560022354125977e-01,1.380628999322652817e-02,2.205000000000000000e+03
1.354793453216552734e+01,9.738404273986816406e+00,9.434272646903991699e-01,1.494860183447599411e-02,2.205000000000000000e+03
1.357443714141845703e+01,9.792992591857910156e+00,9.001001119613647461e-01,1.451681926846504211e-02,2.205000000000000000e+03
1.392343139648437500e+01,9.626075744628906250e+00,7.737939357757568359e-01,1.441889256238937378e-02,2.205000000000000000e+03
1.393983650207519531e+01,9.653270721435546875e+00,7.506320476531982422e-01,1.050523575395345688e-02,1.027237146335222064e+02
1.403581619262695312e+01,9.578634262084960938e+00,7.230437994003295898e-01,1.004846580326557159e-02,2.205000000000000000e+03
1.404759979248046875e+01,9.551080703735351562e+00,7.161430120468139648e-01,9.194834157824516296e-03,2.205000000000000000e+03
1.398753166198730469e+01,9.514336585998535156e+00,8.058164715766906738e-01,9.421147406101226807e-03,2.205000000000000000e+03
1.410005760192871094e+01,9.407196044921875000e+00,8.064395785331726074e-01,1.200186461210250854e-02,2.205000000000000000e+03
1.420019817352294922e+01,9.401697158813476562e+00,7.632617354393005371e-01,1.320543885231018066e-02,2.205000000000000000e+03
1.420979881286621094e+01,9.436174392700195312e+00,7.284644842147827148e-01,1.415482722222805023e-02,2.205000000000000000e+03
1.422304916381835938e+01,9.422744750976562500e+00,7.314874529838562012e-01,1.517871208488941193e-02,2.205000000000000000e+03
1.423060226440429688e+01,9.405935287475585938e+00,7.539697885513305664e-01,1.508957799524068832e-02,2.205000000000000000e+03
1.419363975524902344e+01,9.378675460815429688e+00,7.789914011955261230e-01,1.352011039853096008e-02,2.205000000000000000e+03
1.425244903564453125e+01,9.419136047363281250e+00,7.191123366355895996e-01,1.184661034494638443e-02,2.205000000000000000e+03
1.426328277587890625e+01,9.458425521850585938e+00,6.837133765220642090e-01,1.096545252948999405e-02,2.205000000000000000e+03
1.424890613555908203e+01,9.449867248535156250e+00,6.990010142326354980e-01,8.029675111174583435e-03,2.205000000000000000e+03
1.427643108367919922e+01,9.489195823669433594e+00,6.387349367141723633e-01,7.238957099616527557e-03,2.205000000000000000e+03
1.429053401947021484e+01,9.481404304504394531e+00,6.420660614967346191e-01,9.820278733968734741e-03,2.205000000000000000e+03
1.430248928070068359e+01,9.522516250610351562e+00,6.357479691505432129e-01,1.269969251006841660e-02,2.205000000000000000e+03
1.429150199890136719e+01,9.546779632568359375e+00,6.232025623321533203e-01,1.530398987233638763e-02,2.205000000000000000e+03
1.428515434265136719e+01,9.516368865966796875e+00,6.396831870079040527e-01,1.665879786014556885e-02,2.205000000000000000e+03
1.428936672210693359e+01,9.512619972229003906e+00,6.356478333473205566e-01,1.541094295680522919e-02,2.205000000000000000e+03
1.431712722778320312e+01,9.512338638305664062e+00,6.189556717872619629e-01,1.276231557130813599e-02,2.205000000000000000e+03
1.056087493896484375e+01,8.447774887084960938e+00,1.981437683105468750e+00,1.517962384968996048e-02,2.205000000000000000e+03
9.024903297424316406e+00,5.003577232360839844e+00,2.985390901565551758e+00,2.189032547175884247e-02,1.857839149070599206e+03
7.977829456329345703e+00,3.494392871856689453e+00,2.541180849075317383e+00,4.668029770255088806e-02,1.710290117730237171e+03
7.301324844360351562e+00,7.177566885948181152e-01,7.049126029014587402e-01,6.786932051181793213e-02,1.640158497534195703e+03
8.160394668579101562e+00,-1.487404227256774902e+00,5.754943490028381348e-01,7.323098182678222656e-02,1.612234276495802533e+03
8.752097129821777344e+00,-2.056336641311645508e+00,8.956295847892761230e-01,7.169314473867416382e-02,1.610972506473262456e+03
8.917373657226562500e+00,-2.073013305664062500e+00,9.945173859596252441e-01,5.938958749175071716e-02,1.576652354984514886e+03
9.201428413391113281e+00,-1.440761327743530273e+00,1.192598938941955566e+00,3.431735560297966003e-02,2.205000000000000000e+03
8.734884262084960938e+00,5.918764591217041016e+00,3.407086849212646484e+00,1.801550947129726410e-02,2.205000000000000000e+03
1.186493318527936935e-02,4.920243263244628906e+00,3.856748104095458984e+00,2.254399284720420837e-02,1.220291092958171475e+03
-1.079699516296386719e+00,5.220120429992675781e+00,3.886145353317260742e+00,3.766347840428352356e-02,1.167889730883423681e+03
-1.279294133186340332e+00,5.216111660003662109e+00,3.972851514816284180e+00,5.614822357892990112e-02,1.162584306202773405e+03
3.538802266120910645e-01,4.036995410919189453e+00,4.519383430480957031e+00,6.435222923755645752e-02,1.161652316895170770e+03
5.225194096565246582e-01,3.971602439880371094e+00,4.632849693298339844e+00,6.779049336910247803e-02,1.386464582942679272e+03
2.329673767089843750e+00,2.643898487091064453e+00,6.279677867889404297e+00,7.788443565368652344e-02,1.709085270574643346e+03
3.849653005599975586e+00,2.079691171646118164e+00,7.375041007995605469e+00,8.219608664512634277e-02,2.205000000000000000e+03
5.201960563659667969e+00,2.175193071365356445e+00,7.961534023284912109e+00,8.325769752264022827e-02,2.205000000000000000e+03
6.437194347381591797e+00,2.665639400482177734e+00,7.842060089111328125e+00,8.046351373195648193e-02,2.205000000000000000e+03
8.115478515625000000e+00,3.928424119949340820e+00,6.777956962585449219e+00,6.406323611736297607e-02,2.205000000000000000e+03
8.325635910034179688e+00,4.188887596130371094e+00,6.573006629943847656e+00,4.334629699587821960e-02,2.066607826741447298e+03
9.512150764465332031e+00,6.129605770111083984e+00,3.925581693649291992e+00,2.926123328506946564e-02,2.046557032608508507e+03
8.836774826049804688e+00,4.901893615722656250e+00,3.269713640213012695e+00,2.850413508713245392e-02,2.205000000000000000e+03
8.113847732543945312e+00,4.108526706695556641e+00,2.753506183624267578e+00,3.499798104166984558e-02,1.861076896934172282e+03
7.986003398895263672e+00,3.352794885635375977e+00,2.439610004425048828e+00,4.404961690306663513e-02,1.776673231500580869e+03
7.374038696289062500e+00,6.607025265693664551e-01,7.483124136924743652e-01,5.125699564814567566e-02,1.721983182473341458e+03
8.538068771362304688e+00,-1.013947725296020508e+00,9.996087551116943359e-01,5.360093712806701660e-02,1.701426227054754690e+03
8.727910041809082031e+00,-1.201010823249816895e+00,1.081027507781982422e+00,4.876522347331047058e-02,1.684827556655300441e+03
8.821278572082519531e+00,-1.273377895355224609e+00,1.196695685386657715e+00,3.719879314303398132e-02,1.226964106380627300e+03
8.869438171386718750e+00,-1.251842737197875977e+00,1.213478922843933105e+00,2.429762855172157288e-02,1.594263828018961021e+03
9.476100921630859375e+00,6.174825191497802734e+00,3.481497049331665039e+00,1.130262576043605804e-02,1.617423980945778339e+03
7.607460618019104004e-01,4.637367248535156250e+00,4.007528305053710938e+00,1.437149196863174438e-02,2.001591186455967090e+03
-9.132452309131622314e-02,4.972592830657958984e+00,3.819743633270263672e+00,1.616908609867095947e-02,1.970640198062908894e+03
-9.751536250114440918e-01,5.016511917114257812e+00,3.982024192810058594e+00,1.989870704710483551e-02,1.009736437261357764e+03
3.601418137550354004e-01,4.418434619903564453e+00,4.205002307891845703e+00,2.642918564379215240e-02,1.007656342603715984e+03
4.971112310886383057e-01,4.433331489562988281e+00,4.187594890594482422e+00,2.886796370148658752e-02,8.833696523459167338e+02
4.890924394130706787e-01,4.402022361755371094e+00,4.228097438812255859e+00,2.871995232999324799e-02,1.005550985162824077e+03
1.916917324066162109e+00,2.977631807327270508e+00,5.852296829223632812e+00,3.223164007067680359e-02,1.164725530484313595e+03
3.912209272384643555e+00,2.112607479095458984e+00,7.349450588226318359e+00,3.836982324719429016e-02,2.205000000000000000e+03
5.893938064575195312e+00,2.479772567749023438e+00,7.861391067504882812e+00,4.154250398278236389e-02,2.205000000000000000e+03
7.865797519683837891e+00,3.803620100021362305e+00,6.922384262084960938e+00,4.274354875087738037e-02,2.205000000000000000e+03
8.168097496032714844e+00,4.122923851013183594e+00,6.549732208251953125e+00,3.790300339460372925e-02,2.205000000000000000e+03
9.317762374877929688e+00,5.797370433807373047e+00,4.526381492614746094e+00,2.954739704728126526e-02,1.392691552694338498e+03
9.440556526184082031e+00,6.000622272491455078e+00,4.311245918273925781e+00,2.001573890447616577e-02,1.396417235772665435e+03
9.534737586975097656e+00,5.898865222930908203e+00,3.977448225021362305e+00,1.647555828094482422e-02,2.205000000000000000e+03
8.749381065368652344e+00,4.821077823638916016e+00,3.273284435272216797e+00,1.684887707233428955e-02,1.441780508142469216e+03
8.139154434204101562e+00,3.645458221435546875e+00,2.596215963363647461e+00,1.395811233669519424e-02,1.821201059324015205e+03
7.530339241027832031e+00,6.897106766700744629e-01,8.780164122581481934e-01,1.755451969802379608e-02,1.753408313237742277e+03
8.695327758789062500e+00,-1.135085225105285645e+00,1.131888747215270996e+00,2.498289942741394043e-02,1.642658400173084601e+03
8.827407836914062500e+00,-1.270856261253356934e+00,1.209517955780029297e+00,2.488692291080951691e-02,1.641641804641087674e+03
8.987996101379394531e+00,-1.382427930831909180e+00,1.222009181976318359e+00,2.413711138069629669e-02,1.607172013568433613e+03
9.200284004211425781e+00,-1.387343883514404297e+00,1.234086751937866211e+00,2.253938093781471252e-02,1.595045053605064140e+03
9.491953849792480469e+00,6.083365440368652344e+00,3.684674263000488281e+00,1.385140419006347656e-02,1.682678903687913817e+03
6.041336655616760254e-01,4.657499790191650391e+00,4.030918121337890625e+00,1.739331707358360291e-02,5.008285305945757386e+02
-2.689116895198822021e-01,4.953288555145263672e+00,3.881216287612915039e+00,2.013262361288070679e-02,1.831033020451803395e+03
-1.155133962631225586e+00,5.068257331848144531e+00,3.991046667098999023e+00,2.402398921549320221e-02,1.810921818003984072e+03
4.268075823783874512e-01,4.388093471527099609e+00,4.248140811920166016e+00,2.606050111353397369e-02,7.114435263632227588e+02
4.723122715950012207e-01,4.354640483856201172e+00,4.276360511779785156e+00,2.418445050716400146e-02,7.887637985112404522e+02
4.309417903423309326e-01,4.322885513305664062e+00,4.301534652709960938e+00,2.098644152283668518e-02,8.837629758284545005e+02
1.441405057907104492e+00,3.289402008056640625e+00,5.468256950378417969e+00,1.648204773664474487e-02,1.171019298453047895e+03
8.553198814392089844e+00,5.474210262298583984e+00,3.606141090393066406e+00,1.703234575688838959e-02,2.205000000000000000e+03
7.956207275390625000e+00,4.025916576385498047e+00,6.709416866302490234e+00,1.643279008567333221e-02,2.205000000000000000e+03
7.820063114166259766e+00,3.836072683334350586e+00,6.879014492034912109e+00,1.723362877964973450e-02,2.205000000000000000e+03
8.117923736572265625e+00,4.085056304931640625e+00,6.640211105346679688e+00,1.716240681707859039e-02,2.205000000000000000e+03
8.279393196105957031e+00,4.282719612121582031e+00,6.398258686065673828e+00,1.294427830725908279e-02,1.386727959722610422e+03
9.485493659973144531e+00,6.010403633117675781e+00,4.390365600585937500e+00,1.421527750790119171e-02,1.375271617313625939e+03
9.551168441772460938e+00,6.086921691894531250e+00,4.310751914978027344e+00,1.295272167772054672e-02,2.205000000000000000e+03
9.699216842651367188e+00,6.249296188354492188e+00,4.341138362884521484e+00,1.286237034946680069e-02,2.205000000000000000e+03
9.768136978149414062e+00,6.336586952209472656e+00,4.312933444976806641e+00,1.385975815355777740e-02,2.205000000000000000e+03
1.156654739379882812e+01,8.624610900878906250e+00,3.258603811264038086e+00,1.253709290176630020e-02,2.205000000000000000e+03
1.152430629730224609e+01,8.635603904724121094e+00,3.278782367706298828e+00,1.319203246384859085e-02,2.205000000000000000e+03
1.147643947601318359e+01,8.614528656005859375e+00,3.323995351791381836e+00,1.316371094435453415e-02,2.205000000000000000e+03
1.170384788513183594e+01,8.690362930297851562e+00,3.211676597595214844e+00,1.694617420434951782e-02,2.205000000000000000e+03
1.185885810852050781e+01,8.793725967407226562e+00,3.084519624710083008e+00,1.845205575227737427e-02,2.205000000000000000e+03
1.193323802947998047e+01,8.815058708190917969e+00,3.067325592041015625e+00,1.889673247933387756e-02,2.205000000000000000e+03
1.190102577209472656e+01,8.848661422729492188e+00,3.063043355941772461e+00,1.738990657031536102e-02,2.205000000000000000e+03
1.192327404022216797e+01,8.850753784179687500e+00,3.051497697830200195e+00,1.256483234465122223e-02,2.205000000000000000e+03
1.200830936431884766e+01,8.919379234313964844e+00,2.969912767410278320e+00,9.381785057485103607e-03,2.205000000000000000e+03
1.206688499450683594e+01,8.893263816833496094e+00,3.047161340713500977e+00,9.107681922614574432e-03,2.205000000000000000e+03
1.234174728393554688e+01,8.402422904968261719e+00,3.200010299682617188e+00,1.043186336755752563e-02,2.205000000000000000e+03
1.205438804626464844e+01,7.438477516174316406e+00,3.365937232971191406e+00,1.092971116304397583e-02,2.205000000000000000e+03
1.190392780303955078e+01,7.364640712738037109e+00,3.341835260391235352e+00,9.756581857800483704e-03,2.205000000000000000e+03
1.189355850219726562e+01,7.406247615814208984e+00,3.594810247421264648e+00,8.516954258084297180e-03,2.205000000000000000e+03
1.221114444732666016e+01,7.932367801666259766e+00,3.505206108093261719e+00,7.732097990810871124e-03,2.205000000000000000e+03
1.235541439056396484e+01,8.194903373718261719e+00,3.322783470153808594e+00,6.071042269468307495e-03,2.205000000000000000e+03
1.239900779724121094e+01,8.320229530334472656e+00,3.261727809906005859e+00,7.334553636610507965e-03,2.205000000000000000e+03
1.239732742309570312e+01,8.416975975036621094e+00,3.174451828002929688e+00,7.191552314907312393e-03,2.205000000000000000e+03
1.239116954803466797e+01,8.420735359191894531e+00,3.170667171478271484e+00,6.414863280951976776e-03,2.205000000000000000e+03
9.837713241577148438e+00,9.762592315673828125e+00,3.323029994964599609e+00,7.531524170190095901e-03,2.205000000000000000e+03
9.747332572937011719e+00,9.785766601562500000e+00,3.354622602462768555e+00,6.996519397944211960e-03,2.205000000000000000e+03
1.133759975433349609e+01,6.997421741485595703e+00,2.969972610473632812e+00,7.768007926642894745e-03,2.205000000000000000e+03
1.137578392028808594e+01,8.565201759338378906e+00,3.380554199218750000e+00,1.190649718046188354e-02,2.205000000000000000e+03
1.180069828033447266e+01,8.689153671264648438e+00,3.399948120117187500e+00,1.234011538326740265e-02,2.205000000000000000e+03
1.190839958190917969e+01,8.892681121826171875e+00,3.270572423934936523e+00,1.191483158618211746e-02,2.205000000000000000e+03
1.151329994201660156e+01,9.563529968261718750e+00,2.218590259552001953e+00,1.115703955292701721e-02,2.205000000000000000e+03
1.148922920227050781e+01,9.677060127258300781e+00,2.093338251113891602e+00,6.500300485640764236e-03,5.896049588067987770e+02
1.178526210784912109e+01,9.996644020080566406e+00,1.695686459541320801e+00,4.713770933449268341e-03,5.329879796267688334e+02
1.198111820220947266e+01,1.011931610107421875e+01,1.471864461898803711e+00,5.368473939597606659e-03,5.403715760276099900e+02
1.193479824066162109e+01,1.013461017608642578e+01,1.493627309799194336e+00,5.721702240407466888e-03,5.371876268093512863e+02
1.202175235748291016e+01,1.010880851745605469e+01,1.430706501007080078e+00,6.079825107008218765e-03,6.523668639053254026e+01
1.219060993194580078e+01,9.958189964294433594e+00,1.345726966857910156e+00,5.458528175950050354e-03,6.523668639053254026e+01
1.228718566894531250e+01,9.847299575805664062e+00,1.336351871490478516e+00,4.963843151926994324e-03,6.523668639053254026e+01
1.219752502441406250e+01,9.825648307800292969e+00,1.513490915298461914e+00,6.228893529623746872e-03,6.523668639053254026e+01
1.187962150573730469e+01,9.849392890930175781e+00,2.560819387435913086e+00,6.785382051020860672e-03,2.205000000000000000e+03
1.182269382476806641e+01,9.246289253234863281e+00,2.932172536849975586e+00,6.796688307076692581e-03,2.205000000000000000e+03
1.198230075836181641e+01,8.160376548767089844e+00,2.960475206375122070e+00,6.849864963442087173e-03,2.205000000000000000e+03
1.205363464355468750e+01,8.164841651916503906e+00,2.981629848480224609e+00,6.696987431496381760e-03,2.205000000000000000e+03
1.207386970520019531e+01,8.183484077453613281e+00,2.949415683746337891e+00,8.551188744604587555e-03,2.205000000000000000e+03
1.205071544647216797e+01,8.188140869140625000e+00,2.894377470016479492e+00,1.105227973312139511e-02,2.205000000000000000e+03
1.231175899505615234e+01,8.508442878723144531e+00,2.591384172439575195e+00,1.241492759436368942e-02,2.205000000000000000e+03
1.225677394866943359e+01,8.571355819702148438e+00,2.518477678298950195e+00,1.222942303866147995e-02,2.205000000000000000e+03
1.226378917694091797e+01,8.691948890686035156e+00,2.520793437957763672e+00,1.055219955742359161e-02,2.205000000000000000e+03
1.223736763000488281e+01,8.789858818054199219e+00,2.567189216613769531e+00,8.456057868897914886e-03,2.205000000000000000e+03
1.224828529357910156e+01,8.861916542053222656e+00,2.569813489913940430e+00,6.359390448778867722e-03,2.205000000000000000e+03
1.222402381896972656e+01,8.929219245910644531e+00,2.534098863601684570e+00,5.607701838016510010e-03,2.205000000000000000e+03
1.213941669464111328e+01,8.990647315979003906e+00,2.455009222030639648e+00,5.451655946671962738e-03,2.205000000000000000e+03
1.215453624725341797e+01,9.048526763916015625e+00,2.509261608123779297e+00,4.595070146024227142e-03,9.314362874901563316e+01
1.253564643859863281e+01,1.149428272247314453e+01,2.258445262908935547e+00,5.072697065770626068e-03,9.567481222349452707e+01
1.285073852539062500e+01,1.198279666900634766e+01,2.206952810287475586e+00,5.302042700350284576e-03,2.205000000000000000e+03
1.290896892547607422e+01,1.210611152648925781e+01,2.193766593933105469e+00,5.163456778973340988e-03,2.205000000000000000e+03
1.295040988922119141e+01,1.215993118286132812e+01,2.188689470291137695e+00,5.087032914161682129e-03,2.205000000000000000e+03
1.299141025543212891e+01,1.221875286102294922e+01,2.170416593551635742e+00,4.000165034085512161e-03,2.205000000000000000e+03
1.300405406951904297e+01,1.224750328063964844e+01,2.180999994277954102e+00,2.926290500909090042e-03,2.205000000000000000e+03
1.300761890411376953e+01,1.225652027130126953e+01,2.181261539459228516e+00,2.867707982659339905e-03,2.205000000000000000e+03
1.304084205627441406e+01,1.230578136444091797e+01,2.175261259078979492e+00,2.578097861260175705e-03,6.523668639053254026e+01
1.303622436523437500e+01,1.230003738403320312e+01,2.176983356475830078e+00,3.523369552567601204e-03,6.523668639053254026e+01
1.299047470092773438e+01,1.223096942901611328e+01,2.188143014907836914e+00,3.766591893509030342e-03,2.205000000000000000e+03
1.294228458404541016e+01,1.217242431640625000e+01,2.197816848754882812e+00,3.699417226016521454e-03,6.523668639053254026e+01
1.299401664733886719e+01,1.224075317382812500e+01,2.187047481536865234e+00,3.531964961439371109e-03,6.523668639053254026e+01
1.306633567810058594e+01,1.234124183654785156e+01,2.172572374343872070e+00,2.067181747406721115e-03,6.523668639053254026e+01
1.310212326049804688e+01,1.239226531982421875e+01,2.164982795715332031e+00,1.318651833571493626e-03,6.523668639053254026e+01
1.314915180206298828e+01,1.244427394866943359e+01,2.170418977737426758e+00,1.346552395261824131e-03,6.523668639053254026e+01
1.314723110198974609e+01,1.244508743286132812e+01,2.163343191146850586e+00,1.516943681053817272e-03,6.523668639053254026e+01
1.316335010528564453e+01,1.246301078796386719e+01,2.162586688995361328e+00,1.379537861794233322e-03,2.205000000000000000e+03
1.317298316955566406e+01,1.247498226165771484e+01,2.159629344940185547e+00,1.450525363907217979e-03,2.205000000000000000e+03
1.315990161895751953e+01,1.246170711517333984e+01,2.171417951583862305e+00,1.251508831046521664e-03,2.205000000000000000e+03
1.317188930511474609e+01,1.247434902191162109e+01,2.162449359893798828e+00,8.784045348875224590e-04,2.205000000000000000e+03
1.317230033874511719e+01,1.247539424896240234e+01,2.162369251251220703e+00,6.709781009703874588e-04,2.205000000000000000e+03
